graph,p,degree,noise,m,scale,seed,method,seconds,h,score,G_gamma,shd,sid,precision,recall,acyclic,n_true_edges,n_est_edges,varsortability,error
er,5,1,gaussian,100,raw,0,poly_prox,0.1369,4.9968377269355725e-06,2.9287557151541828,0.002936037727356336,0,0,1.0,1.0,1,2,2,1.0,
er,5,1,gaussian,100,raw,0,poly_lbfgs,0.1368,7.44810134563674e-09,2.933152176451197,0.7900850235398647,0,0,1.0,1.0,1,2,2,1.0,
er,5,1,gaussian,100,raw,0,notears,0.1134,8.68710792190086e-09,2.9338696288698043,0.7576145780297754,0,0,1.0,1.0,1,2,2,1.0,
er,5,1,gaussian,100,raw,0,sort,0.0002,0.0,2.9752017121911214,,0,0,1.0,1.0,1,2,2,1.0,
er,5,1,gaussian,100,raw,0,pc,2.594,,,,2,,1.0,0.0,0,2,4,1.0,
er,5,1,gaussian,100,raw,0,ges,0.0156,,,,2,,1.0,0.0,0,2,4,1.0,
er,5,1,gaussian,1000,raw,0,poly_prox,0.1681,4.087031258872164e-06,2.6974330898667596,0.007859231198067949,0,0,1.0,1.0,1,2,2,1.0,
er,5,1,gaussian,1000,raw,0,poly_lbfgs,0.0971,5.6688887979099465e-09,2.7016973472811743,0.7806775917167225,0,0,1.0,1.0,1,2,2,1.0,
er,5,1,gaussian,1000,raw,0,notears,0.0884,5.323305352078478e-09,2.7007011829890915,0.7690702575257394,0,0,1.0,1.0,1,2,2,1.0,
er,5,1,gaussian,1000,raw,0,sort,0.0016,0.0,2.724754058996564,,0,0,1.0,1.0,1,2,2,1.0,
er,5,1,gaussian,1000,raw,0,pc,0.0017,,,,2,,1.0,0.0,0,2,4,1.0,
er,5,1,gaussian,1000,raw,0,ges,0.0016,,,,2,,1.0,0.0,0,2,4,1.0,
er,10,1,gaussian,100,raw,0,poly_prox,0.2192,1.1708894481283832e-05,5.609369731115808,0.03131249061113573,0,0,1.0,1.0,1,4,4,1.0,
er,10,1,gaussian,100,raw,0,poly_lbfgs,0.2066,1.3389402206432012e-09,5.629082707927864,1.795256014492655,0,0,1.0,1.0,1,4,4,1.0,
er,10,1,gaussian,100,raw,0,notears,0.1702,3.555065575255867e-09,5.629189785506951,1.3244218453572154,0,0,1.0,1.0,1,4,4,1.0,
er,10,1,gaussian,100,raw,0,sort,0.0005,0.0,5.803548173217304,,0,0,1.0,1.0,1,4,4,1.0,
er,10,1,gaussian,100,raw,0,pc,0.0044,,,,4,,0.0,0.0,0,4,6,1.0,
er,10,1,gaussian,100,raw,0,ges,0.0112,,,,5,,0.3333333333333333,0.5,0,4,8,1.0,
er,10,1,gaussian,1000,raw,0,poly_prox,0.1985,6.0533886160740295e-06,5.467767510559424,0.018865084826908785,0,0,1.0,1.0,1,4,4,1.0,
er,10,1,gaussian,1000,raw,0,poly_lbfgs,0.1952,2.0115208707672642e-09,5.47684941249693,1.3900783568649506,0,0,1.0,1.0,1,4,4,1.0,
er,10,1,gaussian,1000,raw,0,notears,0.1563,9.63619761762402e-09,5.475764425925043,1.812596624870757,0,0,1.0,1.0,1,4,4,1.0,
er,10,1,gaussian,1000,raw,0,sort,0.0013,0.0,5.584246761315053,,0,0,1.0,1.0,1,4,4,1.0,
er,10,1,gaussian,1000,raw,0,pc,0.0035,,,,5,,0.0,0.0,0,4,8,1.0,
er,10,1,gaussian,1000,raw,0,ges,0.0074,,,,2,,0.75,0.75,0,4,6,1.0,
er,20,1,gaussian,100,raw,0,poly_prox,0.3923,2.0152066392500312e-05,11.277487856835192,0.21013971263761477,0,0,1.0,1.0,1,12,12,1.0,
er,20,1,gaussian,100,raw,0,poly_lbfgs,0.3395,3.6174362054072026e-09,11.352471523393124,230.705526287171,0,0,1.0,1.0,1,12,12,1.0,
er,20,1,gaussian,100,raw,0,notears,0.2652,3.180041119321686e-09,11.353425553444605,217.3312242815139,0,0,1.0,1.0,1,12,12,1.0,
er,20,1,gaussian,100,raw,0,sort,0.0006,0.0,12.28585998106869,,2,0,0.8571428571428571,1.0,1,12,14,1.0,
er,20,1,gaussian,100,raw,0,pc,0.0136,,,,6,,1.0,0.5,0,12,14,1.0,
er,20,1,gaussian,100,raw,0,ges,0.1049,,,,9,,0.6470588235294118,0.9166666666666666,0,12,23,1.0,
er,20,1,gaussian,1000,raw,0,poly_prox,0.4011,1.0217300260397828e-05,11.280746639515998,0.04547697941416033,0,0,1.0,1.0,1,12,12,1.0,
er,20,1,gaussian,1000,raw,0,poly_lbfgs,0.4491,3.1496523188260034e-09,11.303673499423851,3.3021624617593233,0,0,1.0,1.0,1,12,12,1.0,
er,20,1,gaussian,1000,raw,0,notears,0.2641,3.0361633207576233e-09,11.310571764607655,3.3029089201696054,0,0,1.0,1.0,1,12,12,1.0,
er,20,1,gaussian,1000,raw,0,sort,0.0019,0.0,11.743987857290161,,0,0,1.0,1.0,1,12,12,1.0,
er,20,1,gaussian,1000,raw,0,pc,0.0167,,,,5,,0.8888888888888888,0.6666666666666666,0,12,17,1.0,
er,20,1,gaussian,1000,raw,0,ges,0.0531,,,,5,,0.8181818181818182,0.75,0,12,17,1.0,
er,5,1,gaussian,100,raw,1,poly_prox,0.0357,5.0994352819385884e-08,2.4431512677491574,2.420926249829736e-07,0,0,1.0,1.0,1,0,0,1.0,
er,5,1,gaussian,100,raw,1,poly_lbfgs,0.0008,0.0,2.4442804832520375,0.049395879626756754,0,0,1.0,1.0,1,0,0,1.0,
er,5,1,gaussian,100,raw,1,notears,0.0005,0.0,2.4442804832520375,0.049395879626756754,0,0,1.0,1.0,1,0,0,1.0,
er,5,1,gaussian,100,raw,1,sort,0.0001,0.0,2.4987395884023886,,0,0,1.0,1.0,1,0,0,1.0,
er,5,1,gaussian,100,raw,1,pc,0.0015,,,,0,0,1.0,1.0,1,0,0,1.0,
er,5,1,gaussian,100,raw,1,ges,0.0006,,,,0,0,1.0,1.0,1,0,0,1.0,
er,5,1,gaussian,1000,raw,1,poly_prox,0.0001,0.0,2.4631976297026887,0.0,0,0,1.0,1.0,1,0,0,1.0,
er,5,1,gaussian,1000,raw,1,poly_lbfgs,0.0006,0.0,2.4631976297026887,0.0,0,0,1.0,1.0,1,0,0,1.0,
er,5,1,gaussian,1000,raw,1,notears,0.0005,0.0,2.4631976297026887,0.0,0,0,1.0,1.0,1,0,0,1.0,
er,5,1,gaussian,1000,raw,1,sort,0.0001,0.0,2.481551006822963,,0,0,1.0,1.0,1,0,0,1.0,
er,5,1,gaussian,1000,raw,1,pc,0.0007,,,,1,,1.0,1.0,0,0,2,1.0,
er,5,1,gaussian,1000,raw,1,ges,0.0005,,,,0,0,1.0,1.0,1,0,0,1.0,
er,10,1,gaussian,100,raw,1,poly_prox,0.2634,7.347048854466303e-06,5.42405445549547,0.5503978320174532,2,2,0.8571428571428571,0.8571428571428571,1,7,7,1.0,
er,10,1,gaussian,100,raw,1,poly_lbfgs,0.2142,5.058074757579803e-09,5.435454957457525,2.607489344300033,3,1,0.75,0.8571428571428571,1,7,8,1.0,
er,10,1,gaussian,100,raw,1,notears,0.1588,1.2975949204019344e-09,5.43757838893414,3.2888927879489125,3,1,0.75,0.8571428571428571,1,7,8,1.0,
er,10,1,gaussian,100,raw,1,sort,0.0002,0.0,5.776403902280335,,1,0,0.875,1.0,1,7,8,1.0,
er,10,1,gaussian,100,raw,1,pc,0.0061,,,,9,,1.0,0.0,0,7,12,1.0,
er,10,1,gaussian,100,raw,1,ges,0.0145,,,,3,1,0.75,0.8571428571428571,1,7,8,1.0,
er,10,1,gaussian,1000,raw,1,poly_prox,0.2623,7.184894358850712e-06,5.9270893928699016,0.32524340779113325,2,2,0.8571428571428571,0.8571428571428571,1,7,7,1.0,
er,10,1,gaussian,1000,raw,1,poly_lbfgs,0.1767,5.754937030918004e-09,5.946806800914242,2.9387736279157974,2,2,0.8571428571428571,0.8571428571428571,1,7,7,1.0,
er,10,1,gaussian,1000,raw,1,notears,0.15,4.657918495354352e-09,5.94109024661029,3.384303094651554,2,2,0.8571428571428571,0.8571428571428571,1,7,7,1.0,
er,10,1,gaussian,1000,raw,1,sort,0.0005,0.0,6.070203062716446,,0,0,1.0,1.0,1,7,7,1.0,
er,10,1,gaussian,1000,raw,1,pc,0.0049,,,,2,,1.0,0.7142857142857143,0,7,9,1.0,
er,10,1,gaussian,1000,raw,1,ges,0.0135,,,,2,,1.0,0.7142857142857143,0,7,9,1.0,
er,20,1,gaussian,100,raw,1,poly_prox,0.3929,4.645072155799062e-06,11.134588071958461,2.0240594654201716,2,5,0.9,0.8181818181818182,1,11,10,1.0,
er,20,1,gaussian,100,raw,1,poly_lbfgs,0.317,7.86483362043561e-09,11.116697183896013,10.538503847927803,1,4,0.9090909090909091,0.9090909090909091,1,11,11,1.0,
er,20,1,gaussian,100,raw,1,notears,0.2562,7.947914326678074e-09,11.11611144181019,12.276776966204931,1,4,0.9090909090909091,0.9090909090909091,1,11,11,1.0,
er,20,1,gaussian,100,raw,1,sort,0.0006,0.0,12.061373681806263,,2,0,0.8461538461538461,1.0,1,11,13,1.0,
er,20,1,gaussian,100,raw,1,pc,0.0099,,,,9,,0.6666666666666666,0.36363636363636365,0,11,18,1.0,
er,20,1,gaussian,100,raw,1,ges,0.0589,,,,8,,0.6153846153846154,0.7272727272727273,0,11,19,1.0,
er,20,1,gaussian,1000,raw,1,poly_prox,0.3952,1.0030213526324101e-05,11.35891726119594,0.10988270023932376,1,3,1.0,0.9090909090909091,1,11,10,1.0,
er,20,1,gaussian,1000,raw,1,poly_lbfgs,0.3435,1.2304002795544779e-09,11.371638502026446,4.002767123216449,0,0,1.0,1.0,1,11,11,1.0,
er,20,1,gaussian,1000,raw,1,notears,0.249,4.0068108830837446e-09,11.369123877368406,3.286512791075702,0,0,1.0,1.0,1,11,11,1.0,
er,20,1,gaussian,1000,raw,1,sort,0.0016,0.0,11.801517386703972,,0,0,1.0,1.0,1,11,11,1.0,
er,20,1,gaussian,1000,raw,1,pc,0.0125,,,,10,,0.42857142857142855,0.5454545454545454,0,11,18,1.0,
er,20,1,gaussian,1000,raw,1,ges,0.0561,,,,6,,0.75,0.8181818181818182,0,11,18,1.0,
er,5,1,gaussian,100,raw,2,poly_prox,0.1179,2.5080383256607877e-06,2.303579166657259,0.001260388828516553,0,0,1.0,1.0,1,1,1,1.0,
er,5,1,gaussian,100,raw,2,poly_lbfgs,0.1559,5.415799802235956e-09,2.305263829523838,0.5808656788857596,0,0,1.0,1.0,1,1,1,1.0,
er,5,1,gaussian,100,raw,2,notears,0.1358,5.3998281401845816e-09,2.305245231981245,0.47019636753072286,0,0,1.0,1.0,1,1,1,1.0,
er,5,1,gaussian,100,raw,2,sort,0.0001,0.0,2.347920964193129,,0,0,1.0,1.0,1,1,1,1.0,
er,5,1,gaussian,100,raw,2,pc,0.0015,,,,1,,1.0,0.0,0,1,2,1.0,
er,5,1,gaussian,100,raw,2,ges,0.0012,,,,1,,1.0,0.0,0,1,2,1.0,
er,5,1,gaussian,1000,raw,2,poly_prox,0.1217,3.068169535974612e-06,2.5125486059169178,0.001063255043701781,0,0,1.0,1.0,1,1,1,1.0,
er,5,1,gaussian,1000,raw,2,poly_lbfgs,0.1231,5.497171902660426e-09,2.5143417816528433,0.6742590323500959,0,0,1.0,1.0,1,1,1,1.0,
er,5,1,gaussian,1000,raw,2,notears,0.0965,4.33881552908133e-09,2.515087224660419,0.5739694558859352,0,0,1.0,1.0,1,1,1,1.0,
er,5,1,gaussian,1000,raw,2,sort,0.0002,0.0,2.5373105378701126,,0,0,1.0,1.0,1,1,1,1.0,
er,5,1,gaussian,1000,raw,2,pc,0.0008,,,,1,,1.0,0.0,0,1,2,1.0,
er,5,1,gaussian,1000,raw,2,ges,0.0011,,,,1,,1.0,0.0,0,1,2,1.0,
er,10,1,gaussian,100,raw,2,poly_prox,0.2265,9.944898050698842e-06,5.584659972213275,0.06059646364654151,0,0,1.0,1.0,1,3,3,1.0,
er,10,1,gaussian,100,raw,2,poly_lbfgs,0.1986,1.0464223186035704e-09,5.598988584789216,2.976179022354356,0,0,1.0,1.0,1,3,3,1.0,
er,10,1,gaussian,100,raw,2,notears,0.1755,7.015401592980197e-10,5.599002840334658,1.4107797225403818,0,0,1.0,1.0,1,3,3,1.0,
er,10,1,gaussian,100,raw,2,sort,0.0002,0.0,5.8282784588786996,,0,0,1.0,1.0,1,3,3,1.0,
er,10,1,gaussian,100,raw,2,pc,0.0039,,,,4,,1.0,0.0,0,3,8,1.0,
er,10,1,gaussian,100,raw,2,ges,0.0063,,,,4,,1.0,0.0,0,3,8,1.0,
er,10,1,gaussian,1000,raw,2,poly_prox,0.2268,5.630982386677502e-06,5.504749249578813,0.009431658685922346,0,0,1.0,1.0,1,3,3,1.0,
er,10,1,gaussian,1000,raw,2,poly_lbfgs,0.1907,8.00365292864748e-09,5.51101947727749,2.059881110292657,0,0,1.0,1.0,1,3,3,1.0,
er,10,1,gaussian,1000,raw,2,notears,0.1491,7.630186260598748e-09,5.511143511866912,2.0251604033244304,0,0,1.0,1.0,1,3,3,1.0,
er,10,1,gaussian,1000,raw,2,sort,0.0005,0.0,5.627525002017786,,0,0,1.0,1.0,1,3,3,1.0,
er,10,1,gaussian,1000,raw,2,pc,0.0024,,,,4,,1.0,0.0,0,3,8,1.0,
er,10,1,gaussian,1000,raw,2,ges,0.005,,,,3,,1.0,0.0,0,3,6,1.0,
er,20,1,gaussian,100,raw,2,poly_prox,0.3585,2.2068888660635136e-05,11.157225166322021,0.2378524411837418,0,0,1.0,1.0,1,12,12,1.0,
er,20,1,gaussian,100,raw,2,poly_lbfgs,0.3223,9.14865905103481e-09,11.245339268015732,3045.018074801616,0,0,1.0,1.0,1,12,12,1.0,
er,20,1,gaussian,100,raw,2,notears,0.2617,1.0586337140239266e-08,11.24237948745063,2457.5050949007737,0,0,1.0,1.0,1,12,12,1.0,
er,20,1,gaussian,100,raw,2,sort,0.0005,0.0,12.185584103465654,,5,0,0.7058823529411765,1.0,1,12,17,1.0,
er,20,1,gaussian,100,raw,2,pc,0.0144,,,,12,,0.4166666666666667,0.4166666666666667,0,12,18,1.0,
er,20,1,gaussian,100,raw,2,ges,0.1252,,,,19,,0.42105263157894735,0.6666666666666666,0,12,35,1.0,
er,20,1,gaussian,1000,raw,2,poly_prox,0.3574,1.0218196824290593e-05,11.237316765060472,0.05257789590166176,0,0,1.0,1.0,1,12,12,1.0,
er,20,1,gaussian,1000,raw,2,poly_lbfgs,0.3678,9.293453875747368e-10,11.267739013980076,4.044806119346559,0,0,1.0,1.0,1,12,12,1.0,
er,20,1,gaussian,1000,raw,2,notears,0.2492,3.381504853905426e-09,11.269293775592478,3.292431590651915,0,0,1.0,1.0,1,12,12,1.0,
er,20,1,gaussian,1000,raw,2,sort,0.0015,0.0,11.723940403767946,,0,0,1.0,1.0,1,12,12,1.0,
er,20,1,gaussian,1000,raw,2,pc,0.0148,,,,4,,1.0,0.6666666666666666,0,12,16,1.0,
er,20,1,gaussian,1000,raw,2,ges,0.0536,,,,5,,1.0,0.6666666666666666,0,12,18,1.0,
er,5,1,gaussian,100,standardized,0,poly_prox,0.1458,4.271808941728657e-06,2.1938947447105286,0.0001936088421231739,0,0,1.0,1.0,1,2,2,0.5,
er,5,1,gaussian,100,standardized,0,poly_lbfgs,0.1418,5.211660484257164e-09,2.199696774274241,0.7502507507659762,0,0,1.0,1.0,1,2,2,0.5,
er,5,1,gaussian,100,standardized,0,notears,0.1174,5.436870509356595e-09,2.1977539785387794,0.5267749073954735,1,2,0.5,0.5,1,2,2,0.5,
er,5,1,gaussian,100,standardized,0,sort,0.0001,0.0,2.243450300957252,,2,4,0.0,0.0,1,2,2,0.5,
er,5,1,gaussian,100,standardized,0,pc,0.0014,,,,2,,1.0,0.0,0,2,4,0.5,
er,5,1,gaussian,100,standardized,0,ges,0.0016,,,,2,,1.0,0.0,0,2,4,0.5,
er,5,1,gaussian,1000,standardized,0,poly_prox,0.1272,3.279831472362951e-06,2.173377798909703,0.0025425908964328277,1,2,0.5,0.5,1,2,2,0.5,
er,5,1,gaussian,1000,standardized,0,poly_lbfgs,0.0699,5.626786953657661e-09,2.1760270990980906,0.6046167202931294,1,2,0.5,0.5,1,2,2,0.5,
er,5,1,gaussian,1000,standardized,0,notears,0.0563,5.30762989114919e-09,2.1760658518276768,0.5915977344791661,1,2,0.5,0.5,1,2,2,0.5,
er,5,1,gaussian,1000,standardized,0,sort,0.0002,0.0,2.2024979676326373,,2,4,0.0,0.0,1,2,2,0.5,
er,5,1,gaussian,1000,standardized,0,pc,0.0008,,,,2,,1.0,0.0,0,2,4,0.5,
er,5,1,gaussian,1000,standardized,0,ges,0.0015,,,,2,,1.0,0.0,0,2,4,0.5,
er,10,1,gaussian,100,standardized,0,poly_prox,0.1987,8.86233498299983e-06,4.354364632712088,0.007476252877580935,2,2,0.6,0.75,1,4,5,0.5,
er,10,1,gaussian,100,standardized,0,poly_lbfgs,0.175,4.20076743193341e-09,4.37116993421866,1.0219867084993146,3,6,0.4,0.5,1,4,5,0.5,
er,10,1,gaussian,100,standardized,0,notears,0.1481,3.6470932940346756e-09,4.371398301304037,0.970368826109926,2,6,0.5,0.5,1,4,4,0.5,
er,10,1,gaussian,100,standardized,0,sort,0.0002,0.0,4.626172059624833,,5,12,0.0,0.0,1,4,4,0.5,
er,10,1,gaussian,100,standardized,0,pc,0.0045,,,,4,,0.0,0.0,0,4,6,0.5,
er,10,1,gaussian,100,standardized,0,ges,0.0101,,,,5,,0.3333333333333333,0.5,0,4,8,0.5,
er,10,1,gaussian,1000,standardized,0,poly_prox,0.2046,5.89141467460348e-06,4.4201857784141225,0.004945810808517531,2,2,0.6,0.75,1,4,5,0.5,
er,10,1,gaussian,1000,standardized,0,poly_lbfgs,0.2228,2.6675786097876063e-09,4.428558383739576,1.0155810173843112,2,6,0.5,0.5,1,4,4,0.5,
er,10,1,gaussian,1000,standardized,0,notears,0.1528,2.526764575350171e-09,4.428746461957342,1.0625816392203005,3,6,0.4,0.5,1,4,5,0.5,
er,10,1,gaussian,1000,standardized,0,sort,0.0004,0.0,4.543334611296128,,3,6,0.4,0.5,1,4,5,0.5,
er,10,1,gaussian,1000,standardized,0,pc,0.0034,,,,5,,0.0,0.0,0,4,8,0.5,
er,10,1,gaussian,1000,standardized,0,ges,0.007,,,,2,,0.75,0.75,0,4,6,0.5,
er,20,1,gaussian,100,standardized,0,poly_prox,0.3272,1.673410445895823e-05,8.14628160686514,0.06769569314419015,9,30,0.36363636363636365,0.3333333333333333,1,12,11,0.5,
er,20,1,gaussian,100,standardized,0,poly_lbfgs,0.3322,3.826202842618394e-09,8.179682990265528,1.6916169138976624,9,31,0.36363636363636365,0.3333333333333333,1,12,11,0.5,
er,20,1,gaussian,100,standardized,0,notears,0.2423,3.983636531756929e-09,8.18277364528775,1.6930920876522053,9,31,0.36363636363636365,0.3333333333333333,1,12,11,0.5,
er,20,1,gaussian,100,standardized,0,sort,0.0006,0.0,9.583735587122995,,18,30,0.22727272727272727,0.4166666666666667,1,12,22,0.5,
er,20,1,gaussian,100,standardized,0,pc,0.0123,,,,6,,1.0,0.5,0,12,14,0.5,
er,20,1,gaussian,100,standardized,0,ges,0.0792,,,,9,,0.6470588235294118,0.9166666666666666,0,12,23,0.5,
er,20,1,gaussian,1000,standardized,0,poly_prox,0.3668,1.4266108203163067e-05,8.344764872100052,0.023546329095465657,11,39,0.2,0.16666666666666666,1,12,10,0.5,
er,20,1,gaussian,1000,standardized,0,poly_lbfgs,0.3206,2.634602174296511e-09,8.374673762964923,2.034344882506012,11,35,0.2222222222222222,0.16666666666666666,1,12,9,0.5,
er,20,1,gaussian,1000,standardized,0,notears,0.2664,7.854481509639299e-10,8.373890309786463,2.2180571160849945,10,34,0.3,0.25,1,12,10,0.5,
er,20,1,gaussian,1000,standardized,0,sort,0.0015,0.0,9.28064488773109,,18,38,0.15,0.25,1,12,20,0.5,
er,20,1,gaussian,1000,standardized,0,pc,0.0153,,,,5,,0.8888888888888888,0.6666666666666666,0,12,17,0.5,
er,20,1,gaussian,1000,standardized,0,ges,0.0521,,,,5,,0.8181818181818182,0.75,0,12,17,0.5,
er,5,1,gaussian,100,standardized,1,poly_prox,0.0384,4.105643374299858e-08,2.498166172060847,1.8831137264421506e-07,0,0,1.0,1.0,1,0,0,1.0,
er,5,1,gaussian,100,standardized,1,poly_lbfgs,0.0576,1.2140605816754512e-09,2.4992275159169792,0.3051912031785857,0,0,1.0,1.0,1,0,0,1.0,
er,5,1,gaussian,100,standardized,1,notears,0.0457,1.226017509736721e-09,2.49924829635564,0.30120528805055724,0,0,1.0,1.0,1,0,0,1.0,
er,5,1,gaussian,100,standardized,1,sort,0.0001,0.0,2.548784295491045,,0,0,1.0,1.0,1,0,0,1.0,
er,5,1,gaussian,100,standardized,1,pc,0.0018,,,,0,0,1.0,1.0,1,0,0,1.0,
er,5,1,gaussian,100,standardized,1,ges,0.0006,,,,0,0,1.0,1.0,1,0,0,1.0,
er,5,1,gaussian,1000,standardized,1,poly_prox,0.0001,0.0,2.5000000000000004,0.0,0,0,1.0,1.0,1,0,0,1.0,
er,5,1,gaussian,1000,standardized,1,poly_lbfgs,0.0006,0.0,2.5000000000000004,0.0,0,0,1.0,1.0,1,0,0,1.0,
er,5,1,gaussian,1000,standardized,1,notears,0.0004,0.0,2.5000000000000004,0.0,0,0,1.0,1.0,1,0,0,1.0,
er,5,1,gaussian,1000,standardized,1,sort,0.0001,0.0,2.5176383225115337,,0,0,1.0,1.0,1,0,0,1.0,
er,5,1,gaussian,1000,standardized,1,pc,0.0008,,,,1,,1.0,1.0,0,0,2,1.0,
er,5,1,gaussian,1000,standardized,1,ges,0.0006,,,,0,0,1.0,1.0,1,0,0,1.0,
er,10,1,gaussian,100,standardized,1,poly_prox,0.2343,2.4233910048084306e-06,3.5560736222453313,0.3313240832544371,8,14,0.25,0.2857142857142857,1,7,8,0.5,
er,10,1,gaussian,100,standardized,1,poly_lbfgs,0.1811,4.0254333824804185e-09,3.4925898272266274,1.2678317755979545,8,14,0.25,0.2857142857142857,1,7,8,0.5,
er,10,1,gaussian,100,standardized,1,notears,0.1688,3.814729865325717e-09,3.49153650031367,1.4383761324348638,8,14,0.25,0.2857142857142857,1,7,8,0.5,
er,10,1,gaussian,100,standardized,1,sort,0.0003,0.0,3.9161998548030352,,9,18,0.2,0.2857142857142857,1,7,10,0.5,
er,10,1,gaussian,100,standardized,1,pc,0.0059,,,,9,,1.0,0.0,0,7,12,0.5,
er,10,1,gaussian,100,standardized,1,ges,0.0151,,,,3,1,0.75,0.8571428571428571,1,7,8,0.5,
er,10,1,gaussian,1000,standardized,1,poly_prox,0.2263,2.1611019431614427e-06,3.6549879410937187,0.7261421286823025,7,19,0.2857142857142857,0.2857142857142857,1,7,7,0.5,
er,10,1,gaussian,1000,standardized,1,poly_lbfgs,0.1936,2.7266184450792317e-09,3.5406912540994817,1.0943425294242821,6,16,0.375,0.42857142857142855,1,7,8,0.5,
er,10,1,gaussian,1000,standardized,1,notears,0.155,2.6738504743661906e-09,3.540560688435771,1.0624236983205735,6,16,0.375,0.42857142857142855,1,7,8,0.5,
er,10,1,gaussian,1000,standardized,1,sort,0.0005,0.0,3.740669472706295,,10,28,0.0,0.0,1,7,8,0.5,
er,10,1,gaussian,1000,standardized,1,pc,0.0047,,,,2,,1.0,0.7142857142857143,0,7,9,0.5,
er,10,1,gaussian,1000,standardized,1,ges,0.013,,,,2,,1.0,0.7142857142857143,0,7,9,0.5,
er,20,1,gaussian,100,standardized,1,poly_prox,0.3633,9.615358923513015e-06,8.367893164646103,0.02646284696230657,12,22,0.15384615384615385,0.18181818181818182,1,11,13,0.5,
er,20,1,gaussian,100,standardized,1,poly_lbfgs,0.2909,5.851589339566729e-09,8.413270431333641,1.7786502411294838,10,21,0.2,0.18181818181818182,1,11,10,0.5,
er,20,1,gaussian,100,standardized,1,notears,0.2319,8.364825276885313e-09,8.417515178101002,2.0082953467250535,10,21,0.2,0.18181818181818182,1,11,10,0.5,
er,20,1,gaussian,100,standardized,1,sort,0.0006,0.0,9.802833175959893,,25,28,0.0,0.0,1,11,24,0.5,
er,20,1,gaussian,100,standardized,1,pc,0.0097,,,,9,,0.6666666666666666,0.36363636363636365,0,11,18,0.5,
er,20,1,gaussian,100,standardized,1,ges,0.0587,,,,8,,0.6153846153846154,0.7272727272727273,0,11,19,0.5,
er,20,1,gaussian,1000,standardized,1,poly_prox,0.384,6.441968492765013e-06,8.404873073445861,0.01518752385509693,12,22,0.15384615384615385,0.18181818181818182,1,11,13,0.5,
er,20,1,gaussian,1000,standardized,1,poly_lbfgs,0.3004,7.111259857433999e-10,8.43136312212995,2.218719042609816,9,20,0.2727272727272727,0.2727272727272727,1,11,11,0.5,
er,20,1,gaussian,1000,standardized,1,notears,0.225,2.478877547673619e-09,8.43089964044246,1.9501228001969382,10,20,0.25,0.2727272727272727,1,11,12,0.5,
er,20,1,gaussian,1000,standardized,1,sort,0.0016,0.0,9.090454370171486,,7,9,0.5,0.5454545454545454,1,11,12,0.5,
er,20,1,gaussian,1000,standardized,1,pc,0.0125,,,,10,,0.42857142857142855,0.5454545454545454,0,11,18,0.5,
er,20,1,gaussian,1000,standardized,1,ges,0.0548,,,,6,,0.75,0.8181818181818182,0,11,18,0.5,
er,5,1,gaussian,100,standardized,2,poly_prox,0.0899,3.5249537801891816e-06,2.343566745962852,0.0028849358933791904,1,2,0.0,0.0,1,1,1,0.5,
er,5,1,gaussian,100,standardized,2,poly_lbfgs,0.1664,1.2946600684215713e-09,2.348309941953473,0.6146003986434072,1,2,0.0,0.0,1,1,1,0.5,
er,5,1,gaussian,100,standardized,2,notears,0.1369,7.859032535861843e-09,2.347230309480026,0.42114061372597716,1,2,0.0,0.0,1,1,1,0.5,
er,5,1,gaussian,100,standardized,2,sort,0.0001,0.0,2.382927181464974,,0,0,1.0,1.0,1,1,1,0.5,
er,5,1,gaussian,100,standardized,2,pc,0.0014,,,,1,,1.0,0.0,0,1,2,0.5,
er,5,1,gaussian,100,standardized,2,ges,0.0012,,,,1,,1.0,0.0,0,1,2,0.5,
er,5,1,gaussian,1000,standardized,2,poly_prox,0.1191,2.610604583437731e-06,2.3450094316851082,0.0001703053679566714,1,2,0.0,0.0,1,1,1,0.5,
er,5,1,gaussian,1000,standardized,2,poly_lbfgs,0.1089,4.3234479693590155e-09,2.3467485767768017,0.5147079984208055,1,2,0.0,0.0,1,1,1,0.5,
er,5,1,gaussian,1000,standardized,2,notears,0.0897,4.194340874619229e-09,2.346675408910886,0.45754526914564725,1,2,0.0,0.0,1,1,1,0.5,
er,5,1,gaussian,1000,standardized,2,sort,0.0002,0.0,2.370362884404859,,1,2,0.0,0.0,1,1,1,0.5,
er,5,1,gaussian,1000,standardized,2,pc,0.0008,,,,1,,1.0,0.0,0,1,2,0.5,
er,5,1,gaussian,1000,standardized,2,ges,0.001,,,,1,,1.0,0.0,0,1,2,0.5,
er,10,1,gaussian,100,standardized,2,poly_prox,0.1817,2.4084117382534297e-05,4.02976020019028,0.0070410079943811895,2,6,0.3333333333333333,0.3333333333333333,1,3,3,0.5,
er,10,1,gaussian,100,standardized,2,poly_lbfgs,0.1891,4.537140672653452e-09,4.051649451535029,1.247594815712249,1,2,0.6666666666666666,0.6666666666666666,1,3,3,0.5,
er,10,1,gaussian,100,standardized,2,notears,0.1479,2.2205952632248227e-09,4.048884727792123,1.664790592080952,1,2,0.6666666666666666,0.6666666666666666,1,3,3,0.5,
er,10,1,gaussian,100,standardized,2,sort,0.0002,0.0,4.28981881579789,,2,3,0.5,0.6666666666666666,1,3,4,0.5,
er,10,1,gaussian,100,standardized,2,pc,0.0038,,,,4,,1.0,0.0,0,3,8,0.5,
er,10,1,gaussian,100,standardized,2,ges,0.0066,,,,4,,1.0,0.0,0,3,8,0.5,
er,10,1,gaussian,1000,standardized,2,poly_prox,0.1924,1.9860797347115518e-05,4.057694221186832,0.006425535432052617,3,8,0.0,0.0,1,3,3,0.5,
er,10,1,gaussian,1000,standardized,2,poly_lbfgs,0.1987,7.153139320025462e-09,4.104692972165419,1.0569589621927744,3,4,0.25,0.3333333333333333,1,3,4,0.5,
er,10,1,gaussian,1000,standardized,2,notears,0.1598,7.178391214779367e-09,4.10467181522444,1.0871027135874012,2,2,0.5,0.6666666666666666,1,3,4,0.5,
er,10,1,gaussian,1000,standardized,2,sort,0.0004,0.0,4.193051435477988,,3,7,0.25,0.3333333333333333,1,3,4,0.5,
er,10,1,gaussian,1000,standardized,2,pc,0.0026,,,,4,,1.0,0.0,0,3,8,0.5,
er,10,1,gaussian,1000,standardized,2,ges,0.005,,,,3,,1.0,0.0,0,3,6,0.5,
er,20,1,gaussian,100,standardized,2,poly_prox,0.3357,2.6235074035517274e-06,7.846454685917261,0.18546365450397054,8,26,0.46153846153846156,0.5,1,12,13,0.5,
er,20,1,gaussian,100,standardized,2,poly_lbfgs,0.3305,4.148318407901784e-09,7.853261895296868,351.0049652752701,9,27,0.4166666666666667,0.4166666666666667,1,12,12,0.5,
er,20,1,gaussian,100,standardized,2,notears,0.2692,4.62110705257146e-09,7.8482188906899015,681.2407501212266,9,27,0.4166666666666667,0.4166666666666667,1,12,12,0.5,
er,20,1,gaussian,100,standardized,2,sort,0.0005,0.0,9.451679043475801,,24,28,0.20689655172413793,0.5,1,12,29,0.5,
er,20,1,gaussian,100,standardized,2,pc,0.0148,,,,12,,0.4166666666666667,0.4166666666666667,0,12,18,0.5,
er,20,1,gaussian,100,standardized,2,ges,0.1272,,,,19,,0.42105263157894735,0.6666666666666666,0,12,35,0.5,
er,20,1,gaussian,1000,standardized,2,poly_prox,0.3535,7.961437068584506e-06,8.048913016600563,0.08916930456639727,10,30,0.3076923076923077,0.3333333333333333,1,12,13,0.5,
er,20,1,gaussian,1000,standardized,2,poly_lbfgs,0.3274,3.216456624738097e-09,8.052093775584087,2.0476302838382114,11,32,0.3076923076923077,0.3333333333333333,1,12,13,0.5,
er,20,1,gaussian,1000,standardized,2,notears,0.2593,2.5358524169405428e-09,8.049764541217279,1.9451555868493906,11,32,0.3076923076923077,0.3333333333333333,1,12,13,0.5,
er,20,1,gaussian,1000,standardized,2,sort,0.0014,0.0,8.775240008005483,,10,32,0.3333333333333333,0.3333333333333333,1,12,12,0.5,
er,20,1,gaussian,1000,standardized,2,pc,0.014,,,,4,,1.0,0.6666666666666666,0,12,16,0.5,
er,20,1,gaussian,1000,standardized,2,ges,0.0546,,,,5,,1.0,0.6666666666666666,0,12,18,0.5,
er,5,1,laplace,100,raw,0,poly_prox,0.0687,1.5584167136714352e-07,2.2322676897792295,0.0003120277015852912,0,0,1.0,1.0,1,0,0,1.0,
er,5,1,laplace,100,raw,0,poly_lbfgs,0.0645,7.363693873649823e-09,2.2329434631182687,0.3957930250551452,0,0,1.0,1.0,1,0,0,1.0,
er,5,1,laplace,100,raw,0,notears,0.0466,7.177868077690164e-09,2.233072063255174,0.40754401580856237,0,0,1.0,1.0,1,0,0,1.0,
er,5,1,laplace,100,raw,0,sort,0.0001,0.0,2.268696405822927,,0,0,1.0,1.0,1,0,0,1.0,
er,5,1,laplace,100,raw,0,pc,0.0015,,,,1,,1.0,1.0,0,0,2,1.0,
er,5,1,laplace,100,raw,0,ges,0.001,,,,1,,1.0,1.0,0,0,2,1.0,
er,5,1,laplace,1000,raw,0,poly_prox,0.0001,0.0,2.5723259804198193,0.0,0,0,1.0,1.0,1,0,0,1.0,
er,5,1,laplace,1000,raw,0,poly_lbfgs,0.0005,0.0,2.5723259804198193,0.0,0,0,1.0,1.0,1,0,0,1.0,
er,5,1,laplace,1000,raw,0,notears,0.0004,0.0,2.5723259804198193,0.0,0,0,1.0,1.0,1,0,0,1.0,
er,5,1,laplace,1000,raw,0,sort,0.0001,0.0,2.593708107111238,,0,0,1.0,1.0,1,0,0,1.0,
er,5,1,laplace,1000,raw,0,pc,0.0008,,,,2,0,0.0,1.0,1,0,2,1.0,
er,5,1,laplace,1000,raw,0,ges,0.0006,,,,0,0,1.0,1.0,1,0,0,1.0,
er,10,1,laplace,100,raw,0,poly_prox,0.235,9.764302611407634e-06,5.3400506607888865,0.06105787435135553,0,0,1.0,1.0,1,4,4,1.0,
er,10,1,laplace,100,raw,0,poly_lbfgs,0.2095,3.1014708040446835e-09,5.351856042262068,1.2646433618421205,0,0,1.0,1.0,1,4,4,1.0,
er,10,1,laplace,100,raw,0,notears,0.1565,2.6654092266653606e-09,5.351975252017424,1.1328082699127162,0,0,1.0,1.0,1,4,4,1.0,
er,10,1,laplace,100,raw,0,sort,0.0002,0.0,5.566572447547233,,0,0,1.0,1.0,1,4,4,1.0,
er,10,1,laplace,100,raw,0,pc,0.004,,,,2,,1.0,0.5,0,4,6,1.0,
er,10,1,laplace,100,raw,0,ges,0.0084,,,,4,,0.5,0.5,0,4,8,1.0,
er,10,1,laplace,1000,raw,0,poly_prox,0.2115,4.766994290302543e-06,5.508268438318341,0.00989645142254493,0,0,1.0,1.0,1,4,4,1.0,
er,10,1,laplace,1000,raw,0,poly_lbfgs,0.1854,8.926220486881239e-09,5.514546332965084,2.1839593157541373,0,0,1.0,1.0,1,4,4,1.0,
er,10,1,laplace,1000,raw,0,notears,0.1614,6.6186274239044e-09,5.513994696171276,1.5647055360031827,0,0,1.0,1.0,1,4,4,1.0,
er,10,1,laplace,1000,raw,0,sort,0.0004,0.0,5.626242964613826,,0,0,1.0,1.0,1,4,4,1.0,
er,10,1,laplace,1000,raw,0,pc,0.0028,,,,2,,0.75,0.75,0,4,6,1.0,
er,10,1,laplace,1000,raw,0,ges,0.0071,,,,3,,1.0,0.5,0,4,8,1.0,
er,20,1,laplace,100,raw,0,poly_prox,0.3783,7.21632660187901e-06,10.817075021767378,0.6158963726722462,3,5,0.8888888888888888,0.8,1,10,9,1.0,
er,20,1,laplace,100,raw,0,poly_lbfgs,0.3196,1.382045102526935e-08,10.795846181415145,2502.360095974602,2,1,0.9,0.9,1,10,10,1.0,
er,20,1,laplace,100,raw,0,notears,0.2587,1.6615054221347236e-08,10.798448612831992,9597.599265638766,2,1,0.9,0.9,1,10,10,1.0,
er,20,1,laplace,100,raw,0,sort,0.0005,0.0,11.987502074980952,,4,0,0.7142857142857143,1.0,1,10,14,1.0,
er,20,1,laplace,100,raw,0,pc,0.0115,,,,9,,1.0,0.2,0,10,18,1.0,
er,20,1,laplace,100,raw,0,ges,0.0575,,,,9,,0.5454545454545454,0.6,0,10,17,1.0,
er,20,1,laplace,1000,raw,0,poly_prox,0.3846,8.593689284761738e-06,11.282034697536885,0.43732577169356307,2,6,1.0,0.8,1,10,8,1.0,
er,20,1,laplace,1000,raw,0,poly_lbfgs,0.3057,4.8302220733843675e-09,11.311821480952787,4.167812798279909,2,6,1.0,0.8,1,10,8,1.0,
er,20,1,laplace,1000,raw,0,notears,0.2433,3.688182204086843e-09,11.29703971427258,3.9874089262960295,2,6,1.0,0.8,1,10,8,1.0,
er,20,1,laplace,1000,raw,0,sort,0.0014,0.0,11.677844690111895,,0,0,1.0,1.0,1,10,10,1.0,
er,20,1,laplace,1000,raw,0,pc,0.0129,,,,9,,1.0,0.2,0,10,20,1.0,
er,20,1,laplace,1000,raw,0,ges,0.0391,,,,8,,1.0,0.2,0,10,18,1.0,
er,5,1,laplace,100,raw,1,poly_prox,0.1566,5.229209417719426e-06,2.6423395055715533,0.013369856655434283,0,0,1.0,1.0,1,4,4,1.0,
er,5,1,laplace,100,raw,1,poly_lbfgs,0.1229,3.161665347785542e-09,2.6474732688838953,2.152908461933438,0,0,1.0,1.0,1,4,4,1.0,
er,5,1,laplace,100,raw,1,notears,0.1065,2.1817445627903e-09,2.648297323055927,1.6140582190904038,0,0,1.0,1.0,1,4,4,1.0,
er,5,1,laplace,100,raw,1,sort,0.0001,0.0,2.7297339892454326,,0,0,1.0,1.0,1,4,4,1.0,
er,5,1,laplace,100,raw,1,pc,0.0018,,,,0,0,1.0,1.0,1,4,4,1.0,
er,5,1,laplace,100,raw,1,ges,0.0024,,,,0,0,1.0,1.0,1,4,4,1.0,
er,5,1,laplace,1000,raw,1,poly_prox,0.1581,5.220722327669379e-06,3.0442364583011727,0.007793832138072378,0,0,1.0,1.0,1,4,4,1.0,
er,5,1,laplace,1000,raw,1,poly_lbfgs,0.1241,7.351268263361466e-09,3.049530242674083,1.518725843559306,0,0,1.0,1.0,1,4,4,1.0,
er,5,1,laplace,1000,raw,1,notears,0.1129,6.975756861038462e-09,3.049588111295338,1.529234846170448,0,0,1.0,1.0,1,4,4,1.0,
er,5,1,laplace,1000,raw,1,sort,0.0002,0.0,3.078736565712433,,0,0,1.0,1.0,1,4,4,1.0,
er,5,1,laplace,1000,raw,1,pc,0.0012,,,,0,0,1.0,1.0,1,4,4,1.0,
er,5,1,laplace,1000,raw,1,ges,0.0025,,,,0,0,1.0,1.0,1,4,4,1.0,
er,10,1,laplace,100,raw,1,poly_prox,0.3126,1.0491664903731679e-05,5.655152604897936,0.12954512893102293,1,0,0.8571428571428571,1.0,1,6,7,1.0,
er,10,1,laplace,100,raw,1,poly_lbfgs,0.1954,2.5273640330492973e-09,5.667858464787402,3.0269737425272676,0,0,1.0,1.0,1,6,6,1.0,
er,10,1,laplace,100,raw,1,notears,0.164,9.096471131897488e-09,5.664854729378787,4.513619678239184,0,0,1.0,1.0,1,6,6,1.0,
er,10,1,laplace,100,raw,1,sort,0.0002,0.0,5.873420011492122,,2,0,0.75,1.0,1,6,8,1.0,
er,10,1,laplace,100,raw,1,pc,0.0043,,,,4,,1.0,0.3333333333333333,0,6,8,1.0,
er,10,1,laplace,100,raw,1,ges,0.0101,,,,4,,0.5,0.5,0,6,8,1.0,
er,10,1,laplace,1000,raw,1,poly_prox,0.2242,8.055138692077979e-06,5.706045770340719,0.07185709832144922,0,0,1.0,1.0,1,6,6,1.0,
er,10,1,laplace,1000,raw,1,poly_lbfgs,0.1994,2.6191540815982908e-09,5.7141820659821985,2.5352850370754614,0,0,1.0,1.0,1,6,6,1.0,
er,10,1,laplace,1000,raw,1,notears,0.165,2.2903883234448585e-09,5.713790642264871,2.5525361684054593,0,0,1.0,1.0,1,6,6,1.0,
er,10,1,laplace,1000,raw,1,sort,0.0005,0.0,5.833495942821889,,0,0,1.0,1.0,1,6,6,1.0,
er,10,1,laplace,1000,raw,1,pc,0.004,,,,5,,0.5,0.3333333333333333,0,6,10,1.0,
er,10,1,laplace,1000,raw,1,ges,0.0094,,,,4,,1.0,0.3333333333333333,0,6,10,1.0,
er,20,1,laplace,100,raw,1,poly_prox,0.3638,1.5189733009731997e-05,10.503840768307578,0.3665660474128448,1,2,1.0,0.8888888888888888,1,9,8,0.9090909090909091,
er,20,1,laplace,100,raw,1,poly_lbfgs,0.329,6.786933280831188e-09,10.535692150237848,51.67403105544665,1,2,1.0,0.8888888888888888,1,9,8,0.9090909090909091,
er,20,1,laplace,100,raw,1,notears,0.2597,5.562043270401773e-09,10.534478737749373,66.36946972072272,1,2,1.0,0.8888888888888888,1,9,8,0.9090909090909091,
er,20,1,laplace,100,raw,1,sort,0.0006,0.0,11.49618464824069,,3,4,0.7272727272727273,0.8888888888888888,1,9,11,0.9090909090909091,
er,20,1,laplace,100,raw,1,pc,0.0111,,,,6,,1.0,0.4444444444444444,0,9,16,0.9090909090909091,
er,20,1,laplace,100,raw,1,ges,0.0658,,,,11,,0.625,0.5555555555555556,0,9,24,0.9090909090909091,
er,20,1,laplace,1000,raw,1,poly_prox,0.367,9.757382305612232e-06,10.888720693066752,0.09496770215205584,1,2,1.0,0.8888888888888888,1,9,8,1.0,
er,20,1,laplace,1000,raw,1,poly_lbfgs,0.354,7.707965004846753e-10,10.908017795912695,3.3112335937183657,1,2,1.0,0.8888888888888888,1,9,8,1.0,
er,20,1,laplace,1000,raw,1,notears,0.2718,7.201634844022919e-10,10.91540882608682,3.3601762061875116,1,2,1.0,0.8888888888888888,1,9,8,1.0,
er,20,1,laplace,1000,raw,1,sort,0.0016,0.0,11.330719161563358,,0,0,1.0,1.0,1,9,9,1.0,
er,20,1,laplace,1000,raw,1,pc,0.0106,,,,6,,1.0,0.4444444444444444,0,9,16,1.0,
er,20,1,laplace,1000,raw,1,ges,0.0339,,,,5,,1.0,0.4444444444444444,0,9,14,1.0,
er,5,1,laplace,100,raw,2,poly_prox,0.1408,6.82872207831887e-06,2.5344851072359433,0.006211253756946622,0,0,1.0,1.0,1,3,3,1.0,
er,5,1,laplace,100,raw,2,poly_lbfgs,0.123,9.781992254146699e-09,2.542136892056385,0.6062174869951741,0,0,1.0,1.0,1,3,3,1.0,
er,5,1,laplace,100,raw,2,notears,0.0315,inf,32068.87894689333,inf,10,,1.0,0.0,0,3,20,1.0,
er,5,1,laplace,100,raw,2,sort,0.0001,0.0,2.619538892778598,,0,0,1.0,1.0,1,3,3,1.0,
er,5,1,laplace,100,raw,2,pc,0.0018,,,,3,,1.0,0.0,0,3,6,1.0,
er,5,1,laplace,100,raw,2,ges,0.0036,,,,5,,0.0,0.0,0,3,8,1.0,
er,5,1,laplace,1000,raw,2,poly_prox,0.1503,4.0032385668831026e-06,2.651140552704774,0.004271126401205281,0,0,1.0,1.0,1,3,3,1.0,
er,5,1,laplace,1000,raw,2,poly_lbfgs,0.1272,5.2920259822028025e-09,2.65422124997096,0.723384080422391,0,0,1.0,1.0,1,3,3,1.0,
er,5,1,laplace,1000,raw,2,notears,0.1044,5.04325914363335e-09,2.654382216622575,0.6784366329730696,0,0,1.0,1.0,1,3,3,1.0,
er,5,1,laplace,1000,raw,2,sort,0.0002,0.0,2.7055824610550276,,0,0,1.0,1.0,1,3,3,1.0,
er,5,1,laplace,1000,raw,2,pc,0.0009,,,,2,3,0.5,0.3333333333333333,1,3,2,1.0,
er,5,1,laplace,1000,raw,2,ges,0.0014,,,,2,3,0.5,0.3333333333333333,1,3,2,1.0,
er,10,1,laplace,100,raw,2,poly_prox,0.2283,2.2955597992329485e-06,5.802935070024429,5.022234974754696,1,6,1.0,0.8333333333333334,1,6,5,0.6666666666666666,
er,10,1,laplace,100,raw,2,poly_lbfgs,0.1914,3.051899626697638e-09,5.954695008648271,2.807510485421034,3,15,0.6666666666666666,0.6666666666666666,1,6,6,0.6666666666666666,
er,10,1,laplace,100,raw,2,notears,0.145,2.4344171123402703e-09,5.95645036627633,0.7749768097237213,3,15,0.6666666666666666,0.6666666666666666,1,6,6,0.6666666666666666,
er,10,1,laplace,100,raw,2,sort,0.0002,0.0,6.088724998683533,,6,7,0.375,0.5,1,6,8,0.6666666666666666,
er,10,1,laplace,100,raw,2,pc,0.0065,,,,6,,1.0,0.0,0,6,12,0.6666666666666666,
er,10,1,laplace,100,raw,2,ges,0.0119,,,,7,,1.0,0.0,0,6,14,0.6666666666666666,
er,10,1,laplace,1000,raw,2,poly_prox,0.2164,2.067450341304428e-06,5.649127018786642,0.09078676814032656,1,6,1.0,0.8333333333333334,1,6,5,0.6666666666666666,
er,10,1,laplace,1000,raw,2,poly_lbfgs,0.1945,2.6125381136106142e-09,5.6541446568881755,1.7517759926683187,1,6,1.0,0.8333333333333334,1,6,5,0.6666666666666666,
er,10,1,laplace,1000,raw,2,notears,0.1566,2.341916882642181e-09,5.653215190929727,1.613291198568573,1,6,1.0,0.8333333333333334,1,6,5,0.6666666666666666,
er,10,1,laplace,1000,raw,2,sort,0.0004,0.0,6.038522085107155,,6,8,0.3333333333333333,0.5,1,6,9,0.6666666666666666,
er,10,1,laplace,1000,raw,2,pc,0.0049,,,,7,,1.0,0.0,0,6,14,0.6666666666666666,
er,10,1,laplace,1000,raw,2,ges,0.0102,,,,6,,1.0,0.0,0,6,12,0.6666666666666666,
er,20,1,laplace,100,raw,2,poly_prox,0.3609,7.80216428017834e-06,10.128429726819723,0.6026381978468378,0,0,1.0,1.0,1,7,7,1.0,
er,20,1,laplace,100,raw,2,poly_lbfgs,0.2831,9.387848692169868e-09,10.136440177579011,3.4253711658467707,0,0,1.0,1.0,1,7,7,1.0,
er,20,1,laplace,100,raw,2,notears,0.254,5.8945666125964635e-09,10.145390340425188,6.369415441373519,0,0,1.0,1.0,1,7,7,1.0,
er,20,1,laplace,100,raw,2,sort,0.0005,0.0,11.09259163713816,,2,0,0.7777777777777778,1.0,1,7,9,1.0,
er,20,1,laplace,100,raw,2,pc,0.0097,,,,7,,0.5,0.2857142857142857,0,7,14,1.0,
er,20,1,laplace,100,raw,2,ges,0.0564,,,,9,2,0.4,0.8571428571428571,1,7,15,1.0,
er,20,1,laplace,1000,raw,2,poly_prox,0.384,7.347595694828168e-06,10.817225015153088,0.04534221100969555,0,0,1.0,1.0,1,7,7,1.0,
er,20,1,laplace,1000,raw,2,poly_lbfgs,0.3134,6.782373720275174e-10,10.857616205780328,3.5061843089407634,0,0,1.0,1.0,1,7,7,1.0,
er,20,1,laplace,1000,raw,2,notears,0.2777,2.21029594626998e-09,10.843398074299925,2.7244260652008765,0,0,1.0,1.0,1,7,7,1.0,
er,20,1,laplace,1000,raw,2,sort,0.0017,0.0,11.247827718096532,,0,0,1.0,1.0,1,7,7,1.0,
er,20,1,laplace,1000,raw,2,pc,0.0121,,,,8,,0.25,0.14285714285714285,0,7,14,1.0,
er,20,1,laplace,1000,raw,2,ges,0.0447,,,,6,,0.5714285714285714,0.5714285714285714,0,7,13,1.0,
er,5,1,laplace,100,standardized,0,poly_prox,0.0722,1.756056704986919e-07,2.4904353365190253,0.0011776604269625596,0,0,1.0,1.0,1,0,0,1.0,
er,5,1,laplace,100,standardized,0,poly_lbfgs,0.0689,8.4365352726152e-09,2.4910766001718985,0.3293120500435173,0,0,1.0,1.0,1,0,0,1.0,
er,5,1,laplace,100,standardized,0,notears,0.0856,5.75406744474094e-09,2.4909883452294874,0.41469326077451085,0,0,1.0,1.0,1,0,0,1.0,
er,5,1,laplace,100,standardized,0,sort,0.0001,0.0,2.5225849159692246,,0,0,1.0,1.0,1,0,0,1.0,
er,5,1,laplace,100,standardized,0,pc,0.0016,,,,1,,1.0,1.0,0,0,2,1.0,
er,5,1,laplace,100,standardized,0,ges,0.0011,,,,1,,1.0,1.0,0,0,2,1.0,
er,5,1,laplace,1000,standardized,0,poly_prox,0.0001,0.0,2.5,0.0,0,0,1.0,1.0,1,0,0,1.0,
er,5,1,laplace,1000,standardized,0,poly_lbfgs,0.0006,0.0,2.5,0.0,0,0,1.0,1.0,1,0,0,1.0,
er,5,1,laplace,1000,standardized,0,notears,0.0004,0.0,2.5,0.0,0,0,1.0,1.0,1,0,0,1.0,
er,5,1,laplace,1000,standardized,0,sort,0.0001,0.0,2.5202032128678753,,0,0,1.0,1.0,1,0,0,1.0,
er,5,1,laplace,1000,standardized,0,pc,0.001,,,,2,0,0.0,1.0,1,0,2,1.0,
er,5,1,laplace,1000,standardized,0,ges,0.0006,,,,0,0,1.0,1.0,1,0,0,1.0,
er,10,1,laplace,100,standardized,0,poly_prox,0.2158,3.4609954031960264e-05,4.256548426953507,0.0017330848508963692,4,6,0.2,0.25,1,4,5,0.5,
er,10,1,laplace,100,standardized,0,poly_lbfgs,0.1823,2.8613051295795262e-09,4.279809854545703,0.9377764959268337,3,4,0.4,0.5,1,4,5,0.5,
er,10,1,laplace,100,standardized,0,notears,0.1437,2.7895605825278835e-09,4.279957916398913,0.8389263406785842,4,6,0.2,0.25,1,4,5,0.5,
er,10,1,laplace,100,standardized,0,sort,0.0002,0.0,4.5232574566038215,,2,4,0.5,0.5,1,4,4,0.5,
er,10,1,laplace,100,standardized,0,pc,0.0041,,,,2,,1.0,0.5,0,4,6,0.5,
er,10,1,laplace,100,standardized,0,ges,0.0083,,,,4,,0.5,0.5,0,4,8,0.5,
er,10,1,laplace,1000,standardized,0,poly_prox,0.1801,1.803862324807908e-05,4.284884058641892,0.0024172924655546614,4,6,0.2,0.25,1,4,5,0.5,
er,10,1,laplace,1000,standardized,0,poly_lbfgs,0.1819,6.574289013921729e-09,4.293317718559164,1.0605692311717885,4,6,0.2,0.25,1,4,5,0.5,
er,10,1,laplace,1000,standardized,0,notears,0.1484,6.156085419206647e-09,4.294433666850483,1.0680092146494853,3,4,0.4,0.5,1,4,5,0.5,
er,10,1,laplace,1000,standardized,0,sort,0.0004,0.0,4.4445177179277096,,3,4,0.4,0.5,1,4,5,0.5,
er,10,1,laplace,1000,standardized,0,pc,0.0026,,,,2,,0.75,0.75,0,4,6,0.5,
er,10,1,laplace,1000,standardized,0,ges,0.0071,,,,3,,1.0,0.5,0,4,8,0.5,
er,20,1,laplace,100,standardized,0,poly_prox,0.3931,1.5227122386105016e-05,7.677460428278309,0.029489669709184596,6,17,0.5454545454545454,0.6,1,10,11,0.5,
er,20,1,laplace,100,standardized,0,poly_lbfgs,0.2966,9.322311852742858e-09,7.7274536582055635,2.3242829524173536,7,20,0.45454545454545453,0.5,1,10,11,0.5,
er,20,1,laplace,100,standardized,0,notears,0.2639,1.7214567549217463e-09,7.72910120786588,1.8390821071591692,7,20,0.45454545454545453,0.5,1,10,11,0.5,
er,20,1,laplace,100,standardized,0,sort,0.0005,0.0,9.38247010417232,,23,17,0.21428571428571427,0.6,1,10,28,0.5,
er,20,1,laplace,100,standardized,0,pc,0.0113,,,,9,,1.0,0.2,0,10,18,0.5,
er,20,1,laplace,100,standardized,0,ges,0.0547,,,,9,,0.5454545454545454,0.6,0,10,17,0.5,
er,20,1,laplace,1000,standardized,0,poly_prox,0.3797,1.801186751067861e-05,7.776228466462633,0.04668919981596253,7,23,0.5,0.5,1,10,10,0.5,
er,20,1,laplace,1000,standardized,0,poly_lbfgs,0.3173,1.6313182123022089e-09,7.80967037117997,2.406628310722157,5,10,0.6666666666666666,0.6,1,10,9,0.5,
er,20,1,laplace,1000,standardized,0,notears,0.2338,7.110372735041892e-09,7.810912364251753,2.3950882103690003,5,10,0.6666666666666666,0.6,1,10,9,0.5,
er,20,1,laplace,1000,standardized,0,sort,0.0015,0.0,8.333065440833652,,8,26,0.45454545454545453,0.5,1,10,11,0.5,
er,20,1,laplace,1000,standardized,0,pc,0.0127,,,,9,,1.0,0.2,0,10,20,0.5,
er,20,1,laplace,1000,standardized,0,ges,0.039,,,,8,,1.0,0.2,0,10,18,0.5,
er,5,1,laplace,100,standardized,1,poly_prox,0.1372,2.0737077658268825e-05,1.7524844613610249,0.00315792170400763,4,7,0.2,0.25,1,4,5,0.5,
er,5,1,laplace,100,standardized,1,poly_lbfgs,0.1298,7.150658000524452e-09,1.7631081564018956,0.6083240992029236,4,7,0.2,0.25,1,4,5,0.5,
er,5,1,laplace,100,standardized,1,notears,0.1098,6.6643552898426606e-09,1.7633445701484203,0.644391820044671,4,7,0.2,0.25,1,4,5,0.5,
er,5,1,laplace,100,standardized,1,sort,0.0001,0.0,1.8930208434354725,,2,2,0.6,0.75,1,4,5,0.5,
er,5,1,laplace,100,standardized,1,pc,0.002,,,,0,0,1.0,1.0,1,4,4,0.5,
er,5,1,laplace,100,standardized,1,ges,0.0026,,,,0,0,1.0,1.0,1,4,4,0.5,
er,5,1,laplace,1000,standardized,1,poly_prox,0.1265,2.132953390176368e-05,1.827865930884111,0.0014868231881713092,4,7,0.2,0.25,1,4,5,0.5,
er,5,1,laplace,1000,standardized,1,poly_lbfgs,0.1313,7.649884213826705e-09,1.8388576124994263,0.6651054356332144,4,7,0.2,0.25,1,4,5,0.5,
er,5,1,laplace,1000,standardized,1,notears,0.0335,inf,6738.584384427002,inf,10,,0.0,0.0,0,4,18,0.5,
er,5,1,laplace,1000,standardized,1,sort,0.0002,0.0,1.919798363621019,,2,2,0.6,0.75,1,4,5,0.5,
er,5,1,laplace,1000,standardized,1,pc,0.0012,,,,0,0,1.0,1.0,1,4,4,0.5,
er,5,1,laplace,1000,standardized,1,ges,0.0032,,,,0,0,1.0,1.0,1,4,4,0.5,
er,10,1,laplace,100,standardized,1,poly_prox,0.2183,1.0140106035150019e-05,3.7019273286878347,0.17039045777698833,7,12,0.14285714285714285,0.16666666666666666,1,6,7,0.5,
er,10,1,laplace,100,standardized,1,poly_lbfgs,0.2027,6.791330167708933e-09,3.708597971739096,1.5030656224006171,7,12,0.25,0.3333333333333333,1,6,8,0.5,
er,10,1,laplace,100,standardized,1,notears,0.1543,6.155062237667153e-09,3.7036982886171854,1.1827784313300564,7,12,0.25,0.3333333333333333,1,6,8,0.5,
er,10,1,laplace,100,standardized,1,sort,0.0002,0.0,4.246028703120635,,10,11,0.25,0.5,1,6,12,0.5,
er,10,1,laplace,100,standardized,1,pc,0.0041,,,,4,,1.0,0.3333333333333333,0,6,8,0.5,
er,10,1,laplace,100,standardized,1,ges,0.0102,,,,4,,0.5,0.5,0,6,8,0.5,
er,10,1,laplace,1000,standardized,1,poly_prox,0.2234,1.6424381835507352e-06,3.6947955590536137,0.028199825376392335,8,18,0.0,0.0,1,6,7,0.5,
er,10,1,laplace,1000,standardized,1,poly_lbfgs,0.1918,2.4876456679022767e-09,3.692286822132795,1.0275443962863036,5,8,0.375,0.5,1,6,8,0.5,
er,10,1,laplace,1000,standardized,1,notears,0.1602,2.240044594259416e-09,3.687601764184917,1.1361362385353357,4,8,0.42857142857142855,0.5,1,6,7,0.5,
er,10,1,laplace,1000,standardized,1,sort,0.0004,0.0,3.8506382178476057,,1,3,0.8333333333333334,0.8333333333333334,1,6,6,0.5,
er,10,1,laplace,1000,standardized,1,pc,0.004,,,,5,,0.5,0.3333333333333333,0,6,10,0.5,
er,10,1,laplace,1000,standardized,1,ges,0.0094,,,,4,,1.0,0.3333333333333333,0,6,10,0.5,
er,20,1,laplace,100,standardized,1,poly_prox,0.3774,4.221533956463907e-05,8.386444423776506,0.014855630840163437,8,21,0.2,0.2222222222222222,1,9,10,0.5,
er,20,1,laplace,100,standardized,1,poly_lbfgs,0.3266,1.7175780378200465e-09,8.46755054661946,1.8718298553953066,6,14,0.42857142857142855,0.3333333333333333,1,9,7,0.5,
er,20,1,laplace,100,standardized,1,notears,0.2445,7.51529327658318e-09,8.464910456441492,2.134930722292452,6,14,0.42857142857142855,0.3333333333333333,1,9,7,0.5,
er,20,1,laplace,100,standardized,1,sort,0.0005,0.0,9.589779533709699,,7,15,0.4,0.4444444444444444,1,9,10,0.5,
er,20,1,laplace,100,standardized,1,pc,0.0102,,,,6,,1.0,0.4444444444444444,0,9,16,0.5,
er,20,1,laplace,100,standardized,1,ges,0.0623,,,,11,,0.625,0.5555555555555556,0,9,24,0.5,
er,20,1,laplace,1000,standardized,1,poly_prox,0.4085,8.011942964662446e-06,8.38400347360511,0.014601608727157758,6,15,0.4,0.4444444444444444,1,9,10,0.5,
er,20,1,laplace,1000,standardized,1,poly_lbfgs,0.338,2.623461222557245e-09,8.437865190529106,2.028704652439068,6,16,0.375,0.3333333333333333,1,9,8,0.5,
er,20,1,laplace,1000,standardized,1,notears,0.2485,2.2211992245502188e-09,8.431462793304144,2.0424121243833153,5,14,0.4444444444444444,0.4444444444444444,1,9,9,0.5,
er,20,1,laplace,1000,standardized,1,sort,0.0015,0.0,8.890838020468324,,8,18,0.3,0.3333333333333333,1,9,10,0.5,
er,20,1,laplace,1000,standardized,1,pc,0.0105,,,,6,,1.0,0.4444444444444444,0,9,16,0.5,
er,20,1,laplace,1000,standardized,1,ges,0.0327,,,,5,,1.0,0.4444444444444444,0,9,14,0.5,
er,5,1,laplace,100,standardized,2,poly_prox,0.1511,4.959296147710143e-06,2.1267084556268196,0.0056630006798590975,2,5,0.5,0.3333333333333333,1,3,2,0.5,
er,5,1,laplace,100,standardized,2,poly_lbfgs,0.1259,8.98465030448684e-09,2.1322760498593674,0.49292576243199604,2,5,0.5,0.3333333333333333,1,3,2,0.5,
er,5,1,laplace,100,standardized,2,notears,0.098,8.860306266456064e-09,2.1322654495714235,0.6385152212774511,2,5,0.5,0.3333333333333333,1,3,2,0.5,
er,5,1,laplace,100,standardized,2,sort,0.0001,0.0,2.2224607274212156,,2,3,0.5,0.3333333333333333,1,3,2,0.5,
er,5,1,laplace,100,standardized,2,pc,0.0016,,,,3,,1.0,0.0,0,3,6,0.5,
er,5,1,laplace,100,standardized,2,ges,0.0033,,,,5,,0.0,0.0,0,3,8,0.5,
er,5,1,laplace,1000,standardized,2,poly_prox,0.1419,3.1943726010573025e-06,2.1977279919032244,0.0007813935080430318,1,4,0.6666666666666666,0.6666666666666666,1,3,3,0.5,
er,5,1,laplace,1000,standardized,2,poly_lbfgs,0.1181,5.185250246212516e-09,2.2003152460270616,0.5081863728104431,1,4,0.6666666666666666,0.6666666666666666,1,3,3,0.5,
er,5,1,laplace,1000,standardized,2,notears,0.097,5.215571974304112e-09,2.200758203678931,0.4990868055878302,2,5,0.5,0.3333333333333333,1,3,2,0.5,
er,5,1,laplace,1000,standardized,2,sort,0.0002,0.0,2.264075192087109,,2,3,0.5,0.3333333333333333,1,3,2,0.5,
er,5,1,laplace,1000,standardized,2,pc,0.001,,,,2,3,0.5,0.3333333333333333,1,3,2,0.5,
er,5,1,laplace,1000,standardized,2,ges,0.0014,,,,2,3,0.5,0.3333333333333333,1,3,2,0.5,
er,10,1,laplace,100,standardized,2,poly_prox,0.1977,2.285751994525587e-06,3.68831214737683,1.8892073675399377,1,4,1.0,0.8333333333333334,1,6,5,0.5,
er,10,1,laplace,100,standardized,2,poly_lbfgs,0.1865,1.1741123785748977e-09,3.6575789059937023,2.072405383633078,1,7,0.8333333333333334,0.8333333333333334,1,6,6,0.5,
er,10,1,laplace,100,standardized,2,notears,0.1375,6.087288895173515e-09,3.6419616181289136,5.035407703142146,1,7,0.8333333333333334,0.8333333333333334,1,6,6,0.5,
er,10,1,laplace,100,standardized,2,sort,0.0002,0.0,3.9500135860793946,,9,19,0.2,0.3333333333333333,1,6,10,0.5,
er,10,1,laplace,100,standardized,2,pc,0.0063,,,,6,,1.0,0.0,0,6,12,0.5,
er,10,1,laplace,100,standardized,2,ges,0.0118,,,,7,,1.0,0.0,0,6,14,0.5,
er,10,1,laplace,1000,standardized,2,poly_prox,0.1952,1.7772333982662846e-06,3.7925032864122743,1.5223180012318223,1,4,1.0,0.8333333333333334,1,6,5,0.5,
er,10,1,laplace,1000,standardized,2,poly_lbfgs,0.1734,2.686638395417186e-09,3.715821399931591,1.2346984317763026,1,7,0.8333333333333334,0.8333333333333334,1,6,6,0.5,
er,10,1,laplace,1000,standardized,2,notears,0.1432,2.5411370785377585e-09,3.715231755386389,1.1432828232147425,1,7,0.8333333333333334,0.8333333333333334,1,6,6,0.5,
er,10,1,laplace,1000,standardized,2,sort,0.0004,0.0,4.04103353991046,,8,31,0.125,0.16666666666666666,1,6,8,0.5,
er,10,1,laplace,1000,standardized,2,pc,0.0048,,,,7,,1.0,0.0,0,6,14,0.5,
er,10,1,laplace,1000,standardized,2,ges,0.0099,,,,6,,1.0,0.0,0,6,12,0.5,
er,20,1,laplace,100,standardized,2,poly_prox,0.4064,3.545625126128185e-06,8.29265183705951,0.0970910942863101,7,12,0.25,0.2857142857142857,1,7,8,0.5,
er,20,1,laplace,100,standardized,2,poly_lbfgs,0.3101,6.323221531798392e-09,8.308106625460923,2.1767858060983447,6,10,0.3333333333333333,0.42857142857142855,1,7,9,0.5,
er,20,1,laplace,100,standardized,2,notears,0.2421,7.392152667762275e-09,8.308726919510516,2.036538400897633,6,10,0.3333333333333333,0.42857142857142855,1,7,9,0.5,
er,20,1,laplace,100,standardized,2,sort,0.0005,0.0,9.914231078914797,,23,14,0.041666666666666664,0.14285714285714285,1,7,24,0.5,
er,20,1,laplace,100,standardized,2,pc,0.0098,,,,7,,0.5,0.2857142857142857,0,7,14,0.5,
er,20,1,laplace,100,standardized,2,ges,0.0537,,,,9,2,0.4,0.8571428571428571,1,7,15,0.5,
er,20,1,laplace,1000,standardized,2,poly_prox,0.3444,5.360765366439473e-06,8.479347338658073,0.12442745436909598,6,10,0.375,0.42857142857142855,1,7,8,0.5,
er,20,1,laplace,1000,standardized,2,poly_lbfgs,0.2962,2.460412949124525e-09,8.483286842075088,2.0534892344024014,5,8,0.4444444444444444,0.5714285714285714,1,7,9,0.5,
er,20,1,laplace,1000,standardized,2,notears,0.2473,2.379596963919539e-09,8.485648629640393,2.0648928181241235,5,8,0.4444444444444444,0.5714285714285714,1,7,9,0.5,
er,20,1,laplace,1000,standardized,2,sort,0.0015,0.0,8.978685592234964,,5,10,0.375,0.42857142857142855,1,7,8,0.5,
er,20,1,laplace,1000,standardized,2,pc,0.0107,,,,8,,0.25,0.14285714285714285,0,7,14,0.5,
er,20,1,laplace,1000,standardized,2,ges,0.0386,,,,6,,0.5714285714285714,0.5714285714285714,0,7,13,0.5,
er,5,2,gaussian,100,raw,0,poly_prox,0.1564,5.341605711112658e-06,2.935948211593923,0.0171171141658715,1,2,1.0,0.75,1,4,3,1.0,
er,5,2,gaussian,100,raw,0,poly_lbfgs,0.1367,8.665196016507792e-09,2.9427979304200367,1.0156420860551696,1,2,1.0,0.75,1,4,3,1.0,
er,5,2,gaussian,100,raw,0,notears,0.1163,8.52154258268456e-09,2.9427309533022967,1.0208159256237115,1,2,1.0,0.75,1,4,3,1.0,
er,5,2,gaussian,100,raw,0,sort,0.0001,0.0,3.009069750374765,,0,0,1.0,1.0,1,4,4,1.0,
er,5,2,gaussian,100,raw,0,pc,0.002,,,,3,,0.6666666666666666,0.5,0,4,7,1.0,
er,5,2,gaussian,100,raw,0,ges,0.0035,,,,2,,0.75,0.75,0,4,6,1.0,
er,5,2,gaussian,1000,raw,0,poly_prox,0.1583,5.817703415730926e-06,2.910535019784525,0.012014832802707865,1,3,0.75,0.75,1,4,4,1.0,
er,5,2,gaussian,1000,raw,0,poly_lbfgs,0.1474,7.569110757926163e-09,2.884821427541271,1.1492639018383213,0,0,1.0,1.0,1,4,4,1.0,
er,5,2,gaussian,1000,raw,0,notears,0.0961,7.129113299697565e-09,2.88494416652581,1.1343541395347028,0,0,1.0,1.0,1,4,4,1.0,
er,5,2,gaussian,1000,raw,0,sort,0.0002,0.0,2.9187559398069483,,0,0,1.0,1.0,1,4,4,1.0,
er,5,2,gaussian,1000,raw,0,pc,0.0012,,,,2,,1.0,0.5,0,4,6,1.0,
er,5,2,gaussian,1000,raw,0,ges,0.0025,,,,2,,1.0,0.5,0,4,6,1.0,
er,5,2,gaussian,10000,raw,0,poly_prox,0.1467,1.5130725135124953e-06,2.949008424469376,0.04421576964797997,1,3,0.75,0.75,1,4,4,1.0,
er,5,2,gaussian,10000,raw,0,poly_lbfgs,0.106,7.3663400202768095e-09,2.9163552076896457,1.225647982511144,0,0,1.0,1.0,1,4,4,1.0,
er,5,2,gaussian,10000,raw,0,notears,0.095,6.710803468479298e-09,2.91625502071014,1.1320029251647779,0,0,1.0,1.0,1,4,4,1.0,
er,5,2,gaussian,10000,raw,0,sort,0.0006,0.0,2.9402480763574195,,0,0,1.0,1.0,1,4,4,1.0,
er,5,2,gaussian,10000,raw,0,pc,0.0015,,,,2,,1.0,0.5,0,4,6,1.0,
er,5,2,gaussian,10000,raw,0,ges,0.0027,,,,2,,1.0,0.5,0,4,6,1.0,
er,10,2,gaussian,100,raw,0,poly_prox,0.2217,9.975816192616467e-06,6.585728544241847,0.627751805843769,2,14,1.0,0.8571428571428571,1,14,12,1.0,
er,10,2,gaussian,100,raw,0,poly_lbfgs,0.2037,6.2841007461319795e-09,6.488104084742486,75.48152563686385,3,13,0.9230769230769231,0.8571428571428571,1,14,13,1.0,
er,10,2,gaussian,100,raw,0,notears,0.1732,2.7116797696180583e-09,6.500173698883571,49.98441728120114,2,7,0.9285714285714286,0.9285714285714286,1,14,14,1.0,
er,10,2,gaussian,100,raw,0,sort,0.0002,0.0,6.925429574546589,,2,0,0.875,1.0,1,14,16,1.0,
er,10,2,gaussian,100,raw,0,pc,0.0094,,,,13,53,0.3,0.21428571428571427,1,14,10,1.0,
er,10,2,gaussian,100,raw,0,ges,0.0346,,,,10,,0.5714285714285714,0.5714285714285714,0,14,20,1.0,
er,10,2,gaussian,1000,raw,0,poly_prox,0.2224,8.407957838089684e-06,6.898422213141522,0.41459559063304074,1,7,1.0,0.9285714285714286,1,14,13,1.0,
er,10,2,gaussian,1000,raw,0,poly_lbfgs,0.2006,3.9875024768883695e-09,6.783552960736503,6.2801751930259675,1,7,1.0,0.9285714285714286,1,14,13,1.0,
er,10,2,gaussian,1000,raw,0,notears,0.1638,4.009308440799941e-09,6.782958899460322,7.297588858872083,1,7,1.0,0.9285714285714286,1,14,13,1.0,
er,10,2,gaussian,1000,raw,0,sort,0.0005,0.0,7.002707769187341,,0,0,1.0,1.0,1,14,14,1.0,
er,10,2,gaussian,1000,raw,0,pc,0.0117,,,,12,,0.36363636363636365,0.2857142857142857,0,14,13,1.0,
er,10,2,gaussian,1000,raw,0,ges,0.0287,,,,3,,1.0,0.7857142857142857,0,14,17,1.0,
er,10,2,gaussian,10000,raw,0,poly_prox,0.2208,8.509355882650409e-06,6.783649958177191,0.4611305237084421,1,7,1.0,0.9285714285714286,1,14,13,1.0,
er,10,2,gaussian,10000,raw,0,poly_lbfgs,0.1823,5.5771544840842895e-09,6.665517113700955,7.109182186890316,1,7,1.0,0.9285714285714286,1,14,13,1.0,
er,10,2,gaussian,10000,raw,0,notears,0.1531,4.109857343337353e-09,6.665095789558492,6.235889373775174,1,7,1.0,0.9285714285714286,1,14,13,1.0,
er,10,2,gaussian,10000,raw,0,sort,0.0023,0.0,6.808308991325644,,0,0,1.0,1.0,1,14,14,1.0,
er,10,2,gaussian,10000,raw,0,pc,0.0152,,,,13,,0.3076923076923077,0.2857142857142857,0,14,15,1.0,
er,10,2,gaussian,10000,raw,0,ges,0.0264,,,,10,,0.4666666666666667,0.5,0,14,17,1.0,
er,20,2,gaussian,100,raw,0,poly_prox,0.3617,2.4497212497116697e-05,12.766262071115285,0.3902397593659841,2,11,1.0,0.9259259259259259,1,27,25,0.8909090909090909,
er,20,2,gaussian,100,raw,0,poly_lbfgs,0.3338,9.099844062664088e-09,12.843381633679922,2245.5847646533352,2,11,1.0,0.9259259259259259,1,27,25,0.8909090909090909,
er,20,2,gaussian,100,raw,0,notears,0.3124,1.1534069699337124e-08,12.834783377367515,6823.900000213779,2,11,1.0,0.9259259259259259,1,27,25,0.8909090909090909,
er,20,2,gaussian,100,raw,0,sort,0.0005,0.0,14.515029956474525,,15,10,0.6153846153846154,0.8888888888888888,1,27,39,0.8909090909090909,
er,20,2,gaussian,100,raw,0,pc,0.0295,,,,15,,0.7647058823529411,0.48148148148148145,0,27,23,0.8909090909090909,
er,20,2,gaussian,100,raw,0,ges,0.181,,,,25,,0.42857142857142855,0.5555555555555556,0,27,39,0.8909090909090909,
er,20,2,gaussian,1000,raw,0,poly_prox,0.3944,1.646167292088833e-05,13.20808288054003,0.1682607560512271,2,11,1.0,0.9259259259259259,1,27,25,0.9090909090909091,
er,20,2,gaussian,1000,raw,0,poly_lbfgs,0.3234,8.843427894870126e-09,13.23010804614071,5.6455747900929785,1,9,1.0,0.9629629629629629,1,27,26,0.9090909090909091,
er,20,2,gaussian,1000,raw,0,notears,0.3112,3.843624085675401e-09,13.236210116216007,8.779120348425131,1,9,1.0,0.9629629629629629,1,27,26,0.9090909090909091,
er,20,2,gaussian,1000,raw,0,sort,0.0017,0.0,14.372244259528047,,9,8,0.7352941176470589,0.9259259259259259,1,27,34,0.9090909090909091,
er,20,2,gaussian,1000,raw,0,pc,0.0374,,,,13,,0.8421052631578947,0.5925925925925926,0,27,25,0.9090909090909091,
er,20,2,gaussian,1000,raw,0,ges,0.1976,,,,25,70,0.40476190476190477,0.6296296296296297,1,27,42,0.9090909090909091,
er,5,2,gaussian,100,raw,1,poly_prox,0.175,8.414576010358839e-06,3.167786328894358,0.08322939128754726,0,0,1.0,1.0,1,4,4,1.0,
er,5,2,gaussian,100,raw,1,poly_lbfgs,0.1222,2.0092227795166397e-09,3.166219417265628,2.112023171023376,0,0,1.0,1.0,1,4,4,1.0,
er,5,2,gaussian,100,raw,1,notears,0.1178,9.492643116004729e-09,3.1662459644967527,2.2126783206863303,0,0,1.0,1.0,1,4,4,1.0,
er,5,2,gaussian,100,raw,1,sort,0.0001,0.0,3.306682467420964,,2,0,0.6666666666666666,1.0,1,4,6,1.0,
er,5,2,gaussian,100,raw,1,pc,0.0025,,,,5,,1.0,0.0,0,4,10,1.0,
er,5,2,gaussian,100,raw,1,ges,0.0027,,,,4,,1.0,0.0,0,4,8,1.0,
er,5,2,gaussian,1000,raw,1,poly_prox,0.1605,1.4224856842442154e-05,3.039164872737396,0.1425034268209522,2,1,0.75,0.75,1,4,4,1.0,
er,5,2,gaussian,1000,raw,1,poly_lbfgs,0.117,2.3392041897071e-09,3.007200934371715,2.075147564343846,0,0,1.0,1.0,1,4,4,1.0,
er,5,2,gaussian,1000,raw,1,notears,0.084,2.46673170778422e-09,3.007279306446744,2.0625102204038726,0,0,1.0,1.0,1,4,4,1.0,
er,5,2,gaussian,1000,raw,1,sort,0.0002,0.0,3.045734656641408,,0,0,1.0,1.0,1,4,4,1.0,
er,5,2,gaussian,1000,raw,1,pc,0.0019,,,,4,,1.0,0.0,0,4,8,1.0,
er,5,2,gaussian,1000,raw,1,ges,0.0028,,,,4,,1.0,0.0,0,4,8,1.0,
er,5,2,gaussian,10000,raw,1,poly_prox,0.1919,2.770328338936978e-06,3.0847578078740074,0.19248672229662805,1,2,1.0,0.75,1,4,3,1.0,
er,5,2,gaussian,10000,raw,1,poly_lbfgs,0.0998,2.5163838235117188e-09,3.04177816047208,1.9542595619859933,0,0,1.0,1.0,1,4,4,1.0,
er,5,2,gaussian,10000,raw,1,notears,0.0822,2.2791102338715064e-09,3.0420982761942064,1.8760456262223608,0,0,1.0,1.0,1,4,4,1.0,
er,5,2,gaussian,10000,raw,1,sort,0.0006,0.0,3.063687264732203,,0,0,1.0,1.0,1,4,4,1.0,
er,5,2,gaussian,10000,raw,1,pc,0.0018,,,,4,,1.0,0.0,0,4,8,1.0,
er,5,2,gaussian,10000,raw,1,ges,0.003,,,,4,,1.0,0.0,0,4,8,1.0,
er,10,2,gaussian,100,raw,1,poly_prox,0.2207,1.26276290066897e-05,5.963119719614735,0.10703810727807847,1,3,1.0,0.875,1,8,7,1.0,
er,10,2,gaussian,100,raw,1,poly_lbfgs,0.1863,4.848335575090016e-09,5.9826480630945476,5.648622749326777,1,3,1.0,0.875,1,8,7,1.0,
er,10,2,gaussian,100,raw,1,notears,0.1574,5.123832025333286e-09,5.982869562497424,4.416338481435643,1,3,1.0,0.875,1,8,7,1.0,
er,10,2,gaussian,100,raw,1,sort,0.0002,0.0,6.226164669738714,,0,0,1.0,1.0,1,8,8,1.0,
er,10,2,gaussian,100,raw,1,pc,0.0049,,,,6,,1.0,0.25,0,8,10,1.0,
er,10,2,gaussian,100,raw,1,ges,0.0139,,,,5,,1.0,0.5,0,8,14,1.0,
er,10,2,gaussian,1000,raw,1,poly_prox,0.2209,1.0412437316389964e-05,5.988190391638944,0.07493402685072093,1,3,1.0,0.875,1,8,7,1.0,
er,10,2,gaussian,1000,raw,1,poly_lbfgs,0.193,4.562062219561847e-09,6.0015547137799965,6.6137922435526875,1,3,1.0,0.875,1,8,7,1.0,
er,10,2,gaussian,1000,raw,1,notears,0.1651,1.882558109400634e-09,6.001530437472796,7.2710987463649905,1,3,1.0,0.875,1,8,7,1.0,
er,10,2,gaussian,1000,raw,1,sort,0.0004,0.0,6.159401720630436,,0,0,1.0,1.0,1,8,8,1.0,
er,10,2,gaussian,1000,raw,1,pc,0.0041,,,,5,,1.0,0.375,0,8,11,1.0,
er,10,2,gaussian,1000,raw,1,ges,0.0158,,,,4,,0.75,0.75,0,8,12,1.0,
er,10,2,gaussian,10000,raw,1,poly_prox,0.222,1.0224067713976274e-05,5.9730944177249565,0.0768505585950251,1,3,1.0,0.875,1,8,7,1.0,
er,10,2,gaussian,10000,raw,1,poly_lbfgs,0.1885,2.7798122673011038e-09,5.986811066591882,4.291086751114931,1,3,1.0,0.875,1,8,7,1.0,
er,10,2,gaussian,10000,raw,1,notears,0.163,2.6404798347812175e-09,5.9852329592938105,4.359016368104646,1,3,1.0,0.875,1,8,7,1.0,
er,10,2,gaussian,10000,raw,1,sort,0.0026,0.0,6.08461911285129,,0,0,1.0,1.0,1,8,8,1.0,
er,10,2,gaussian,10000,raw,1,pc,0.005,,,,4,,0.8333333333333334,0.625,0,8,12,1.0,
er,10,2,gaussian,10000,raw,1,ges,0.0145,,,,4,,0.8333333333333334,0.625,0,8,12,1.0,
er,20,2,gaussian,100,raw,1,poly_prox,0.3862,8.485343699350299e-06,11.37158349453751,0.5715223950630741,2,8,1.0,0.9,1,20,18,1.0,
er,20,2,gaussian,100,raw,1,poly_lbfgs,0.3336,9.328582898646754e-09,11.388922397499472,2560.3622418018545,1,7,1.0,0.95,1,20,19,1.0,
er,20,2,gaussian,100,raw,1,notears,0.2846,5.816801262881199e-09,11.38207831148031,1197.8714385983187,1,7,1.0,0.95,1,20,19,1.0,
er,20,2,gaussian,100,raw,1,sort,0.0006,0.0,12.695626621456778,,9,0,0.6896551724137931,1.0,1,20,29,1.0,
er,20,2,gaussian,100,raw,1,pc,0.0209,,,,18,,0.5,0.15,0,20,18,1.0,
er,20,2,gaussian,100,raw,1,ges,0.1502,,,,12,,0.6071428571428571,0.85,0,20,30,1.0,
er,20,2,gaussian,1000,raw,1,poly_prox,0.4027,2.2251353653080535e-05,12.055962162277076,0.24565792485357316,2,12,1.0,0.9,1,20,18,1.0,
er,20,2,gaussian,1000,raw,1,poly_lbfgs,0.3494,1.8960327099110433e-09,12.116409921082186,28.61049097323324,0,0,1.0,1.0,1,20,20,1.0,
er,20,2,gaussian,1000,raw,1,notears,0.2531,8.415270258410601e-09,12.113258782445625,10.532702667465788,0,0,1.0,1.0,1,20,20,1.0,
er,20,2,gaussian,1000,raw,1,sort,0.0015,0.0,12.672154175178852,,0,0,1.0,1.0,1,20,20,1.0,
er,20,2,gaussian,1000,raw,1,pc,0.037,,,,12,,0.6428571428571429,0.45,0,20,22,1.0,
er,20,2,gaussian,1000,raw,1,ges,0.1002,,,,6,,0.8181818181818182,0.9,0,20,26,1.0,
er,5,2,gaussian,100,raw,2,poly_prox,0.1387,7.13374436516737e-06,2.860346569564064,0.04745609644789577,0,0,1.0,1.0,1,4,4,1.0,
er,5,2,gaussian,100,raw,2,poly_lbfgs,0.1095,8.600170328026033e-09,2.8641238581941386,1.2704971560116438,0,0,1.0,1.0,1,4,4,1.0,
er,5,2,gaussian,100,raw,2,notears,0.0945,7.928856682326568e-09,2.8644299573814105,1.2000793277700879,0,0,1.0,1.0,1,4,4,1.0,
er,5,2,gaussian,100,raw,2,sort,0.0001,0.0,2.9446667393796306,,0,0,1.0,1.0,1,4,4,1.0,
er,5,2,gaussian,100,raw,2,pc,0.0017,,,,3,,0.5,0.25,0,4,6,1.0,
er,5,2,gaussian,100,raw,2,ges,0.0026,,,,2,,1.0,0.5,0,4,6,1.0,
er,5,2,gaussian,1000,raw,2,poly_prox,0.1578,7.651918031328018e-06,2.946509146515674,0.0461471999521743,0,0,1.0,1.0,1,4,4,1.0,
er,5,2,gaussian,1000,raw,2,poly_lbfgs,0.1324,9.571812504558082e-09,2.952812441906775,1.241815397015201,0,0,1.0,1.0,1,4,4,1.0,
er,5,2,gaussian,1000,raw,2,notears,0.1351,8.713927357462126e-09,2.952492668953693,1.2701499896045254,0,0,1.0,1.0,1,4,4,1.0,
er,5,2,gaussian,1000,raw,2,sort,0.0002,0.0,2.994174618988665,,0,0,1.0,1.0,1,4,4,1.0,
er,5,2,gaussian,1000,raw,2,pc,0.0013,,,,2,,1.0,0.5,0,4,6,1.0,
er,5,2,gaussian,1000,raw,2,ges,0.0028,,,,2,,1.0,0.5,0,4,6,1.0,
er,5,2,gaussian,10000,raw,2,poly_prox,0.1734,2.5651970578146837e-05,2.9135905709781613,0.028155304175986468,0,0,1.0,1.0,1,4,4,1.0,
er,5,2,gaussian,10000,raw,2,poly_lbfgs,0.163,8.782255930936667e-09,2.927078475616483,1.2011126744682725,0,0,1.0,1.0,1,4,4,1.0,
er,5,2,gaussian,10000,raw,2,notears,0.1321,7.896550080488396e-09,2.9274065694720037,1.1742003278692552,0,0,1.0,1.0,1,4,4,1.0,
er,5,2,gaussian,10000,raw,2,sort,0.0006,0.0,2.954756323364197,,0,0,1.0,1.0,1,4,4,1.0,
er,5,2,gaussian,10000,raw,2,pc,0.0014,,,,2,,1.0,0.5,0,4,6,1.0,
er,5,2,gaussian,10000,raw,2,ges,0.0031,,,,2,,1.0,0.5,0,4,6,1.0,
er,10,2,gaussian,100,raw,2,poly_prox,0.2237,1.1281857599914765e-05,6.2672070126675035,0.07189100026938179,0,0,1.0,1.0,1,10,10,1.0,
er,10,2,gaussian,100,raw,2,poly_lbfgs,0.2016,4.874635403454519e-09,6.289266085487679,3.5409687523180824,0,0,1.0,1.0,1,10,10,1.0,
er,10,2,gaussian,100,raw,2,notears,0.152,5.135794012289807e-09,6.2893998838305025,3.8137888038514447,0,0,1.0,1.0,1,10,10,1.0,
er,10,2,gaussian,100,raw,2,sort,0.0002,0.0,6.686933838887623,,2,0,0.8333333333333334,1.0,1,10,12,1.0,
er,10,2,gaussian,100,raw,2,pc,0.0054,,,,6,,0.6666666666666666,0.4,0,10,12,1.0,
er,10,2,gaussian,100,raw,2,ges,0.019,,,,9,,0.4444444444444444,0.4,0,10,15,1.0,
er,10,2,gaussian,1000,raw,2,poly_prox,0.2208,8.376360485396595e-06,6.15288214299152,0.04374017518140547,0,0,1.0,1.0,1,10,10,1.0,
er,10,2,gaussian,1000,raw,2,poly_lbfgs,0.1962,2.484349819155167e-09,6.16501400065042,3.0772964837984174,0,0,1.0,1.0,1,10,10,1.0,
er,10,2,gaussian,1000,raw,2,notears,0.1574,2.4422437405746678e-09,6.166846444107601,3.016720235792863,0,0,1.0,1.0,1,10,10,1.0,
er,10,2,gaussian,1000,raw,2,sort,0.0005,0.0,6.337158999940661,,0,0,1.0,1.0,1,10,10,1.0,
er,10,2,gaussian,1000,raw,2,pc,0.0039,,,,7,,0.6666666666666666,0.4,0,10,14,1.0,
er,10,2,gaussian,1000,raw,2,ges,0.0185,,,,10,,1.0,0.2,0,10,20,1.0,
er,10,2,gaussian,10000,raw,2,poly_prox,0.2202,8.739868732025646e-06,6.201551447021381,0.05128987560521244,0,0,1.0,1.0,1,10,10,1.0,
er,10,2,gaussian,10000,raw,2,poly_lbfgs,0.1962,2.6399229311775724e-09,6.215852683678628,2.9943989990076747,0,0,1.0,1.0,1,10,10,1.0,
er,10,2,gaussian,10000,raw,2,notears,0.1551,2.460312842345047e-09,6.216605296293251,2.7311858101049995,0,0,1.0,1.0,1,10,10,1.0,
er,10,2,gaussian,10000,raw,2,sort,0.0023,0.0,6.294558477539338,,0,0,1.0,1.0,1,10,10,1.0,
er,10,2,gaussian,10000,raw,2,pc,0.0045,,,,8,,1.0,0.2,0,10,16,1.0,
er,10,2,gaussian,10000,raw,2,ges,0.016,,,,9,,1.0,0.2,0,10,18,1.0,
er,20,2,gaussian,100,raw,2,poly_prox,0.402,7.370051545002978e-06,12.729537345955633,4.375987129678736,2,11,0.95,0.95,1,20,20,1.0,
er,20,2,gaussian,100,raw,2,poly_lbfgs,0.3362,8.386578654691027e-09,12.364966494894087,5099.837408034633,5,21,0.8571428571428571,0.9,1,20,21,1.0,
er,20,2,gaussian,100,raw,2,notears,0.2775,1.5785037277282754e-08,12.268072611103165,3684.2073325880724,5,21,0.8571428571428571,0.9,1,20,21,1.0,
er,20,2,gaussian,100,raw,2,sort,0.0005,0.0,13.167516777408991,,11,0,0.6451612903225806,1.0,1,20,31,1.0,
er,20,2,gaussian,100,raw,2,pc,0.0301,,,,18,,0.5,0.25,0,20,24,1.0,
er,20,2,gaussian,100,raw,2,ges,0.1866,,,,21,,0.4444444444444444,0.8,0,20,38,1.0,
er,20,2,gaussian,1000,raw,2,poly_prox,0.4011,6.2457693716631094e-06,12.879383075858192,3.017056475746665,3,11,0.9047619047619048,0.95,1,20,21,1.0,
er,20,2,gaussian,1000,raw,2,poly_lbfgs,0.3106,9.608875077223661e-09,12.376282005188834,8.047886102829882,1,0,0.9523809523809523,1.0,1,20,21,1.0,
er,20,2,gaussian,1000,raw,2,notears,0.2756,1.2646275138195051e-09,12.324072464738556,18.389544774662188,0,0,1.0,1.0,1,20,20,1.0,
er,20,2,gaussian,1000,raw,2,sort,0.0015,0.0,12.817965249658695,,0,0,1.0,1.0,1,20,20,1.0,
er,20,2,gaussian,1000,raw,2,pc,0.0335,,,,6,,1.0,0.7,0,20,24,1.0,
er,20,2,gaussian,1000,raw,2,ges,0.0912,,,,7,,0.8333333333333334,0.75,0,20,26,1.0,
er,5,2,gaussian,100,standardized,0,poly_prox,0.1412,1.5242426324786992e-06,1.9302787499762994,0.005605309240304288,4,8,0.25,0.25,1,4,4,0.5,
er,5,2,gaussian,100,standardized,0,poly_lbfgs,0.1355,9.403998915241811e-09,1.9341512050568315,0.5728966932361148,4,8,0.25,0.25,1,4,4,0.5,
er,5,2,gaussian,100,standardized,0,notears,0.0947,8.883739965881432e-09,1.9343543415767288,0.5901032607186111,4,8,0.25,0.25,1,4,4,0.5,
er,5,2,gaussian,100,standardized,0,sort,0.0001,0.0,2.0555289910386874,,6,8,0.16666666666666666,0.25,1,4,6,0.5,
er,5,2,gaussian,100,standardized,0,pc,0.0022,,,,3,,0.6666666666666666,0.5,0,4,7,0.5,
er,5,2,gaussian,100,standardized,0,ges,0.003,,,,2,,0.75,0.75,0,4,6,0.5,
er,5,2,gaussian,1000,standardized,0,poly_prox,0.1319,6.238160230784382e-06,1.8653583514047578,0.0038199578759924987,3,6,0.4,0.5,1,4,5,0.5,
er,5,2,gaussian,1000,standardized,0,poly_lbfgs,0.1394,8.613549798901047e-09,1.8726920629713821,0.5697754448251596,3,6,0.4,0.5,1,4,5,0.5,
er,5,2,gaussian,1000,standardized,0,notears,0.1071,7.782203326200943e-09,1.8727738088135837,0.558528274311492,3,6,0.4,0.5,1,4,5,0.5,
er,5,2,gaussian,1000,standardized,0,sort,0.0002,0.0,2.028184059745114,,8,12,0.0,0.0,1,4,8,0.5,
er,5,2,gaussian,1000,standardized,0,pc,0.0012,,,,2,,1.0,0.5,0,4,6,0.5,
er,5,2,gaussian,1000,standardized,0,ges,0.0027,,,,2,,1.0,0.5,0,4,6,0.5,
er,5,2,gaussian,10000,standardized,0,poly_prox,0.1304,6.4862539519759424e-06,1.876858036157667,0.004073023818319522,3,6,0.4,0.5,1,4,5,0.5,
er,5,2,gaussian,10000,standardized,0,poly_lbfgs,0.135,8.976183817132434e-09,1.885355776327268,0.6248992802616535,3,6,0.4,0.5,1,4,5,0.5,
er,5,2,gaussian,10000,standardized,0,notears,0.0271,inf,37058.21328580937,inf,10,,1.0,0.0,0,4,20,0.5,
er,5,2,gaussian,10000,standardized,0,sort,0.0006,0.0,1.9508956394709362,,1,3,0.75,0.75,1,4,4,0.5,
er,5,2,gaussian,10000,standardized,0,pc,0.0015,,,,2,,1.0,0.5,0,4,6,0.5,
er,5,2,gaussian,10000,standardized,0,ges,0.0026,,,,2,,1.0,0.5,0,4,6,0.5,
er,10,2,gaussian,100,standardized,0,poly_prox,0.2174,3.327455417639743e-06,2.8958977620768622,0.4611014652572876,12,50,0.3333333333333333,0.21428571428571427,1,14,9,0.5,
er,10,2,gaussian,100,standardized,0,poly_lbfgs,0.1812,3.5905546124489603e-09,2.885576223196436,1.0621372412494832,12,44,0.3333333333333333,0.21428571428571427,1,14,9,0.5,
er,10,2,gaussian,100,standardized,0,notears,0.1423,3.210166354961075e-09,2.88498753152669,1.1426493946966045,12,44,0.3333333333333333,0.21428571428571427,1,14,9,0.5,
er,10,2,gaussian,100,standardized,0,sort,0.0002,0.0,4.263564487409587,,20,35,0.2727272727272727,0.42857142857142855,1,14,22,0.5,
er,10,2,gaussian,100,standardized,0,pc,0.0095,,,,13,53,0.3,0.21428571428571427,1,14,10,0.5,
er,10,2,gaussian,100,standardized,0,ges,0.0351,,,,10,,0.5714285714285714,0.5714285714285714,0,14,20,0.5,
er,10,2,gaussian,1000,standardized,0,poly_prox,0.21,2.331664594327148e-06,2.945304603494762,0.1157165137326523,11,43,0.4,0.2857142857142857,1,14,10,0.5,
er,10,2,gaussian,1000,standardized,0,poly_lbfgs,0.1856,2.9989260283527513e-09,2.937414238242221,1.0954022964195262,11,43,0.36363636363636365,0.2857142857142857,1,14,11,0.5,
er,10,2,gaussian,1000,standardized,0,notears,0.1523,2.941842325299149e-09,2.9386998895646803,1.0456308295081118,11,43,0.36363636363636365,0.2857142857142857,1,14,11,0.5,
er,10,2,gaussian,1000,standardized,0,sort,0.0004,0.0,3.422462915299575,,7,21,0.6666666666666666,0.7142857142857143,1,14,15,0.5,
er,10,2,gaussian,1000,standardized,0,pc,0.0127,,,,12,,0.36363636363636365,0.2857142857142857,0,14,13,0.5,
er,10,2,gaussian,1000,standardized,0,ges,0.0298,,,,3,,1.0,0.7857142857142857,0,14,17,0.5,
er,10,2,gaussian,10000,standardized,0,poly_prox,0.2114,6.768369475568291e-07,2.9432539042321686,0.15936492469382324,11,43,0.4,0.2857142857142857,1,14,10,0.5,
er,10,2,gaussian,10000,standardized,0,poly_lbfgs,0.2061,3.241548775041852e-09,2.9200377191974174,1.208046940869181,11,43,0.36363636363636365,0.2857142857142857,1,14,11,0.5,
er,10,2,gaussian,10000,standardized,0,notears,0.1527,2.8276527785919825e-09,2.9203686223026155,1.1713012697553145,11,43,0.36363636363636365,0.2857142857142857,1,14,11,0.5,
er,10,2,gaussian,10000,standardized,0,sort,0.0024,0.0,3.277753228433028,,7,28,0.6923076923076923,0.6428571428571429,1,14,13,0.5,
er,10,2,gaussian,10000,standardized,0,pc,0.0142,,,,13,,0.3076923076923077,0.2857142857142857,0,14,15,0.5,
er,10,2,gaussian,10000,standardized,0,ges,0.0239,,,,10,,0.4666666666666667,0.5,0,14,17,0.5,
er,20,2,gaussian,100,standardized,0,poly_prox,0.3969,3.3105440365675214e-06,6.737291597354747,0.6287178698807387,20,93,0.4,0.2962962962962963,1,27,20,0.5,
er,20,2,gaussian,100,standardized,0,poly_lbfgs,0.321,3.023768716200314e-09,6.924996368715303,24.29719404151269,23,107,0.3157894736842105,0.2222222222222222,1,27,19,0.5,
er,20,2,gaussian,100,standardized,0,notears,0.2703,3.722639974057529e-09,6.853627994056787,2.905862626116995,21,105,0.35,0.25925925925925924,1,27,20,0.5,
er,20,2,gaussian,100,standardized,0,sort,0.0005,0.0,8.681321597637487,,41,107,0.16216216216216217,0.2222222222222222,1,27,37,0.5,
er,20,2,gaussian,100,standardized,0,pc,0.0224,,,,15,,0.7647058823529411,0.48148148148148145,0,27,23,0.5,
er,20,2,gaussian,100,standardized,0,ges,0.1734,,,,25,,0.42857142857142855,0.5555555555555556,0,27,39,0.5,
er,20,2,gaussian,1000,standardized,0,poly_prox,0.4043,2.0704033509272976e-05,6.788649206074564,0.06333413310633021,22,,0.4,0.37037037037037035,0,27,25,0.5,
er,20,2,gaussian,1000,standardized,0,poly_lbfgs,0.3215,2.4392071293682215e-09,6.970611522163429,2.383496045369429,22,105,0.3333333333333333,0.25925925925925924,1,27,21,0.5,
er,20,2,gaussian,1000,standardized,0,notears,0.267,2.953289168772244e-09,6.978386361520558,2.3599909341166256,22,105,0.3333333333333333,0.25925925925925924,1,27,21,0.5,
er,20,2,gaussian,1000,standardized,0,sort,0.0016,0.0,8.249494703659357,,25,79,0.3939393939393939,0.48148148148148145,1,27,33,0.5,
er,20,2,gaussian,1000,standardized,0,pc,0.0361,,,,13,,0.8421052631578947,0.5925925925925926,0,27,25,0.5,
er,20,2,gaussian,1000,standardized,0,ges,0.192,,,,25,70,0.40476190476190477,0.6296296296296297,1,27,42,0.5,
er,5,2,gaussian,100,standardized,1,poly_prox,0.1473,9.087925378803607e-06,1.4087131472369467,0.033998088035182825,2,10,0.5,0.5,1,4,4,0.5,
er,5,2,gaussian,100,standardized,1,poly_lbfgs,0.1366,8.891963261203895e-09,1.4209922853171117,1.1994920685577786,2,10,0.5,0.5,1,4,4,0.5,
er,5,2,gaussian,100,standardized,1,notears,0.1184,7.410605462609965e-09,1.420169321623015,0.7955203755330585,1,5,0.75,0.75,1,4,4,0.5,
er,5,2,gaussian,100,standardized,1,sort,0.0001,0.0,1.6087209630093295,,5,14,0.2,0.25,1,4,5,0.5,
er,5,2,gaussian,100,standardized,1,pc,0.0023,,,,5,,1.0,0.0,0,4,10,0.5,
er,5,2,gaussian,100,standardized,1,ges,0.0027,,,,4,,1.0,0.0,0,4,8,0.5,
er,5,2,gaussian,1000,standardized,1,poly_prox,0.1583,8.708845544459321e-06,1.3510905108493312,0.10595790073567386,3,10,0.5,0.5,1,4,4,0.5,
er,5,2,gaussian,1000,standardized,1,poly_lbfgs,0.1388,7.850710905549368e-10,1.3748358984933398,1.0316191219367055,2,10,0.5,0.5,1,4,4,0.5,
er,5,2,gaussian,1000,standardized,1,notears,0.1003,2.249466390935595e-09,1.3745756021527211,0.7715832442785864,2,10,0.5,0.5,1,4,4,0.5,
er,5,2,gaussian,1000,standardized,1,sort,0.0002,0.0,1.428060024610177,,1,5,0.75,0.75,1,4,4,0.5,
er,5,2,gaussian,1000,standardized,1,pc,0.0017,,,,4,,1.0,0.0,0,4,8,0.5,
er,5,2,gaussian,1000,standardized,1,ges,0.0028,,,,4,,1.0,0.0,0,4,8,0.5,
er,5,2,gaussian,10000,standardized,1,poly_prox,0.1717,8.54072174058327e-06,1.369673701934534,0.11909088852300313,3,10,0.5,0.5,1,4,4,0.5,
er,5,2,gaussian,10000,standardized,1,poly_lbfgs,0.1131,3.4251514294982962e-09,1.4027306137407833,1.3064195383712864,2,10,0.5,0.5,1,4,4,0.5,
er,5,2,gaussian,10000,standardized,1,notears,0.0991,2.7601974039725974e-09,1.3993896950839235,0.9730834237419064,2,10,0.5,0.5,1,4,4,0.5,
er,5,2,gaussian,10000,standardized,1,sort,0.0006,0.0,1.4480724791698485,,3,10,0.5,0.5,1,4,4,0.5,
er,5,2,gaussian,10000,standardized,1,pc,0.0017,,,,4,,1.0,0.0,0,4,8,0.5,
er,5,2,gaussian,10000,standardized,1,ges,0.0029,,,,4,,1.0,0.0,0,4,8,0.5,
er,10,2,gaussian,100,standardized,1,poly_prox,0.2174,4.843201432289422e-06,3.5185655174419326,7.744439462482625,7,17,0.42857142857142855,0.375,1,8,7,0.5,
er,10,2,gaussian,100,standardized,1,poly_lbfgs,0.1672,5.962189433997119e-09,3.433346044950224,1.7119114878368453,7,23,0.25,0.25,1,8,8,0.5,
er,10,2,gaussian,100,standardized,1,notears,0.1428,3.456317898553607e-09,3.4343539181239113,1.3885763004929197,7,23,0.25,0.25,1,8,8,0.5,
er,10,2,gaussian,100,standardized,1,sort,0.0002,0.0,3.845494749790805,,7,14,0.42857142857142855,0.375,1,8,7,0.5,
er,10,2,gaussian,100,standardized,1,pc,0.0048,,,,6,,1.0,0.25,0,8,10,0.5,
er,10,2,gaussian,100,standardized,1,ges,0.0137,,,,5,,1.0,0.5,0,8,14,0.5,
er,10,2,gaussian,1000,standardized,1,poly_prox,0.218,3.1593271142949753e-06,3.577822926961237,7.519326315571928,7,23,0.2857142857142857,0.25,1,8,7,0.5,
er,10,2,gaussian,1000,standardized,1,poly_lbfgs,0.1877,4.043290665604661e-09,3.530514220774338,1.1753993979734338,7,23,0.25,0.25,1,8,8,0.5,
er,10,2,gaussian,1000,standardized,1,notears,0.1505,3.3979645763793087e-09,3.5288767024325347,1.169579356266321,7,23,0.25,0.25,1,8,8,0.5,
er,10,2,gaussian,1000,standardized,1,sort,0.0004,0.0,3.80911341199407,,6,19,0.5,0.375,1,8,6,0.5,
er,10,2,gaussian,1000,standardized,1,pc,0.004,,,,5,,1.0,0.375,0,8,11,0.5,
er,10,2,gaussian,1000,standardized,1,ges,0.0152,,,,4,,0.75,0.75,0,8,12,0.5,
er,10,2,gaussian,10000,standardized,1,poly_prox,0.2191,2.9103877585073346e-06,3.588003030991717,5.24323502119602,7,23,0.2857142857142857,0.25,1,8,7,0.5,
er,10,2,gaussian,10000,standardized,1,poly_lbfgs,0.1982,1.1628448506909644e-09,3.5438085878579955,1.5285924572741307,7,23,0.25,0.25,1,8,8,0.5,
er,10,2,gaussian,10000,standardized,1,notears,0.1468,3.191885866726807e-09,3.537115200995271,1.1911824029538087,7,23,0.25,0.25,1,8,8,0.5,
er,10,2,gaussian,10000,standardized,1,sort,0.0023,0.0,3.830633693134539,,9,26,0.1111111111111111,0.125,1,8,9,0.5,
er,10,2,gaussian,10000,standardized,1,pc,0.0044,,,,4,,0.8333333333333334,0.625,0,8,12,0.5,
er,10,2,gaussian,10000,standardized,1,ges,0.0135,,,,4,,0.8333333333333334,0.625,0,8,12,0.5,
er,20,2,gaussian,100,standardized,1,poly_prox,0.3873,6.27306762450036e-06,6.675398923673909,0.10370429560293633,16,86,0.4375,0.35,1,20,16,0.5,
er,20,2,gaussian,100,standardized,1,poly_lbfgs,0.3598,7.203890257623552e-09,6.830052881933856,814.5550838699176,16,86,0.4375,0.35,1,20,16,0.5,
er,20,2,gaussian,100,standardized,1,notears,0.2409,3.753356736524438e-09,6.852142517879516,33.71176134683333,16,86,0.4375,0.35,1,20,16,0.5,
er,20,2,gaussian,100,standardized,1,sort,0.0005,0.0,8.516269815896088,,34,111,0.125,0.2,1,20,32,0.5,
er,20,2,gaussian,100,standardized,1,pc,0.0221,,,,18,,0.5,0.15,0,20,18,0.5,
er,20,2,gaussian,100,standardized,1,ges,0.1558,,,,12,,0.6071428571428571,0.85,0,20,30,0.5,
er,20,2,gaussian,1000,standardized,1,poly_prox,0.3633,7.5494493741153285e-06,6.7201198810444716,0.28297318538789223,16,91,0.4,0.3,1,20,15,0.5,
er,20,2,gaussian,1000,standardized,1,poly_lbfgs,0.2858,9.483774817547738e-09,6.804720966999106,2.403720884749904,13,82,0.5333333333333333,0.4,1,20,15,0.5,
er,20,2,gaussian,1000,standardized,1,notears,0.231,2.8795241746593092e-09,6.809900044773638,2.7472860550310814,13,82,0.5333333333333333,0.4,1,20,15,0.5,
er,20,2,gaussian,1000,standardized,1,sort,0.0014,0.0,8.396453326700776,,28,97,0.2222222222222222,0.3,1,20,27,0.5,
er,20,2,gaussian,1000,standardized,1,pc,0.0389,,,,12,,0.6428571428571429,0.45,0,20,22,0.5,
er,20,2,gaussian,1000,standardized,1,ges,0.1043,,,,6,,0.8181818181818182,0.9,0,20,26,0.5,
er,5,2,gaussian,100,standardized,2,poly_prox,0.1425,4.844539643053624e-06,1.7952509647501262,0.0010078171094583639,4,9,0.25,0.25,1,4,4,0.5,
er,5,2,gaussian,100,standardized,2,poly_lbfgs,0.1549,2.4332911935769007e-09,1.8011992616653485,0.6185286953944683,4,9,0.25,0.25,1,4,4,0.5,
er,5,2,gaussian,100,standardized,2,notears,0.1121,9.896998776071086e-09,1.8011157177162425,0.6209559473675071,4,9,0.25,0.25,1,4,4,0.5,
er,5,2,gaussian,100,standardized,2,sort,0.0001,0.0,1.8955697675025258,,3,4,0.5,0.5,1,4,4,0.5,
er,5,2,gaussian,100,standardized,2,pc,0.0031,,,,3,,0.5,0.25,0,4,6,0.5,
er,5,2,gaussian,100,standardized,2,ges,0.0026,,,,2,,1.0,0.5,0,4,6,0.5,
er,5,2,gaussian,1000,standardized,2,poly_prox,0.1642,5.73842525088188e-06,1.7914545417495051,0.00611806375688757,3,9,0.3333333333333333,0.25,1,4,3,0.5,
er,5,2,gaussian,1000,standardized,2,poly_lbfgs,0.1497,8.198788172207416e-09,1.7978262131717677,0.6859023452750467,3,9,0.3333333333333333,0.25,1,4,3,0.5,
er,5,2,gaussian,1000,standardized,2,notears,0.1039,7.41512096169572e-09,1.7977150670760513,0.6453847891744875,3,9,0.3333333333333333,0.25,1,4,3,0.5,
er,5,2,gaussian,1000,standardized,2,sort,0.0002,0.0,1.8850604904560864,,3,4,0.5,0.5,1,4,4,0.5,
er,5,2,gaussian,1000,standardized,2,pc,0.0014,,,,2,,1.0,0.5,0,4,6,0.5,
er,5,2,gaussian,1000,standardized,2,ges,0.0028,,,,2,,1.0,0.5,0,4,6,0.5,
er,5,2,gaussian,10000,standardized,2,poly_prox,0.1429,5.752721220969593e-06,1.8124436611947612,0.004316145824277835,3,9,0.3333333333333333,0.25,1,4,3,0.5,
er,5,2,gaussian,10000,standardized,2,poly_lbfgs,0.1508,8.102991044680257e-09,1.8187169988809044,0.6468347193327094,3,9,0.3333333333333333,0.25,1,4,3,0.5,
er,5,2,gaussian,10000,standardized,2,notears,0.0301,inf,18832.117452160463,inf,10,,1.0,0.0,0,4,20,0.5,
er,5,2,gaussian,10000,standardized,2,sort,0.0006,0.0,1.857792877348285,,0,0,1.0,1.0,1,4,4,0.5,
er,5,2,gaussian,10000,standardized,2,pc,0.0016,,,,2,,1.0,0.5,0,4,6,0.5,
er,5,2,gaussian,10000,standardized,2,ges,0.003,,,,2,,1.0,0.5,0,4,6,0.5,
er,10,2,gaussian,100,standardized,2,poly_prox,0.2456,9.661620392472878e-06,2.9830811363201026,0.03287859992674779,7,25,0.4,0.4,1,10,10,0.5,
er,10,2,gaussian,100,standardized,2,poly_lbfgs,0.1751,6.575942509641953e-09,3.0144158131007175,1.6672432431948943,7,21,0.45454545454545453,0.5,1,10,11,0.5,
er,10,2,gaussian,100,standardized,2,notears,0.1459,2.9158329084566503e-09,3.013673502498188,1.3788474915029278,7,21,0.45454545454545453,0.5,1,10,11,0.5,
er,10,2,gaussian,100,standardized,2,sort,0.0002,0.0,3.5867242126190213,,11,23,0.2857142857142857,0.4,1,10,14,0.5,
er,10,2,gaussian,100,standardized,2,pc,0.0053,,,,6,,0.6666666666666666,0.4,0,10,12,0.5,
er,10,2,gaussian,100,standardized,2,ges,0.0191,,,,9,,0.4444444444444444,0.4,0,10,15,0.5,
er,10,2,gaussian,1000,standardized,2,poly_prox,0.2146,9.306998442527158e-06,3.0234033484892953,0.035353457258008106,8,27,0.3,0.3,1,10,10,0.5,
er,10,2,gaussian,1000,standardized,2,poly_lbfgs,0.1758,9.646366554712765e-09,3.0482398923041565,1.1382145247001247,7,23,0.4,0.4,1,10,10,0.5,
er,10,2,gaussian,1000,standardized,2,notears,0.1443,9.828696079239307e-09,3.0538564751751593,1.261228749804898,8,23,0.36363636363636365,0.4,1,10,11,0.5,
er,10,2,gaussian,1000,standardized,2,sort,0.0004,0.0,3.4463050365157892,,8,20,0.38461538461538464,0.5,1,10,13,0.5,
er,10,2,gaussian,1000,standardized,2,pc,0.0038,,,,7,,0.6666666666666666,0.4,0,10,14,0.5,
er,10,2,gaussian,1000,standardized,2,ges,0.0181,,,,10,,1.0,0.2,0,10,20,0.5,
er,10,2,gaussian,10000,standardized,2,poly_prox,0.21,1.548112257734745e-06,3.2209957999488523,0.6867855471602631,7,21,0.4444444444444444,0.4,1,10,9,0.5,
er,10,2,gaussian,10000,standardized,2,poly_lbfgs,0.1834,9.112607393822017e-09,3.083429210999821,1.1499279101184061,6,21,0.5,0.5,1,10,10,0.5,
er,10,2,gaussian,10000,standardized,2,notears,0.1638,1.952809469685235e-09,3.079442408626403,1.3447368688869552,6,21,0.5,0.5,1,10,10,0.5,
er,10,2,gaussian,10000,standardized,2,sort,0.0023,0.0,3.3978993496986702,,8,14,0.4166666666666667,0.5,1,10,12,0.5,
er,10,2,gaussian,10000,standardized,2,pc,0.0044,,,,8,,1.0,0.2,0,10,16,0.5,
er,10,2,gaussian,10000,standardized,2,ges,0.016,,,,9,,1.0,0.2,0,10,18,0.5,
er,20,2,gaussian,100,standardized,2,poly_prox,0.4032,1.4692926681167281e-05,6.008246778213296,0.34242431960548164,19,94,0.3888888888888889,0.35,1,20,18,0.5,
er,20,2,gaussian,100,standardized,2,poly_lbfgs,0.3237,1.1308282172507422e-08,6.32361692384576,698.7908662121251,18,96,0.4117647058823529,0.35,1,20,17,0.5,
er,20,2,gaussian,100,standardized,2,notears,0.2759,2.2337705019026544e-08,6.292794106964158,2342.791785810758,19,95,0.4117647058823529,0.35,1,20,17,0.5,
er,20,2,gaussian,100,standardized,2,sort,0.0006,0.0,10.064027486251554,,67,130,0.046153846153846156,0.15,1,20,65,0.5,
er,20,2,gaussian,100,standardized,2,pc,0.0305,,,,18,,0.5,0.25,0,20,24,0.5,
er,20,2,gaussian,100,standardized,2,ges,0.1966,,,,21,,0.4444444444444444,0.8,0,20,38,0.5,
er,20,2,gaussian,1000,standardized,2,poly_prox,0.3877,1.2230595565783418e-05,6.170662979159282,0.37092355867898164,17,78,0.4117647058823529,0.35,1,20,17,0.5,
er,20,2,gaussian,1000,standardized,2,poly_lbfgs,0.324,2.1340492153653103e-08,6.668265213488056,3151.545959285193,17,89,0.4,0.3,1,20,15,0.5,
er,20,2,gaussian,1000,standardized,2,notears,0.2772,1.4433233275212842e-08,6.402389969835418,1099.0946025766982,18,86,0.375,0.3,1,20,16,0.5,
er,20,2,gaussian,1000,standardized,2,sort,0.0015,0.0,7.530921440260379,,29,116,0.11538461538461539,0.15,1,20,26,0.5,
er,20,2,gaussian,1000,standardized,2,pc,0.0339,,,,6,,1.0,0.7,0,20,24,0.5,
er,20,2,gaussian,1000,standardized,2,ges,0.0918,,,,7,,0.8333333333333334,0.75,0,20,26,0.5,
er,5,2,laplace,100,raw,0,poly_prox,0.1626,6.064670549844432e-06,3.0688272874753624,0.012806543200990306,0,0,1.0,1.0,1,4,4,1.0,
er,5,2,laplace,100,raw,0,poly_lbfgs,0.1025,8.53813157373061e-09,3.075973299463467,2.1674074113839574,0,0,1.0,1.0,1,4,4,1.0,
er,5,2,laplace,100,raw,0,notears,0.1002,7.982448479992854e-09,3.076142046801885,2.16895106384903,0,0,1.0,1.0,1,4,4,1.0,
er,5,2,laplace,100,raw,0,sort,0.0001,0.0,3.1711917117263235,,1,0,0.8,1.0,1,4,5,1.0,
er,5,2,laplace,100,raw,0,pc,0.002,,,,2,,1.0,0.5,0,4,6,1.0,
er,5,2,laplace,100,raw,0,ges,0.0028,,,,2,,1.0,0.5,0,4,6,1.0,
er,5,2,laplace,1000,raw,0,poly_prox,0.1616,6.091231023031415e-06,3.1610786965858537,0.017466126303026085,0,0,1.0,1.0,1,4,4,1.0,
er,5,2,laplace,1000,raw,0,poly_lbfgs,0.1099,8.464403696035135e-09,3.1684197883901866,1.9749567265993437,0,0,1.0,1.0,1,4,4,1.0,
er,5,2,laplace,1000,raw,0,notears,0.0911,8.021208586228568e-09,3.168843735311566,2.029771529947383,0,0,1.0,1.0,1,4,4,1.0,
er,5,2,laplace,1000,raw,0,sort,0.0002,0.0,3.2063176821102832,,0,0,1.0,1.0,1,4,4,1.0,
er,5,2,laplace,1000,raw,0,pc,0.0014,,,,3,,0.6666666666666666,0.5,0,4,7,1.0,
er,5,2,laplace,1000,raw,0,ges,0.0026,,,,2,,1.0,0.5,0,4,6,1.0,
er,10,2,laplace,100,raw,0,poly_prox,0.2247,1.3288199165429217e-05,6.145535744647299,0.1270946613356798,1,5,1.0,0.9166666666666666,1,12,11,1.0,
er,10,2,laplace,100,raw,0,poly_lbfgs,0.1911,5.558941279989056e-09,6.185929421519077,23.18850328019222,1,5,1.0,0.9166666666666666,1,12,11,1.0,
er,10,2,laplace,100,raw,0,notears,0.1609,2.7775151067999104e-09,6.183145539524975,2.8057527104857414,1,5,1.0,0.9166666666666666,1,12,11,1.0,
er,10,2,laplace,100,raw,0,sort,0.0002,0.0,6.487483977251472,,0,0,1.0,1.0,1,12,12,1.0,
er,10,2,laplace,100,raw,0,pc,0.0072,,,,11,,0.42857142857142855,0.25,0,12,11,1.0,
er,10,2,laplace,100,raw,0,ges,0.0256,,,,9,,0.5454545454545454,0.5,0,12,19,1.0,
er,10,2,laplace,1000,raw,0,poly_prox,0.2193,1.9092871278681922e-05,6.37580014279275,0.04511931112051162,1,5,1.0,0.9166666666666666,1,12,11,1.0,
er,10,2,laplace,1000,raw,0,poly_lbfgs,0.2007,1.7765304536463356e-09,6.359149713896439,4.358690957084208,0,0,1.0,1.0,1,12,12,1.0,
er,10,2,laplace,1000,raw,0,notears,0.1484,5.508367095785616e-09,6.357865296417845,2.0530753526376304,0,0,1.0,1.0,1,12,12,1.0,
er,10,2,laplace,1000,raw,0,sort,0.0004,0.0,6.490770384731956,,0,0,1.0,1.0,1,12,12,1.0,
er,10,2,laplace,1000,raw,0,pc,0.0064,,,,4,,0.9,0.75,0,12,14,1.0,
er,10,2,laplace,1000,raw,0,ges,0.0195,,,,2,,1.0,0.8333333333333334,0,12,14,1.0,
er,20,2,laplace,100,raw,0,poly_prox,0.4022,2.332456484476085e-05,11.49486249707238,0.2006880847638552,2,2,0.8666666666666667,0.9285714285714286,1,14,15,1.0,
er,20,2,laplace,100,raw,0,poly_lbfgs,0.3348,7.549053319769598e-09,11.553409237844464,1659.3413256726099,2,2,0.8666666666666667,0.9285714285714286,1,14,15,1.0,
er,20,2,laplace,100,raw,0,notears,0.288,5.682416315266892e-09,11.557685756760566,1390.292059616366,2,2,0.8666666666666667,0.9285714285714286,1,14,15,1.0,
er,20,2,laplace,100,raw,0,sort,0.0005,0.0,12.762999178354752,,8,0,0.6363636363636364,1.0,1,14,22,1.0,
er,20,2,laplace,100,raw,0,pc,0.0134,,,,6,,0.9,0.6428571428571429,0,14,16,1.0,
er,20,2,laplace,100,raw,0,ges,0.0952,,,,10,,0.5909090909090909,0.9285714285714286,0,14,24,1.0,
er,20,2,laplace,1000,raw,0,poly_prox,0.4355,1.338820024181991e-05,11.87703218563702,0.16341923947340825,0,0,1.0,1.0,1,14,14,1.0,
er,20,2,laplace,1000,raw,0,poly_lbfgs,0.3379,3.771860036962667e-09,11.888335351560558,4.097246930228463,0,0,1.0,1.0,1,14,14,1.0,
er,20,2,laplace,1000,raw,0,notears,0.2866,3.873417142585822e-09,11.892409198183852,4.155162349226267,0,0,1.0,1.0,1,14,14,1.0,
er,20,2,laplace,1000,raw,0,sort,0.0017,0.0,12.365547092094756,,0,0,1.0,1.0,1,14,14,1.0,
er,20,2,laplace,1000,raw,0,pc,0.013,,,,6,,0.8181818181818182,0.6428571428571429,0,14,19,1.0,
er,20,2,laplace,1000,raw,0,ges,0.0583,,,,3,,1.0,0.7857142857142857,0,14,17,1.0,
er,5,2,laplace,100,raw,1,poly_prox,0.154,5.4490221263654336e-06,3.1119557835634453,0.13007361962056993,2,2,1.0,0.5,1,4,2,0.75,
er,5,2,laplace,100,raw,1,poly_lbfgs,0.1355,9.127805583320659e-09,3.107398887862824,1.2889144953418223,2,4,0.6666666666666666,0.5,1,4,3,0.75,
er,5,2,laplace,100,raw,1,notears,0.1057,8.283882024784361e-09,3.107136897989498,1.2998495159239036,2,4,0.6666666666666666,0.5,1,4,3,0.75,
er,5,2,laplace,100,raw,1,sort,0.0001,0.0,3.1494368661155123,,1,3,0.75,0.75,1,4,4,0.75,
er,5,2,laplace,100,raw,1,pc,0.0016,,,,4,,1.0,0.0,0,4,4,0.75,
er,5,2,laplace,100,raw,1,ges,0.002,,,,4,,0.0,0.0,0,4,4,0.75,
er,5,2,laplace,1000,raw,1,poly_prox,0.161,5.8118781398029345e-06,2.8892396872732817,0.012227411337974505,1,1,1.0,0.75,1,4,3,0.75,
er,5,2,laplace,1000,raw,1,poly_lbfgs,0.1502,8.244821252859079e-09,2.8955464124394963,1.1978572781539634,1,1,1.0,0.75,1,4,3,0.75,
er,5,2,laplace,1000,raw,1,notears,0.0936,7.486379516308261e-09,2.8959650105393466,1.2119347147662038,1,1,1.0,0.75,1,4,3,0.75,
er,5,2,laplace,1000,raw,1,sort,0.0003,0.0,2.930460333358044,,1,3,0.75,0.75,1,4,4,0.75,
er,5,2,laplace,1000,raw,1,pc,0.0013,,,,4,,1.0,0.0,0,4,8,0.75,
er,5,2,laplace,1000,raw,1,ges,0.0028,,,,4,,1.0,0.0,0,4,8,0.75,
er,10,2,laplace,100,raw,1,poly_prox,0.2195,8.939031020312872e-06,5.758898841384405,0.04549126756183555,0,0,1.0,1.0,1,13,13,1.0,
er,10,2,laplace,100,raw,1,poly_lbfgs,0.2008,3.100162113351206e-09,5.773154102490485,2.8842599659486505,0,0,1.0,1.0,1,13,13,1.0,
er,10,2,laplace,100,raw,1,notears,0.1708,1.4496599476387928e-09,5.7747297657742145,4.878140508366235,0,0,1.0,1.0,1,13,13,1.0,
er,10,2,laplace,100,raw,1,sort,0.0002,0.0,6.104385606256204,,2,0,0.8666666666666667,1.0,1,13,15,1.0,
er,10,2,laplace,100,raw,1,pc,0.0069,,,,13,,0.5,0.07692307692307693,0,13,14,1.0,
er,10,2,laplace,100,raw,1,ges,0.0238,,,,4,,0.9090909090909091,0.7692307692307693,0,13,17,1.0,
er,10,2,laplace,1000,raw,1,poly_prox,0.2206,1.2396328988348553e-05,6.382047392858199,0.0946608259128966,1,5,1.0,0.9230769230769231,1,13,12,1.0,
er,10,2,laplace,1000,raw,1,poly_lbfgs,0.199,2.9181060151376876e-09,6.382692368972302,3.0495813140723316,0,0,1.0,1.0,1,13,13,1.0,
er,10,2,laplace,1000,raw,1,notears,0.1632,2.817118982534339e-09,6.383782858031766,3.146291957308269,0,0,1.0,1.0,1,13,13,1.0,
er,10,2,laplace,1000,raw,1,sort,0.0004,0.0,6.571442181280242,,0,0,1.0,1.0,1,13,13,1.0,
er,10,2,laplace,1000,raw,1,pc,0.0094,,,,8,,0.625,0.38461538461538464,0,13,14,1.0,
er,10,2,laplace,1000,raw,1,ges,0.019,,,,3,,1.0,0.7692307692307693,0,13,16,1.0,
er,20,2,laplace,100,raw,1,poly_prox,0.4041,2.5496223460249095e-05,12.15115725025067,0.2181707437787691,4,9,1.0,0.7647058823529411,1,17,13,0.9655172413793104,
er,20,2,laplace,100,raw,1,poly_lbfgs,0.3496,7.787020079732815e-09,12.290060594372148,878.3364256143487,3,11,0.9333333333333333,0.8235294117647058,1,17,15,0.9655172413793104,
er,20,2,laplace,100,raw,1,notears,0.2871,5.188304896819318e-09,12.318250123857872,1327.6643342348705,3,11,0.9333333333333333,0.8235294117647058,1,17,15,0.9655172413793104,
er,20,2,laplace,100,raw,1,sort,0.0006,0.0,13.567454932503518,,7,5,0.7142857142857143,0.8823529411764706,1,17,21,0.9655172413793104,
er,20,2,laplace,100,raw,1,pc,0.013,,,,10,,0.8888888888888888,0.47058823529411764,0,17,21,0.9655172413793104,
er,20,2,laplace,100,raw,1,ges,0.1002,,,,9,,0.7222222222222222,0.7647058823529411,0,17,26,0.9655172413793104,
er,20,2,laplace,1000,raw,1,poly_prox,0.4166,1.1949812871407687e-05,12.364056510187474,0.20545752367491893,1,2,1.0,0.9411764705882353,1,17,16,1.0,
er,20,2,laplace,1000,raw,1,poly_lbfgs,0.3241,4.264347270097201e-09,12.394764180826852,5.2864206687382,1,2,1.0,0.9411764705882353,1,17,16,1.0,
er,20,2,laplace,1000,raw,1,notears,0.2731,3.591573261019221e-09,12.394022669427002,4.6212837715076285,1,2,1.0,0.9411764705882353,1,17,16,1.0,
er,20,2,laplace,1000,raw,1,sort,0.0015,0.0,12.919618433042276,,0,0,1.0,1.0,1,17,17,1.0,
er,20,2,laplace,1000,raw,1,pc,0.0137,,,,8,,1.0,0.5294117647058824,0,17,25,1.0,
er,20,2,laplace,1000,raw,1,ges,0.0767,,,,8,,1.0,0.5294117647058824,0,17,25,1.0,
er,5,2,laplace,100,raw,2,poly_prox,0.1603,7.852269063944944e-06,2.9667173497254247,0.08723200411238867,1,3,1.0,0.8333333333333334,1,6,5,1.0,
er,5,2,laplace,100,raw,2,poly_lbfgs,0.0987,2.4530890438160246e-09,2.958351343701973,2.4338880399090073,0,0,1.0,1.0,1,6,6,1.0,
er,5,2,laplace,100,raw,2,notears,0.1046,2.1292114738002965e-09,2.9583403228507184,2.3371780537437887,0,0,1.0,1.0,1,6,6,1.0,
er,5,2,laplace,100,raw,2,sort,0.0001,0.0,3.0269887296911233,,0,0,1.0,1.0,1,6,6,1.0,
er,5,2,laplace,100,raw,2,pc,0.002,,,,6,,1.0,0.0,0,6,8,1.0,
er,5,2,laplace,100,raw,2,ges,0.0026,,,,4,,0.6666666666666666,0.3333333333333333,0,6,5,1.0,
er,5,2,laplace,1000,raw,2,poly_prox,0.1578,7.645456597954469e-06,3.0200866629088847,0.06738624760343868,1,3,1.0,0.8333333333333334,1,6,5,1.0,
er,5,2,laplace,1000,raw,2,poly_lbfgs,0.1276,2.361580870229224e-09,3.0270014750742273,2.1895658701422622,1,3,1.0,0.8333333333333334,1,6,5,1.0,
er,5,2,laplace,1000,raw,2,notears,0.0909,2.1690338414259713e-09,3.0271211366237187,2.1240221964790056,1,3,1.0,0.8333333333333334,1,6,5,1.0,
er,5,2,laplace,1000,raw,2,sort,0.0002,0.0,3.079571194559363,,0,0,1.0,1.0,1,6,6,1.0,
er,5,2,laplace,1000,raw,2,pc,0.0016,,,,3,,0.75,0.5,0,6,6,1.0,
er,5,2,laplace,1000,raw,2,ges,0.0032,,,,3,,0.75,0.5,0,6,6,1.0,
er,10,2,laplace,100,raw,2,poly_prox,0.2209,9.871190710667657e-06,6.300995164371839,0.05106760860162466,0,0,1.0,1.0,1,8,8,0.9166666666666666,
er,10,2,laplace,100,raw,2,poly_lbfgs,0.1906,4.406991780971931e-09,6.318444351431872,2.60088392491613,0,0,1.0,1.0,1,8,8,0.9166666666666666,
er,10,2,laplace,100,raw,2,notears,0.1744,4.371109696421627e-09,6.318535088171753,2.4892237745437558,0,0,1.0,1.0,1,8,8,0.9166666666666666,
er,10,2,laplace,100,raw,2,sort,0.0002,0.0,6.690661152243318,,5,2,0.5833333333333334,0.875,1,8,12,0.9166666666666666,
er,10,2,laplace,100,raw,2,pc,0.0051,,,,9,,0.0,0.0,0,8,14,0.9166666666666666,
er,10,2,laplace,100,raw,2,ges,0.0127,,,,5,,0.7142857142857143,0.625,0,8,11,0.9166666666666666,
er,10,2,laplace,1000,raw,2,poly_prox,0.2172,7.889908841250208e-06,6.10729474510135,0.023766503950725208,0,0,1.0,1.0,1,8,8,0.9166666666666666,
er,10,2,laplace,1000,raw,2,poly_lbfgs,0.1992,9.967036240435995e-10,6.119667259569592,3.7045801175781987,0,0,1.0,1.0,1,8,8,0.9166666666666666,
er,10,2,laplace,1000,raw,2,notears,0.1546,3.4716993724259737e-09,6.119947937237937,3.6102996998016383,0,0,1.0,1.0,1,8,8,0.9166666666666666,
er,10,2,laplace,1000,raw,2,sort,0.0004,0.0,6.372588792375782,,3,2,0.7,0.875,1,8,10,0.9166666666666666,
er,10,2,laplace,1000,raw,2,pc,0.0047,,,,1,,1.0,0.875,0,8,9,0.9166666666666666,
er,10,2,laplace,1000,raw,2,ges,0.0127,,,,5,,0.7142857142857143,0.625,0,8,11,0.9166666666666666,
er,20,2,laplace,100,raw,2,poly_prox,0.4,1.308257344050187e-05,12.00914669357051,1.1571865018045797,3,13,1.0,0.8333333333333334,1,18,15,0.9583333333333334,
er,20,2,laplace,100,raw,2,poly_lbfgs,0.3226,3.1460146623685604e-08,12.032953107126193,9828.366615700113,3,13,1.0,0.8333333333333334,1,18,15,0.9583333333333334,
er,20,2,laplace,100,raw,2,notears,0.2598,1.857432252450053e-08,12.03598759536374,4195.346930912693,3,13,1.0,0.8333333333333334,1,18,15,0.9583333333333334,
er,20,2,laplace,100,raw,2,sort,0.0005,0.0,13.241591686580634,,6,2,0.7391304347826086,0.9444444444444444,1,18,23,0.9583333333333334,
er,20,2,laplace,100,raw,2,pc,0.0198,,,,10,,1.0,0.4444444444444444,0,18,24,0.9583333333333334,
er,20,2,laplace,100,raw,2,ges,0.1021,,,,12,,0.7333333333333333,0.6111111111111112,0,18,31,0.9583333333333334,
er,20,2,laplace,1000,raw,2,poly_prox,0.3615,2.532781557321085e-05,11.96725209404507,0.11511430483696744,1,6,1.0,0.9444444444444444,1,18,17,1.0,
er,20,2,laplace,1000,raw,2,poly_lbfgs,0.3109,5.0191966351848685e-09,12.003447824150133,5.302574700467813,1,6,1.0,0.9444444444444444,1,18,17,1.0,
er,20,2,laplace,1000,raw,2,notears,0.2621,4.308688517085102e-09,12.002346656180855,4.755546863696272,1,6,1.0,0.9444444444444444,1,18,17,1.0,
er,20,2,laplace,1000,raw,2,sort,0.0016,0.0,12.519065349248695,,0,0,1.0,1.0,1,18,18,1.0,
er,20,2,laplace,1000,raw,2,pc,0.0221,,,,10,,0.8181818181818182,0.5,0,18,27,1.0,
er,20,2,laplace,1000,raw,2,ges,0.0961,,,,12,,0.7692307692307693,0.5555555555555556,0,18,31,1.0,
er,5,2,laplace,100,standardized,0,poly_prox,0.133,6.119281305783591e-06,1.4811923696059914,0.007376780426321381,4,9,0.2,0.25,1,4,5,0.5,
er,5,2,laplace,100,standardized,0,poly_lbfgs,0.1222,8.547430915649598e-09,1.488617421115726,0.7031042928921709,4,9,0.2,0.25,1,4,5,0.5,
er,5,2,laplace,100,standardized,0,notears,0.1034,7.954039205060326e-09,1.4892354641395875,0.7129839585963139,4,9,0.2,0.25,1,4,5,0.5,
er,5,2,laplace,100,standardized,0,sort,0.0001,0.0,1.6690328258314922,,3,6,0.4,0.5,1,4,5,0.5,
er,5,2,laplace,100,standardized,0,pc,0.0019,,,,2,,1.0,0.5,0,4,6,0.5,
er,5,2,laplace,100,standardized,0,ges,0.0028,,,,2,,1.0,0.5,0,4,6,0.5,
er,5,2,laplace,1000,standardized,0,poly_prox,0.1641,6.2322112330918495e-06,1.5355486309248687,0.006448735035295785,4,9,0.2,0.25,1,4,5,0.5,
er,5,2,laplace,1000,standardized,0,poly_lbfgs,0.1447,8.31625716535388e-09,1.5425151324788733,0.7081666483678642,4,9,0.2,0.25,1,4,5,0.5,
er,5,2,laplace,1000,standardized,0,notears,0.1151,7.432229054415984e-09,1.542534937435463,0.6673408850065717,4,9,0.2,0.25,1,4,5,0.5,
er,5,2,laplace,1000,standardized,0,sort,0.0002,0.0,1.76601203855597,,7,7,0.125,0.25,1,4,8,0.5,
er,5,2,laplace,1000,standardized,0,pc,0.0015,,,,3,,0.6666666666666666,0.5,0,4,7,0.5,
er,5,2,laplace,1000,standardized,0,ges,0.0027,,,,2,,1.0,0.5,0,4,6,0.5,
er,10,2,laplace,100,standardized,0,poly_prox,0.2147,1.9599409150681736e-05,3.498230759765974,0.024009030865853136,8,20,0.5,0.5,1,12,12,0.5,
er,10,2,laplace,100,standardized,0,poly_lbfgs,0.1878,2.750277054444056e-09,3.5438810592978705,1.0954806277158928,9,31,0.4166666666666667,0.4166666666666667,1,12,12,0.5,
er,10,2,laplace,100,standardized,0,notears,0.1597,2.455808001400328e-09,3.5218508137117293,0.9851356597503236,8,23,0.46153846153846156,0.5,1,12,13,0.5,
er,10,2,laplace,100,standardized,0,sort,0.0002,0.0,4.157142602625656,,16,31,0.21052631578947367,0.3333333333333333,1,12,19,0.5,
er,10,2,laplace,100,standardized,0,pc,0.0075,,,,11,,0.42857142857142855,0.25,0,12,11,0.5,
er,10,2,laplace,100,standardized,0,ges,0.0262,,,,9,,0.5454545454545454,0.5,0,12,19,0.5,
er,10,2,laplace,1000,standardized,0,poly_prox,0.2059,9.660632477558817e-06,3.5728084572532346,0.06220432719876344,7,20,0.5384615384615384,0.5833333333333334,1,12,13,0.5,
er,10,2,laplace,1000,standardized,0,poly_lbfgs,0.1872,2.839845111502475e-09,3.5788697306048407,1.0313797001714584,8,24,0.5,0.4166666666666667,1,12,10,0.5,
er,10,2,laplace,1000,standardized,0,notears,0.1622,2.681161959117162e-09,3.5786761478681637,1.081219633634629,8,24,0.5,0.4166666666666667,1,12,10,0.5,
er,10,2,laplace,1000,standardized,0,sort,0.0005,0.0,4.077717546350202,,16,39,0.16666666666666666,0.25,1,12,18,0.5,
er,10,2,laplace,1000,standardized,0,pc,0.0066,,,,4,,0.9,0.75,0,12,14,0.5,
er,10,2,laplace,1000,standardized,0,ges,0.0198,,,,2,,1.0,0.8333333333333334,0,12,14,0.5,
er,20,2,laplace,100,standardized,0,poly_prox,0.4045,9.750311904326419e-06,7.586467624979168,0.1669830075153021,12,27,0.35714285714285715,0.35714285714285715,1,14,14,0.5,
er,20,2,laplace,100,standardized,0,poly_lbfgs,0.2945,9.05217895215452e-09,7.550897347134728,2.8858844267023955,12,26,0.3125,0.35714285714285715,1,14,16,0.5,
er,20,2,laplace,100,standardized,0,notears,0.2438,8.449593025261493e-09,7.546643135572732,2.2399814137431036,12,26,0.3125,0.35714285714285715,1,14,16,0.5,
er,20,2,laplace,100,standardized,0,sort,0.0005,0.0,9.25981794625509,,25,20,0.22580645161290322,0.5,1,14,31,0.5,
er,20,2,laplace,100,standardized,0,pc,0.0136,,,,6,,0.9,0.6428571428571429,0,14,16,0.5,
er,20,2,laplace,100,standardized,0,ges,0.0989,,,,10,,0.5909090909090909,0.9285714285714286,0,14,24,0.5,
er,20,2,laplace,1000,standardized,0,poly_prox,0.3962,1.2988291906119875e-05,7.559976941393565,0.34749973178867405,14,28,0.26666666666666666,0.2857142857142857,1,14,15,0.5,
er,20,2,laplace,1000,standardized,0,poly_lbfgs,0.3122,4.617819092230828e-09,7.646645040660102,2.005137391823622,12,30,0.2727272727272727,0.21428571428571427,1,14,11,0.5,
er,20,2,laplace,1000,standardized,0,notears,0.2569,4.154784960519464e-09,7.640357166714284,2.0940678760262537,11,27,0.3333333333333333,0.2857142857142857,1,14,12,0.5,
er,20,2,laplace,1000,standardized,0,sort,0.0016,0.0,8.411012277511956,,16,36,0.2777777777777778,0.35714285714285715,1,14,18,0.5,
er,20,2,laplace,1000,standardized,0,pc,0.013,,,,6,,0.8181818181818182,0.6428571428571429,0,14,19,0.5,
er,20,2,laplace,1000,standardized,0,ges,0.0581,,,,3,,1.0,0.7857142857142857,0,14,17,0.5,
er,5,2,laplace,100,standardized,1,poly_prox,0.1368,1.66547473346845e-05,1.903966532009353,0.0022155721781394614,0,0,1.0,1.0,1,4,4,0.5,
er,5,2,laplace,100,standardized,1,poly_lbfgs,0.1739,5.896066654668525e-09,1.9111125817139225,0.5888471454398481,0,0,1.0,1.0,1,4,4,0.5,
er,5,2,laplace,100,standardized,1,notears,0.1249,5.685911297348412e-09,1.9119825382841635,0.5867593007192184,0,0,1.0,1.0,1,4,4,0.5,
er,5,2,laplace,100,standardized,1,sort,0.0001,0.0,2.0254624393347664,,1,4,0.75,0.75,1,4,4,0.5,
er,5,2,laplace,100,standardized,1,pc,0.0017,,,,4,,1.0,0.0,0,4,4,0.5,
er,5,2,laplace,100,standardized,1,ges,0.0021,,,,4,,0.0,0.0,0,4,4,0.5,
er,5,2,laplace,1000,standardized,1,poly_prox,0.1383,2.1538765477925142e-05,1.8786624364905895,0.000665115937924657,2,2,1.0,0.5,1,4,2,0.5,
er,5,2,laplace,1000,standardized,1,poly_lbfgs,0.1137,7.876888205238162e-09,1.8903430875119709,0.6411423876003004,2,2,1.0,0.5,1,4,2,0.5,
er,5,2,laplace,1000,standardized,1,notears,0.0973,7.1643597721049446e-09,1.8900751699069072,0.6184961201465456,1,1,1.0,0.75,1,4,3,0.5,
er,5,2,laplace,1000,standardized,1,sort,0.0002,0.0,1.946512610501648,,3,8,0.5,0.25,1,4,2,0.5,
er,5,2,laplace,1000,standardized,1,pc,0.0013,,,,4,,1.0,0.0,0,4,8,0.5,
er,5,2,laplace,1000,standardized,1,ges,0.0026,,,,4,,1.0,0.0,0,4,8,0.5,
er,10,2,laplace,100,standardized,1,poly_prox,0.195,1.0293096795304603e-05,3.34329458465431,0.042190749271961356,7,23,0.875,0.5384615384615384,1,13,8,0.5,
er,10,2,laplace,100,standardized,1,poly_lbfgs,0.1937,7.517728262994985e-10,3.3489920166243836,1.3750441216860823,6,20,0.8,0.6153846153846154,1,13,10,0.5,
er,10,2,laplace,100,standardized,1,notears,0.1556,2.6324418200829314e-09,3.3425094617693016,1.1440057372752568,5,18,0.8888888888888888,0.6153846153846154,1,13,9,0.5,
er,10,2,laplace,100,standardized,1,sort,0.0002,0.0,3.9576011555843786,,15,26,0.35294117647058826,0.46153846153846156,1,13,17,0.5,
er,10,2,laplace,100,standardized,1,pc,0.0066,,,,13,,0.5,0.07692307692307693,0,13,14,0.5,
er,10,2,laplace,100,standardized,1,ges,0.0216,,,,4,,0.9090909090909091,0.7692307692307693,0,13,17,0.5,
er,10,2,laplace,1000,standardized,1,poly_prox,0.2004,1.0937597456785514e-05,3.3541353777350063,0.05455185223822465,7,23,0.875,0.5384615384615384,1,13,8,0.5,
er,10,2,laplace,1000,standardized,1,poly_lbfgs,0.1812,3.0119717638077728e-09,3.3806046122969176,1.0435169066570902,8,26,0.75,0.46153846153846156,1,13,8,0.5,
er,10,2,laplace,1000,standardized,1,notears,0.1439,2.8252422623609164e-09,3.378869276604443,1.05339257720644,7,24,0.8571428571428571,0.46153846153846156,1,13,7,0.5,
er,10,2,laplace,1000,standardized,1,sort,0.0005,0.0,3.731001522677712,,12,36,0.42857142857142855,0.46153846153846156,1,13,14,0.5,
er,10,2,laplace,1000,standardized,1,pc,0.0093,,,,8,,0.625,0.38461538461538464,0,13,14,0.5,
er,10,2,laplace,1000,standardized,1,ges,0.0194,,,,3,,1.0,0.7692307692307693,0,13,16,0.5,
er,20,2,laplace,100,standardized,1,poly_prox,0.3998,5.167339475134549e-06,6.696440130905476,0.14781067876468335,16,34,0.35294117647058826,0.35294117647058826,1,17,17,0.5,
er,20,2,laplace,100,standardized,1,poly_lbfgs,0.3257,3.6999761800775604e-09,6.738728593108071,2.573521040283489,14,30,0.4117647058823529,0.4117647058823529,1,17,17,0.5,
er,20,2,laplace,100,standardized,1,notears,0.2446,8.596362732760099e-09,6.7339291618347845,2.435862251891343,13,30,0.4375,0.4117647058823529,1,17,16,0.5,
er,20,2,laplace,100,standardized,1,sort,0.0005,0.0,9.156169178810082,,33,47,0.1794871794871795,0.4117647058823529,1,17,39,0.5,
er,20,2,laplace,100,standardized,1,pc,0.0128,,,,10,,0.8888888888888888,0.47058823529411764,0,17,21,0.5,
er,20,2,laplace,100,standardized,1,ges,0.1016,,,,9,,0.7222222222222222,0.7647058823529411,0,17,26,0.5,
er,20,2,laplace,1000,standardized,1,poly_prox,0.4029,4.892456905000648e-06,6.806217487105985,0.1519043067529648,16,34,0.35294117647058826,0.35294117647058826,1,17,17,0.5,
er,20,2,laplace,1000,standardized,1,poly_lbfgs,0.3127,4.070360944725475e-09,6.854921720480943,2.149174674245487,14,30,0.4117647058823529,0.4117647058823529,1,17,17,0.5,
er,20,2,laplace,1000,standardized,1,notears,0.2571,3.908141366082418e-09,6.854542565829656,2.166241594776218,14,30,0.4117647058823529,0.4117647058823529,1,17,17,0.5,
er,20,2,laplace,1000,standardized,1,sort,0.0016,0.0,7.898468238925842,,20,48,0.2916666666666667,0.4117647058823529,1,17,24,0.5,
er,20,2,laplace,1000,standardized,1,pc,0.0139,,,,8,,1.0,0.5294117647058824,0,17,25,0.5,
er,20,2,laplace,1000,standardized,1,ges,0.077,,,,8,,1.0,0.5294117647058824,0,17,25,0.5,
er,5,2,laplace,100,standardized,2,poly_prox,0.1484,1.6971930242788065e-06,1.5747108148218596,0.04684095387970181,6,12,0.2,0.16666666666666666,1,6,5,0.5,
er,5,2,laplace,100,standardized,2,poly_lbfgs,0.099,2.5089395885530016e-09,1.5754880505794833,0.7312439856766852,6,12,0.16666666666666666,0.16666666666666666,1,6,6,0.5,
er,5,2,laplace,100,standardized,2,notears,0.0848,9.530563005455406e-09,1.5740166614574616,0.7235530117239156,6,12,0.16666666666666666,0.16666666666666666,1,6,6,0.5,
er,5,2,laplace,100,standardized,2,sort,0.0001,0.0,1.6868834742517986,,6,11,0.3333333333333333,0.16666666666666666,1,6,3,0.5,
er,5,2,laplace,100,standardized,2,pc,0.0019,,,,6,,1.0,0.0,0,6,8,0.5,
er,5,2,laplace,100,standardized,2,ges,0.0026,,,,4,,0.6666666666666666,0.3333333333333333,0,6,5,0.5,
er,5,2,laplace,1000,standardized,2,poly_prox,0.1482,2.3156943344054566e-06,1.6689229392901463,0.0554994463779015,6,12,0.2,0.16666666666666666,1,6,5,0.5,
er,5,2,laplace,1000,standardized,2,poly_lbfgs,0.106,1.7413745204883468e-09,1.662100241953703,0.6139081648592931,6,12,0.2,0.16666666666666666,1,6,5,0.5,
er,5,2,laplace,1000,standardized,2,notears,0.1041,2.2712010050440767e-09,1.6682650756775397,0.8335863852923544,6,12,0.16666666666666666,0.16666666666666666,1,6,6,0.5,
er,5,2,laplace,1000,standardized,2,sort,0.0002,0.0,1.7076891270543353,,3,5,0.75,0.5,1,6,4,0.5,
er,5,2,laplace,1000,standardized,2,pc,0.0016,,,,3,,0.75,0.5,0,6,6,0.5,
er,5,2,laplace,1000,standardized,2,ges,0.0033,,,,3,,0.75,0.5,0,6,6,0.5,
er,10,2,laplace,100,standardized,2,poly_prox,0.2009,8.060647449604012e-06,3.3726227285742363,0.011150086671723496,6,18,0.375,0.375,1,8,8,0.5,
er,10,2,laplace,100,standardized,2,poly_lbfgs,0.1869,2.8098804896794606e-09,3.386068385564394,1.155652054409171,6,18,0.375,0.375,1,8,8,0.5,
er,10,2,laplace,100,standardized,2,notears,0.1497,2.954260835963396e-09,3.3860462349170266,1.3613194257561032,6,18,0.375,0.375,1,8,8,0.5,
er,10,2,laplace,100,standardized,2,sort,0.0002,0.0,3.903154961991074,,7,10,0.45454545454545453,0.625,1,8,11,0.5,
er,10,2,laplace,100,standardized,2,pc,0.005,,,,9,,0.0,0.0,0,8,14,0.5,
er,10,2,laplace,100,standardized,2,ges,0.0132,,,,5,,0.7142857142857143,0.625,0,8,11,0.5,
er,10,2,laplace,1000,standardized,2,poly_prox,0.1899,7.82855993965624e-06,3.3725476000019095,0.009576123104164357,4,13,0.625,0.625,1,8,8,0.5,
er,10,2,laplace,1000,standardized,2,poly_lbfgs,0.203,2.308420249031894e-09,3.3464482992423417,1.197319763935253,7,18,0.3333333333333333,0.375,1,8,9,0.5,
er,10,2,laplace,1000,standardized,2,notears,0.1471,8.873398016362444e-09,3.3470046924853287,1.1467825590199923,7,18,0.3333333333333333,0.375,1,8,9,0.5,
er,10,2,laplace,1000,standardized,2,sort,0.0005,0.0,3.660881462837828,,9,20,0.2222222222222222,0.25,1,8,9,0.5,
er,10,2,laplace,1000,standardized,2,pc,0.0052,,,,1,,1.0,0.875,0,8,9,0.5,
er,10,2,laplace,1000,standardized,2,ges,0.0135,,,,5,,0.7142857142857143,0.625,0,8,11,0.5,
er,20,2,laplace,100,standardized,2,poly_prox,0.4172,9.963870238224563e-06,7.078300861760299,0.22840635531039236,12,32,0.5833333333333334,0.3888888888888889,1,18,12,0.5,
er,20,2,laplace,100,standardized,2,poly_lbfgs,0.3357,1.2618555930745419e-09,7.130109061704139,13.528711266839556,12,28,0.5714285714285714,0.4444444444444444,1,18,14,0.5,
er,20,2,laplace,100,standardized,2,notears,0.2745,2.709761304231506e-09,7.122079583761966,2.101974139333458,12,28,0.5714285714285714,0.4444444444444444,1,18,14,0.5,
er,20,2,laplace,100,standardized,2,sort,0.0005,0.0,8.948176380645913,,19,33,0.37037037037037035,0.5555555555555556,1,18,27,0.5,
er,20,2,laplace,100,standardized,2,pc,0.0193,,,,10,,1.0,0.4444444444444444,0,18,24,0.5,
er,20,2,laplace,100,standardized,2,ges,0.1091,,,,12,,0.7333333333333333,0.6111111111111112,0,18,31,0.5,
er,20,2,laplace,1000,standardized,2,poly_prox,0.4003,1.4781795941127184e-05,7.160020708418172,0.061689002779685496,13,45,0.4375,0.3888888888888889,1,18,16,0.5,
er,20,2,laplace,1000,standardized,2,poly_lbfgs,0.296,4.9049592949972945e-09,7.298528146918543,2.400641029227327,13,40,0.4666666666666667,0.3888888888888889,1,18,15,0.5,
er,20,2,laplace,1000,standardized,2,notears,0.2442,6.170687072426517e-09,7.2857691817487575,2.424574466893653,13,34,0.4666666666666667,0.3888888888888889,1,18,15,0.5,
er,20,2,laplace,1000,standardized,2,sort,0.0015,0.0,8.216623460168428,,23,39,0.25925925925925924,0.3888888888888889,1,18,27,0.5,
er,20,2,laplace,1000,standardized,2,pc,0.0212,,,,10,,0.8181818181818182,0.5,0,18,27,0.5,
er,20,2,laplace,1000,standardized,2,ges,0.0937,,,,12,,0.7692307692307693,0.5555555555555556,0,18,31,0.5,
er,5,4,gaussian,100,raw,0,poly_prox,0.1613,8.505597994574385e-06,3.64646540758734,0.10102339011504893,2,3,1.0,0.8,1,10,8,0.9615384615384616,
er,5,4,gaussian,100,raw,0,poly_lbfgs,0.0939,2.3424974506405142e-09,3.6414730811416804,4.510018589641053,2,3,1.0,0.8,1,10,8,0.9615384615384616,
er,5,4,gaussian,100,raw,0,notears,0.0724,9.807485490398449e-09,3.641393693866754,4.51228916658827,2,3,1.0,0.8,1,10,8,0.9615384615384616,
er,5,4,gaussian,100,raw,0,sort,0.0001,0.0,4.060089830521368,,3,8,0.875,0.7,1,10,8,0.9615384615384616,
er,5,4,gaussian,100,raw,0,pc,0.0023,,,,9,,0.2,0.1,0,10,7,0.9615384615384616,
er,5,4,gaussian,100,raw,0,ges,0.0044,,,,7,13,0.42857142857142855,0.3,1,10,7,0.9615384615384616,
er,5,4,gaussian,1000,raw,0,poly_prox,0.1675,8.500226911079072e-06,3.7547252248524297,0.09754932709615176,1,2,1.0,0.9,1,10,9,0.9615384615384616,
er,5,4,gaussian,1000,raw,0,poly_lbfgs,0.1004,2.4005342414877084e-09,3.7500711368244977,4.592409614775369,1,2,1.0,0.9,1,10,9,0.9615384615384616,
er,5,4,gaussian,1000,raw,0,notears,0.0841,9.832445080348862e-09,3.7498139923790506,4.503782509067798,1,2,1.0,0.9,1,10,9,0.9615384615384616,
er,5,4,gaussian,1000,raw,0,sort,0.0002,0.0,4.190607090924461,,1,6,0.9,0.9,1,10,10,0.9615384615384616,
er,5,4,gaussian,1000,raw,0,pc,0.0024,,,,9,,0.16666666666666666,0.1,0,10,10,0.9615384615384616,
er,5,4,gaussian,1000,raw,0,ges,0.0061,,,,10,,1.0,0.0,0,10,18,0.9615384615384616,
er,10,4,gaussian,100,raw,0,poly_prox,0.2174,1.511447454215943e-05,6.2643932616837965,0.227776120463784,4,13,0.8571428571428571,0.8,1,15,14,1.0,
er,10,4,gaussian,100,raw,0,poly_lbfgs,0.1864,3.815707884597757e-09,6.249315393269049,4.973459618193558,2,10,0.9285714285714286,0.8666666666666667,1,15,14,1.0,
er,10,4,gaussian,100,raw,0,notears,0.1536,6.3474541178720756e-09,6.247048621810084,7.1721973542418676,2,10,0.9285714285714286,0.8666666666666667,1,15,14,1.0,
er,10,4,gaussian,100,raw,0,sort,0.0002,0.0,6.550948684073463,,1,0,0.9375,1.0,1,15,16,1.0,
er,10,4,gaussian,100,raw,0,pc,0.0084,,,,9,,0.875,0.4666666666666667,0,15,14,1.0,
er,10,4,gaussian,100,raw,0,ges,0.0496,,,,15,,0.3333333333333333,0.4,0,15,22,1.0,
er,10,4,gaussian,1000,raw,0,poly_prox,0.219,1.8569866722785564e-05,6.888754463026778,0.25505788387453254,3,14,0.9230769230769231,0.8,1,15,13,1.0,
er,10,4,gaussian,1000,raw,0,poly_lbfgs,0.2061,1.2825127221980673e-09,6.753470487432042,4.6042200671862625,0,0,1.0,1.0,1,15,15,1.0,
er,10,4,gaussian,1000,raw,0,notears,0.153,5.597280861024956e-09,6.752867834689143,4.536119242016773,0,0,1.0,1.0,1,15,15,1.0,
er,10,4,gaussian,1000,raw,0,sort,0.0005,0.0,6.944891729840038,,0,0,1.0,1.0,1,15,15,1.0,
er,10,4,gaussian,1000,raw,0,pc,0.0149,,,,7,,0.7692307692307693,0.6666666666666666,0,15,15,1.0,
er,10,4,gaussian,1000,raw,0,ges,0.0421,,,,3,,1.0,0.8,0,15,18,1.0,
er,20,4,gaussian,100,raw,0,poly_prox,0.415,6.8487528640291105e-06,13.305004244820669,5.224167561563603,7,47,0.96,0.8,1,30,25,0.9690721649484536,
er,20,4,gaussian,100,raw,0,poly_lbfgs,0.3633,6.05484948548956e-09,12.795400404673847,1403.708571823645,4,18,0.9642857142857143,0.9,1,30,28,0.9690721649484536,
er,20,4,gaussian,100,raw,0,notears,0.2784,8.463928224955453e-09,12.799114389085437,26.949486382906173,4,18,0.9642857142857143,0.9,1,30,28,0.9690721649484536,
er,20,4,gaussian,100,raw,0,sort,0.0005,0.0,14.525381022111286,,18,27,0.6136363636363636,0.9,1,30,44,0.9690721649484536,
er,20,4,gaussian,100,raw,0,pc,0.0289,,,,24,,0.6428571428571429,0.3,0,30,24,0.9690721649484536,
er,20,4,gaussian,100,raw,0,ges,0.2232,,,,19,,0.6111111111111112,0.7333333333333333,0,30,44,0.9690721649484536,
er,20,4,gaussian,1000,raw,0,poly_prox,0.4015,5.102560844508043e-06,13.86418965687938,3.0992188671732217,7,40,0.9259259259259259,0.8333333333333334,1,30,27,0.9690721649484536,
er,20,4,gaussian,1000,raw,0,poly_lbfgs,0.334,2.3260092869656846e-09,13.29835922837167,8.299188214575356,0,0,1.0,1.0,1,30,30,0.9690721649484536,
er,20,4,gaussian,1000,raw,0,notears,0.2652,9.152714142146579e-09,13.297765932840916,8.01974597388999,0,0,1.0,1.0,1,30,30,0.9690721649484536,
er,20,4,gaussian,1000,raw,0,sort,0.0014,0.0,14.28483816533077,,10,29,0.75,0.9,1,30,36,0.9690721649484536,
er,20,4,gaussian,1000,raw,0,pc,0.0528,,,,26,,0.5294117647058824,0.3,0,30,31,0.9690721649484536,
er,20,4,gaussian,1000,raw,0,ges,0.2475,,,,19,,0.6216216216216216,0.7666666666666667,0,30,45,0.9690721649484536,
er,5,4,gaussian,100,raw,1,poly_prox,0.1676,9.389830725796942e-06,3.8134962039953813,0.16473004057191828,1,2,1.0,0.9,1,10,9,0.9615384615384616,
er,5,4,gaussian,100,raw,1,poly_lbfgs,0.1156,2.5810552774812212e-09,3.8108767886471386,3.8773870608543284,1,2,1.0,0.9,1,10,9,0.9615384615384616,
er,5,4,gaussian,100,raw,1,notears,0.0994,2.3777566582339205e-09,3.810920979730029,3.873162177084655,1,2,1.0,0.9,1,10,9,0.9615384615384616,
er,5,4,gaussian,100,raw,1,sort,0.0001,0.0,4.047420997287887,,2,5,0.8888888888888888,0.8,1,10,9,0.9615384615384616,
er,5,4,gaussian,100,raw,1,pc,0.0023,,,,9,,0.5,0.1,0,10,8,0.9615384615384616,
er,5,4,gaussian,100,raw,1,ges,0.0077,,,,9,,0.3333333333333333,0.1,0,10,11,0.9615384615384616,
er,5,4,gaussian,1000,raw,1,poly_prox,0.1655,9.164975414792152e-06,3.69301210443159,0.11409442684643853,1,2,1.0,0.9,1,10,9,0.9615384615384616,
er,5,4,gaussian,1000,raw,1,poly_lbfgs,0.1153,2.5933119017919385e-09,3.6941202250047107,3.7985137798502624,1,2,1.0,0.9,1,10,9,0.9615384615384616,
er,5,4,gaussian,1000,raw,1,notears,0.0869,2.3919053404597435e-09,3.6941381096107992,3.787721295803754,1,2,1.0,0.9,1,10,9,0.9615384615384616,
er,5,4,gaussian,1000,raw,1,sort,0.0002,0.0,3.86355647858538,,2,5,0.8888888888888888,0.8,1,10,9,0.9615384615384616,
er,5,4,gaussian,1000,raw,1,pc,0.0027,,,,5,,0.8333333333333334,0.5,0,10,12,0.9615384615384616,
er,5,4,gaussian,1000,raw,1,ges,0.0077,,,,5,,0.8333333333333334,0.5,0,10,12,0.9615384615384616,
er,10,4,gaussian,100,raw,1,poly_prox,0.231,6.75898759679675e-06,7.569215179407936,0.974714835152776,7,47,1.0,0.6666666666666666,1,21,14,0.9878048780487805,
er,10,4,gaussian,100,raw,1,poly_lbfgs,0.1815,3.976170483532631e-09,7.299278726147751,4.134711739188152,5,38,1.0,0.7619047619047619,1,21,16,0.9878048780487805,
er,10,4,gaussian,100,raw,1,notears,0.1525,2.549997546452687e-09,7.352366603954788,21.158439862781297,6,46,1.0,0.7142857142857143,1,21,15,0.9878048780487805,
er,10,4,gaussian,100,raw,1,sort,0.0002,0.0,7.929914548820605,,7,12,0.76,0.9047619047619048,1,21,25,0.9878048780487805,
er,10,4,gaussian,100,raw,1,pc,0.0113,,,,22,,0.2,0.047619047619047616,0,21,13,0.9878048780487805,
er,10,4,gaussian,100,raw,1,ges,0.0584,,,,19,,0.43478260869565216,0.47619047619047616,0,21,25,0.9878048780487805,
er,10,4,gaussian,1000,raw,1,poly_prox,0.2199,7.167288413280982e-06,7.509171634316146,0.8117795421560162,8,56,1.0,0.6190476190476191,1,21,13,0.9878048780487805,
er,10,4,gaussian,1000,raw,1,poly_lbfgs,0.1871,5.439698957535613e-09,7.223329841669038,5.878408493378931,5,39,1.0,0.7619047619047619,1,21,16,0.9878048780487805,
er,10,4,gaussian,1000,raw,1,notears,0.1558,4.843514034291729e-09,7.222917947123786,5.887342859680167,5,39,1.0,0.7619047619047619,1,21,16,0.9878048780487805,
er,10,4,gaussian,1000,raw,1,sort,0.0004,0.0,7.557220232723488,,3,12,0.9047619047619048,0.9047619047619048,1,21,21,0.9878048780487805,
er,10,4,gaussian,1000,raw,1,pc,0.0256,,,,20,,0.3076923076923077,0.19047619047619047,0,21,17,0.9878048780487805,
er,10,4,gaussian,1000,raw,1,ges,0.0682,,,,10,39,0.6363636363636364,0.6666666666666666,1,21,22,0.9878048780487805,
er,20,4,gaussian,100,raw,1,poly_prox,0.3523,4.371384438184058e-06,19.605232062294284,19.57462644363507,26,88,0.6923076923076923,0.6585365853658537,1,41,39,0.9692307692307692,
er,20,4,gaussian,100,raw,1,poly_lbfgs,0.3215,6.737343980928651e-09,17.697312997295757,293.96454495090313,13,30,0.85,0.8292682926829268,1,41,40,0.9692307692307692,
er,20,4,gaussian,100,raw,1,notears,0.3096,1.3121469777388484e-07,15.65104393559637,127638.50866273578,11,23,0.8571428571428571,0.8780487804878049,1,41,42,0.9692307692307692,
er,20,4,gaussian,100,raw,1,sort,0.0005,0.0,17.39085854427439,,29,49,0.5645161290322581,0.8536585365853658,1,41,62,0.9692307692307692,
er,20,4,gaussian,100,raw,1,pc,0.0432,,,,36,,0.75,0.21951219512195122,0,41,24,0.9692307692307692,
er,20,4,gaussian,100,raw,1,ges,0.4893,,,,45,136,0.39285714285714285,0.5365853658536586,1,41,56,0.9692307692307692,
er,20,4,gaussian,1000,raw,1,poly_prox,0.3869,1.1626745204254992e-05,19.98367174239872,8.214483777796188,27,107,0.6585365853658537,0.6585365853658537,1,41,41,0.9692307692307692,
er,20,4,gaussian,1000,raw,1,poly_lbfgs,0.3072,1.322711704490935e-07,16.583717052937185,251764.39182537448,8,31,0.9230769230769231,0.8780487804878049,1,41,39,0.9692307692307692,
er,20,4,gaussian,1000,raw,1,notears,0.2777,7.486231723419223e-08,17.475364581527682,57873.4177212651,7,23,0.9047619047619048,0.926829268292683,1,41,42,0.9692307692307692,
er,20,4,gaussian,1000,raw,1,sort,0.0016,0.0,16.982213323995165,,15,53,0.7391304347826086,0.8292682926829268,1,41,46,0.9692307692307692,
er,20,4,gaussian,1000,raw,1,pc,0.0761,,,,32,,0.7058823529411765,0.2926829268292683,0,41,25,0.9692307692307692,
er,20,4,gaussian,1000,raw,1,ges,0.7735,,,,45,,0.40298507462686567,0.6585365853658537,0,41,71,0.9692307692307692,
er,5,4,gaussian,100,raw,2,poly_prox,0.1664,3.353638762077717e-05,3.318715714417081,0.050616398692897954,2,3,1.0,0.8,1,10,8,0.8461538461538461,
er,5,4,gaussian,100,raw,2,poly_lbfgs,0.1214,2.426092354017566e-09,3.3388805402324913,2.9928435489200838,1,2,1.0,0.9,1,10,9,0.8461538461538461,
er,5,4,gaussian,100,raw,2,notears,0.0882,2.1701787034089648e-09,3.338924383125203,2.992591340207124,1,2,1.0,0.9,1,10,9,0.8461538461538461,
er,5,4,gaussian,100,raw,2,sort,0.0001,0.0,4.243720340025687,,4,7,0.75,0.6,1,10,8,0.8461538461538461,
er,5,4,gaussian,100,raw,2,pc,0.0024,,,,9,,0.25,0.1,0,10,6,0.8461538461538461,
er,5,4,gaussian,100,raw,2,ges,0.0056,,,,9,19,0.14285714285714285,0.1,1,10,7,0.8461538461538461,
er,5,4,gaussian,1000,raw,2,poly_prox,0.1661,8.219142821791266e-06,3.6445843565255776,0.046631109076001764,0,0,1.0,1.0,1,10,10,0.8461538461538461,
er,5,4,gaussian,1000,raw,2,poly_lbfgs,0.1054,2.4304158268897403e-09,3.653916167610954,3.1533163302909504,0,0,1.0,1.0,1,10,10,0.8461538461538461,
er,5,4,gaussian,1000,raw,2,notears,0.0792,2.2442048219772914e-09,3.653948738464522,3.1529884963408747,0,0,1.0,1.0,1,10,10,0.8461538461538461,
er,5,4,gaussian,1000,raw,2,sort,0.0002,0.0,4.4454620998237795,,4,7,0.6666666666666666,0.6,1,10,9,0.8461538461538461,
er,5,4,gaussian,1000,raw,2,pc,0.0027,,,,9,,0.25,0.1,0,10,14,0.8461538461538461,
er,5,4,gaussian,1000,raw,2,ges,0.0078,,,,9,,0.25,0.1,0,10,14,0.8461538461538461,
er,10,4,gaussian,100,raw,2,poly_prox,0.22,3.3315475228116545e-05,7.42613611952247,1.2742792821140312,7,24,0.8947368421052632,0.7391304347826086,1,23,19,1.0,
er,10,4,gaussian,100,raw,2,poly_lbfgs,0.1768,8.665106158430994e-09,7.091690782885819,14.661897708459975,5,25,0.9473684210526315,0.782608695652174,1,23,19,1.0,
er,10,4,gaussian,100,raw,2,notears,0.1451,7.199924212386577e-09,7.082645234932148,13.854604643639,5,25,0.9473684210526315,0.782608695652174,1,23,19,1.0,
er,10,4,gaussian,100,raw,2,sort,0.0002,0.0,7.482960968627135,,2,0,0.92,1.0,1,23,25,1.0,
er,10,4,gaussian,100,raw,2,pc,0.0113,,,,22,,0.5,0.08695652173913043,0,23,16,1.0,
er,10,4,gaussian,100,raw,2,ges,0.0578,,,,32,,0.08695652173913043,0.08695652173913043,0,23,25,1.0,
er,10,4,gaussian,1000,raw,2,poly_prox,0.2201,1.0014897974465998e-05,8.186383198405068,2.0766812558286456,7,24,0.8947368421052632,0.7391304347826086,1,23,19,1.0,
er,10,4,gaussian,1000,raw,2,poly_lbfgs,0.1734,9.829644824945435e-09,7.573487899263424,14.125306327587495,5,25,0.9473684210526315,0.782608695652174,1,23,19,1.0,
er,10,4,gaussian,1000,raw,2,notears,0.1456,8.234879445012666e-09,7.570836199298013,14.598219292246942,5,25,0.9473684210526315,0.782608695652174,1,23,19,1.0,
er,10,4,gaussian,1000,raw,2,sort,0.0004,0.0,7.861158710042675,,0,0,1.0,1.0,1,23,23,1.0,
er,10,4,gaussian,1000,raw,2,pc,0.0196,,,,16,,1.0,0.30434782608695654,0,23,23,1.0,
er,10,4,gaussian,1000,raw,2,ges,0.0691,,,,34,77,0.06896551724137931,0.08695652173913043,1,23,29,1.0,
er,20,4,gaussian,100,raw,2,poly_prox,0.3604,1.1434758847858214e-05,18.129120493405658,7.956462276130519,20,115,0.875,0.7,1,50,40,0.9963636363636363,
er,20,4,gaussian,100,raw,2,poly_lbfgs,0.3341,2.8055365159889582e-09,16.044850223783914,29.28692169764973,18,89,0.8444444444444444,0.76,1,50,45,0.9963636363636363,
er,20,4,gaussian,100,raw,2,notears,0.2819,9.298126713019883e-10,15.956502358129065,22.238488623703205,17,89,0.8636363636363636,0.76,1,50,44,0.9963636363636363,
er,20,4,gaussian,100,raw,2,sort,0.0005,0.0,17.548036916248773,,32,16,0.6164383561643836,0.9,1,50,73,0.9963636363636363,
er,20,4,gaussian,100,raw,2,pc,0.0521,,,,50,,0.35714285714285715,0.1,0,50,24,0.9963636363636363,
er,20,4,gaussian,100,raw,2,ges,1.4779,,,,50,,0.4520547945205479,0.66,0,50,77,0.9963636363636363,
er,20,4,gaussian,1000,raw,2,poly_prox,0.3845,9.909915238202149e-06,17.950751272544146,8.232498725252169,20,128,0.875,0.7,1,50,40,0.9963636363636363,
er,20,4,gaussian,1000,raw,2,poly_lbfgs,0.3308,1.3510443583629429e-09,16.252195904662674,25.74395834254129,17,85,0.8666666666666667,0.78,1,50,45,0.9963636363636363,
er,20,4,gaussian,1000,raw,2,notears,0.2612,4.721918855921103e-09,15.618647482468713,16.826039321650462,12,76,0.9318181818181818,0.82,1,50,44,0.9963636363636363,
er,20,4,gaussian,1000,raw,2,sort,0.0015,0.0,16.930332540590403,,11,21,0.8518518518518519,0.92,1,50,54,0.9963636363636363,
er,20,4,gaussian,1000,raw,2,pc,0.1255,,,,45,,0.5789473684210527,0.22,0,50,29,0.9963636363636363,
er,20,4,gaussian,1000,raw,2,ges,1.6193,,,,41,,0.5365853658536586,0.88,0,50,84,0.9963636363636363,
er,5,4,gaussian,100,standardized,0,poly_prox,0.15,7.719666868630045e-06,1.4359006794985496,0.027790301921581675,8,18,0.4,0.2,1,10,5,0.5,
er,5,4,gaussian,100,standardized,0,poly_lbfgs,0.153,2.1767676375975043e-09,1.4370996708173496,0.7476087603976344,8,18,0.4,0.2,1,10,5,0.5,
er,5,4,gaussian,100,standardized,0,notears,0.1052,8.503511672586228e-09,1.4370985402196812,0.7141769312890842,8,18,0.4,0.2,1,10,5,0.5,
er,5,4,gaussian,100,standardized,0,sort,0.0001,0.0,1.6018284217758825,,4,11,0.75,0.6,1,10,8,0.5,
er,5,4,gaussian,100,standardized,0,pc,0.0024,,,,9,,0.2,0.1,0,10,7,0.5,
er,5,4,gaussian,100,standardized,0,ges,0.0043,,,,7,13,0.42857142857142855,0.3,1,10,7,0.5,
er,5,4,gaussian,1000,standardized,0,poly_prox,0.1527,7.479752025270194e-06,1.4141535680710915,0.02726455055868952,8,18,0.4,0.2,1,10,5,0.5,
er,5,4,gaussian,1000,standardized,0,poly_lbfgs,0.1273,9.713315302911865e-09,1.4231478148208714,0.7291075283097062,5,6,0.8333333333333334,0.5,1,10,6,0.5,
er,5,4,gaussian,1000,standardized,0,notears,0.1011,8.225043757192907e-09,1.41559450349176,0.7186598719611227,8,18,0.4,0.2,1,10,5,0.5,
er,5,4,gaussian,1000,standardized,0,sort,0.0002,0.0,1.724462886725271,,7,17,0.42857142857142855,0.3,1,10,7,0.5,
er,5,4,gaussian,1000,standardized,0,pc,0.0027,,,,9,,0.16666666666666666,0.1,0,10,10,0.5,
er,5,4,gaussian,1000,standardized,0,ges,0.0064,,,,10,,1.0,0.0,0,10,18,0.5,
er,10,4,gaussian,100,standardized,0,poly_prox,0.2107,4.638805335225803e-06,3.2136361152810484,5.774882711044021,16,47,0.2727272727272727,0.2,1,15,11,0.5,
er,10,4,gaussian,100,standardized,0,poly_lbfgs,0.1973,1.4971344895259257e-08,3.2744601713475086,1095.155585381338,14,49,0.3,0.2,1,15,10,0.5,
er,10,4,gaussian,100,standardized,0,notears,0.139,3.974472306822463e-09,3.1782947224670757,1.0732472031930071,14,47,0.3333333333333333,0.26666666666666666,1,15,12,0.5,
er,10,4,gaussian,100,standardized,0,sort,0.0002,0.0,3.837685584557479,,22,50,0.13636363636363635,0.2,1,15,22,0.5,
er,10,4,gaussian,100,standardized,0,pc,0.0085,,,,9,,0.875,0.4666666666666667,0,15,14,0.5,
er,10,4,gaussian,100,standardized,0,ges,0.0502,,,,15,,0.3333333333333333,0.4,0,15,22,0.5,
er,10,4,gaussian,1000,standardized,0,poly_prox,0.2133,1.3666451008807399e-06,3.3488856754356346,2.2647050596066602,12,49,0.36363636363636365,0.26666666666666666,1,15,11,0.5,
er,10,4,gaussian,1000,standardized,0,poly_lbfgs,0.1959,3.4028932896592463e-09,3.266281164968912,1.1503344426251783,13,48,0.35714285714285715,0.3333333333333333,1,15,14,0.5,
er,10,4,gaussian,1000,standardized,0,notears,0.1534,3.031439987921658e-09,3.265888182043883,0.9836975596892282,13,48,0.35714285714285715,0.3333333333333333,1,15,14,0.5,
er,10,4,gaussian,1000,standardized,0,sort,0.0005,0.0,3.757465784924285,,13,36,0.3684210526315789,0.4666666666666667,1,15,19,0.5,
er,10,4,gaussian,1000,standardized,0,pc,0.0149,,,,7,,0.7692307692307693,0.6666666666666666,0,15,15,0.5,
er,10,4,gaussian,1000,standardized,0,ges,0.0423,,,,3,,1.0,0.8,0,15,18,0.5,
er,20,4,gaussian,100,standardized,0,poly_prox,0.337,6.150611706406608e-06,6.379604300978079,1.5116463009834178,28,134,0.34782608695652173,0.26666666666666666,1,30,23,0.5,
er,20,4,gaussian,100,standardized,0,poly_lbfgs,0.3138,1.1073799503319417e-08,6.5363407787788415,816.4445235699526,30,155,0.25,0.16666666666666666,1,30,20,0.5,
er,20,4,gaussian,100,standardized,0,notears,0.2628,7.197421325599862e-09,6.485284050086674,95.64595383876197,28,153,0.3181818181818182,0.23333333333333334,1,30,22,0.5,
er,20,4,gaussian,100,standardized,0,sort,0.0006,0.0,8.687336402075214,,34,119,0.3409090909090909,0.5,1,30,44,0.5,
er,20,4,gaussian,100,standardized,0,pc,0.0306,,,,24,,0.6428571428571429,0.3,0,30,24,0.5,
er,20,4,gaussian,100,standardized,0,ges,0.2353,,,,19,,0.6111111111111112,0.7333333333333333,0,30,44,0.5,
er,20,4,gaussian,1000,standardized,0,poly_prox,0.3727,4.205255761813207e-06,6.298979229075106,0.8442860796186747,28,140,0.38095238095238093,0.26666666666666666,1,30,21,0.5,
er,20,4,gaussian,1000,standardized,0,poly_lbfgs,0.3096,4.259501733493986e-09,6.192935444104139,1.9672726820775173,29,139,0.3333333333333333,0.26666666666666666,1,30,24,0.5,
er,20,4,gaussian,1000,standardized,0,notears,0.2513,4.44828529566621e-09,6.195540996692832,2.3539201899257,29,139,0.3333333333333333,0.26666666666666666,1,30,24,0.5,
er,20,4,gaussian,1000,standardized,0,sort,0.0015,0.0,7.921414740257491,,39,157,0.22727272727272727,0.3333333333333333,1,30,44,0.5,
er,20,4,gaussian,1000,standardized,0,pc,0.0536,,,,26,,0.5294117647058824,0.3,0,30,31,0.5,
er,20,4,gaussian,1000,standardized,0,ges,0.2424,,,,19,,0.6216216216216216,0.7666666666666667,0,30,45,0.5,
er,5,4,gaussian,100,standardized,1,poly_prox,0.1519,2.8747222140593302e-05,1.47827644724903,0.019372868060164108,5,6,0.8333333333333334,0.5,1,10,6,0.5,
er,5,4,gaussian,100,standardized,1,poly_lbfgs,0.173,7.514650014822432e-09,1.4374270382118004,0.7348269556441486,8,15,0.4,0.2,1,10,5,0.5,
er,5,4,gaussian,100,standardized,1,notears,0.1053,6.515540107443485e-09,1.4371676749011346,0.6974779459230006,8,15,0.4,0.2,1,10,5,0.5,
er,5,4,gaussian,100,standardized,1,sort,0.0001,0.0,1.8932239528226322,,7,13,0.375,0.3,1,10,8,0.5,
er,5,4,gaussian,100,standardized,1,pc,0.0023,,,,9,,0.5,0.1,0,10,8,0.5,
er,5,4,gaussian,100,standardized,1,ges,0.0076,,,,9,,0.3333333333333333,0.1,0,10,11,0.5,
er,5,4,gaussian,1000,standardized,1,poly_prox,0.1386,5.789153971651268e-06,1.4254659252749406,0.0020219820432118845,8,15,0.4,0.2,1,10,5,0.5,
er,5,4,gaussian,1000,standardized,1,poly_lbfgs,0.1198,7.598383156331209e-09,1.4312780201464785,0.7263123624679729,8,15,0.4,0.2,1,10,5,0.5,
er,5,4,gaussian,1000,standardized,1,notears,0.1018,6.8622796334238956e-09,1.4318869098784646,0.6834506210839612,8,15,0.4,0.2,1,10,5,0.5,
er,5,4,gaussian,1000,standardized,1,sort,0.0002,0.0,1.7297713611063248,,7,17,0.3333333333333333,0.3,1,10,9,0.5,
er,5,4,gaussian,1000,standardized,1,pc,0.0029,,,,5,,0.8333333333333334,0.5,0,10,12,0.5,
er,5,4,gaussian,1000,standardized,1,ges,0.0081,,,,5,,0.8333333333333334,0.5,0,10,12,0.5,
er,10,4,gaussian,100,standardized,1,poly_prox,0.2569,6.497537679535326e-06,2.5458972953668253,1.1997786742692844,16,85,0.5555555555555556,0.23809523809523808,1,21,9,0.5,
er,10,4,gaussian,100,standardized,1,poly_lbfgs,0.1832,2.3722998480277385e-08,2.519660333743883,5713.283255829938,19,82,0.38461538461538464,0.23809523809523808,1,21,13,0.5,
er,10,4,gaussian,100,standardized,1,notears,0.1578,6.000094643354714e-09,2.563014262216332,380.9634586743498,19,82,0.38461538461538464,0.23809523809523808,1,21,13,0.5,
er,10,4,gaussian,100,standardized,1,sort,0.0002,0.0,3.4972937812165696,,22,69,0.34782608695652173,0.38095238095238093,1,21,23,0.5,
er,10,4,gaussian,100,standardized,1,pc,0.0113,,,,22,,0.2,0.047619047619047616,0,21,13,0.5,
er,10,4,gaussian,100,standardized,1,ges,0.0586,,,,19,,0.43478260869565216,0.47619047619047616,0,21,25,0.5,
er,10,4,gaussian,1000,standardized,1,poly_prox,0.2634,1.4462864324736135e-05,2.406503170427332,0.2966616072324661,19,,0.36363636363636365,0.19047619047619047,0,21,11,0.5,
er,10,4,gaussian,1000,standardized,1,poly_lbfgs,0.1862,4.550865641485338e-09,2.5495603390753065,1.5785523433560606,18,82,0.46153846153846156,0.2857142857142857,1,21,13,0.5,
er,10,4,gaussian,1000,standardized,1,notears,0.1423,4.143480225593521e-09,2.5420356595703004,1.1721867845346228,18,82,0.46153846153846156,0.2857142857142857,1,21,13,0.5,
er,10,4,gaussian,1000,standardized,1,sort,0.0005,0.0,3.4620946947880764,,23,79,0.23809523809523808,0.23809523809523808,1,21,21,0.5,
er,10,4,gaussian,1000,standardized,1,pc,0.0273,,,,20,,0.3076923076923077,0.19047619047619047,0,21,17,0.5,
er,10,4,gaussian,1000,standardized,1,ges,0.0686,,,,10,39,0.6363636363636364,0.6666666666666666,1,21,22,0.5,
er,20,4,gaussian,100,standardized,1,poly_prox,0.3788,5.903662170468095e-06,4.992371051250551,1.011239150231111,42,188,0.28,0.17073170731707318,1,41,25,0.5,
er,20,4,gaussian,100,standardized,1,poly_lbfgs,0.3449,2.8683974376632706e-08,5.234179887141678,7040.568416465535,44,206,0.20833333333333334,0.12195121951219512,1,41,24,0.5,
er,20,4,gaussian,100,standardized,1,notears,0.2553,3.052501185152323e-08,5.234655778578492,5534.83064730537,44,206,0.20833333333333334,0.12195121951219512,1,41,24,0.5,
er,20,4,gaussian,100,standardized,1,sort,0.0006,0.0,8.735512322129603,,61,188,0.21311475409836064,0.3170731707317073,1,41,61,0.5,
er,20,4,gaussian,100,standardized,1,pc,0.0429,,,,36,,0.75,0.21951219512195122,0,41,24,0.5,
er,20,4,gaussian,100,standardized,1,ges,0.4949,,,,45,136,0.39285714285714285,0.5365853658536586,1,41,56,0.5,
er,20,4,gaussian,1000,standardized,1,poly_prox,0.387,6.60520131574143e-06,4.969305950273161,1.2666960884571346,42,188,0.28,0.17073170731707318,1,41,25,0.5,
er,20,4,gaussian,1000,standardized,1,poly_lbfgs,0.3281,1.4280786949952973e-08,5.214013933515181,1168.4796474059174,43,184,0.25,0.14634146341463414,1,41,24,0.5,
er,20,4,gaussian,1000,standardized,1,notears,0.2654,2.7178277406392226e-08,5.242470197191376,3794.522855683744,43,182,0.28,0.17073170731707318,1,41,25,0.5,
er,20,4,gaussian,1000,standardized,1,sort,0.0015,0.0,7.2913017967887646,,43,157,0.37209302325581395,0.3902439024390244,1,41,43,0.5,
er,20,4,gaussian,1000,standardized,1,pc,0.0774,,,,32,,0.7058823529411765,0.2926829268292683,0,41,25,0.5,
er,20,4,gaussian,1000,standardized,1,ges,0.7969,,,,45,,0.40298507462686567,0.6585365853658537,0,41,71,0.5,
er,5,4,gaussian,100,standardized,2,poly_prox,0.161,5.508105092696506e-07,1.3207743942736017,0.2263929821233476,7,17,0.6,0.3,1,10,5,0.5,
er,5,4,gaussian,100,standardized,2,poly_lbfgs,0.1309,2.1371258968395025e-09,1.2925239773663961,0.7253963672383082,6,16,0.6666666666666666,0.4,1,10,6,0.5,
er,5,4,gaussian,100,standardized,2,notears,0.0851,9.987305205072516e-09,1.2926628659275121,0.7974354042234099,6,16,0.8,0.4,1,10,5,0.5,
er,5,4,gaussian,100,standardized,2,sort,0.0001,0.0,1.6253361406434808,,4,14,0.75,0.6,1,10,8,0.5,
er,5,4,gaussian,100,standardized,2,pc,0.0025,,,,9,,0.25,0.1,0,10,6,0.5,
er,5,4,gaussian,100,standardized,2,ges,0.0054,,,,9,19,0.14285714285714285,0.1,1,10,7,0.5,
er,5,4,gaussian,1000,standardized,2,poly_prox,0.1622,2.238613740495619e-06,1.305416032917211,0.0684544180386569,7,17,0.6,0.3,1,10,5,0.5,
er,5,4,gaussian,1000,standardized,2,poly_lbfgs,0.1651,2.482549385575781e-09,1.3003438924112536,0.7366598795817384,6,16,0.8,0.4,1,10,5,0.5,
er,5,4,gaussian,1000,standardized,2,notears,0.0928,2.175622348943307e-09,1.3003948997712396,0.7368067837503628,6,16,0.8,0.4,1,10,5,0.5,
er,5,4,gaussian,1000,standardized,2,sort,0.0002,0.0,1.5842589443837576,,6,16,0.4444444444444444,0.4,1,10,9,0.5,
er,5,4,gaussian,1000,standardized,2,pc,0.0027,,,,9,,0.25,0.1,0,10,14,0.5,
er,5,4,gaussian,1000,standardized,2,ges,0.008,,,,9,,0.25,0.1,0,10,14,0.5,
er,10,4,gaussian,100,standardized,2,poly_prox,0.2215,8.045930091291514e-06,1.9238940742573956,1.270993630214274,22,,0.36363636363636365,0.17391304347826086,0,23,11,0.5,
er,10,4,gaussian,100,standardized,2,poly_lbfgs,0.1927,1.4598945604998472e-08,2.509166315710885,791.6530560369763,23,77,0.3,0.13043478260869565,1,23,10,0.5,
er,10,4,gaussian,100,standardized,2,notears,0.1568,5.8606239861092035e-09,2.55785005167193,220.51706284898535,23,77,0.3,0.13043478260869565,1,23,10,0.5,
er,10,4,gaussian,100,standardized,2,sort,0.0002,0.0,3.9872144406193843,,26,73,0.18181818181818182,0.17391304347826086,1,23,22,0.5,
er,10,4,gaussian,100,standardized,2,pc,0.0097,,,,22,,0.5,0.08695652173913043,0,23,16,0.5,
er,10,4,gaussian,100,standardized,2,ges,0.0525,,,,32,,0.08695652173913043,0.08695652173913043,0,23,25,0.5,
er,10,4,gaussian,1000,standardized,2,poly_prox,0.2204,8.130343303087042e-06,1.8838778022333393,2.5235459517382934,19,,0.5,0.21739130434782608,0,23,10,0.5,
er,10,4,gaussian,1000,standardized,2,poly_lbfgs,0.1924,3.986767289420007e-08,2.044350887157571,5047.797291564156,20,69,0.4444444444444444,0.17391304347826086,1,23,9,0.5,
er,10,4,gaussian,1000,standardized,2,notears,0.1554,3.074196719410338e-08,2.1053445530635697,2289.9030347188855,21,,0.4,0.17391304347826086,0,23,10,0.5,
er,10,4,gaussian,1000,standardized,2,sort,0.0004,0.0,4.042546758740075,,29,83,0.14285714285714285,0.13043478260869565,1,23,21,0.5,
er,10,4,gaussian,1000,standardized,2,pc,0.0196,,,,16,,1.0,0.30434782608695654,0,23,23,0.5,
er,10,4,gaussian,1000,standardized,2,ges,0.0692,,,,34,77,0.06896551724137931,0.08695652173913043,1,23,29,0.5,
er,20,4,gaussian,100,standardized,2,poly_prox,0.3637,7.426528662157863e-06,4.800335686953819,1.5970183697010913,50,,0.34782608695652173,0.16,0,50,23,0.5,
er,20,4,gaussian,100,standardized,2,poly_lbfgs,0.2971,8.033024243230715e-09,4.9653317169067,8.009339366809908,48,301,0.36363636363636365,0.16,1,50,22,0.5,
er,20,4,gaussian,100,standardized,2,notears,0.2573,8.707857546141895e-09,4.895732834809809,7.1782088394348715,47,288,0.38095238095238093,0.16,1,50,21,0.5,
er,20,4,gaussian,100,standardized,2,sort,0.001,0.0,8.4458591890842,,76,292,0.15873015873015872,0.2,1,50,63,0.5,
er,20,4,gaussian,100,standardized,2,pc,0.051,,,,50,,0.35714285714285715,0.1,0,50,24,0.5,
er,20,4,gaussian,100,standardized,2,ges,1.2997,,,,50,,0.4520547945205479,0.66,0,50,77,0.5,
er,20,4,gaussian,1000,standardized,2,poly_prox,0.4024,6.115841494904936e-06,4.861606608149508,1.543117545187218,49,313,0.2857142857142857,0.12,1,50,21,0.5,
er,20,4,gaussian,1000,standardized,2,poly_lbfgs,0.3212,4.90823833437525e-09,5.019773223930106,18.850877545344606,47,289,0.36363636363636365,0.16,1,50,22,0.5,
er,20,4,gaussian,1000,standardized,2,notears,0.2762,1.700254159686665e-09,4.994225030801195,9.062983991869057,48,288,0.34782608695652173,0.16,1,50,23,0.5,
er,20,4,gaussian,1000,standardized,2,sort,0.0016,0.0,8.751519137491524,,69,286,0.20634920634920634,0.26,1,50,63,0.5,
er,20,4,gaussian,1000,standardized,2,pc,0.1201,,,,45,,0.5789473684210527,0.22,0,50,29,0.5,
er,20,4,gaussian,1000,standardized,2,ges,1.5566,,,,41,,0.5365853658536586,0.88,0,50,84,0.5,
er,5,4,laplace,100,raw,0,poly_prox,0.1619,2.8441084988384107e-06,3.419015463857529,0.23013799169434984,3,6,0.875,0.7,1,10,8,1.0,
er,5,4,laplace,100,raw,0,poly_lbfgs,0.1569,3.5685881888115863e-09,3.3937518606577948,7.550097238522889,3,6,0.875,0.7,1,10,8,1.0,
er,5,4,laplace,100,raw,0,notears,0.0981,3.0924134364340716e-09,3.393833582392494,7.526972675786539,3,6,0.875,0.7,1,10,8,1.0,
er,5,4,laplace,100,raw,0,sort,0.0001,0.0,3.5288176107204126,,0,0,1.0,1.0,1,10,10,1.0,
er,5,4,laplace,100,raw,0,pc,0.0027,,,,6,12,0.8,0.4,1,10,5,1.0,
er,5,4,laplace,100,raw,0,ges,0.0048,,,,10,,0.0,0.0,0,10,11,1.0,
er,5,4,laplace,1000,raw,0,poly_prox,0.1661,1.1340288869575516e-05,3.557935566466183,0.19567855462238673,3,6,0.875,0.7,1,10,8,1.0,
er,5,4,laplace,1000,raw,0,poly_lbfgs,0.1127,3.7411884628955215e-09,3.565423232355473,7.968399006282644,3,6,0.875,0.7,1,10,8,1.0,
er,5,4,laplace,1000,raw,0,notears,0.0883,3.2415652384543137e-09,3.5655417193126886,7.968451510784059,3,6,0.875,0.7,1,10,8,1.0,
er,5,4,laplace,1000,raw,0,sort,0.0002,0.0,3.6809710098331347,,0,0,1.0,1.0,1,10,10,1.0,
er,5,4,laplace,1000,raw,0,pc,0.0025,,,,9,,0.16666666666666666,0.1,0,10,10,1.0,
er,5,4,laplace,1000,raw,0,ges,0.0052,,,,8,,0.3333333333333333,0.2,0,10,10,1.0,
er,10,4,laplace,100,raw,0,poly_prox,0.2204,4.636563400251443e-06,11.446506859771048,26.19254597288957,15,46,0.6111111111111112,0.5238095238095238,1,21,18,0.7850467289719626,
er,10,4,laplace,100,raw,0,poly_lbfgs,0.1838,5.990176282543824e-09,9.644385384385716,30.49124381507556,11,49,0.7058823529411765,0.5714285714285714,1,21,17,0.7850467289719626,
er,10,4,laplace,100,raw,0,notears,0.1508,4.677231046912311e-09,9.610490661664182,29.884956280058905,11,49,0.7058823529411765,0.5714285714285714,1,21,17,0.7850467289719626,
er,10,4,laplace,100,raw,0,sort,0.0002,0.0,7.873651980547388,,16,28,0.5384615384615384,0.6666666666666666,1,21,26,0.7850467289719626,
er,10,4,laplace,100,raw,0,pc,0.0102,,,,17,,0.625,0.23809523809523808,0,21,10,0.7850467289719626,
er,10,4,laplace,100,raw,0,ges,0.0401,,,,12,,0.6190476190476191,0.6190476190476191,0,21,23,0.7850467289719626,
er,10,4,laplace,1000,raw,0,poly_prox,0.2463,5.3708926612162145e-06,11.897467641709923,27.36861374652425,11,41,0.75,0.5714285714285714,1,21,16,0.7850467289719626,
er,10,4,laplace,1000,raw,0,poly_lbfgs,0.1849,4.4761547591679045e-09,8.967715367702397,32.92125077925928,11,49,0.7058823529411765,0.5714285714285714,1,21,17,0.7850467289719626,
er,10,4,laplace,1000,raw,0,notears,0.1497,3.515708613122115e-09,8.903770789363016,22.66937717044298,11,49,0.7058823529411765,0.5714285714285714,1,21,17,0.7850467289719626,
er,10,4,laplace,1000,raw,0,sort,0.0004,0.0,7.937921700157316,,12,21,0.625,0.7142857142857143,1,21,24,0.7850467289719626,
er,10,4,laplace,1000,raw,0,pc,0.0169,,,,13,,0.75,0.42857142857142855,0,21,14,0.7850467289719626,
er,10,4,laplace,1000,raw,0,ges,0.0477,,,,12,,0.5217391304347826,0.5714285714285714,0,21,25,0.7850467289719626,
er,20,4,laplace,100,raw,0,poly_prox,0.4029,5.738883726527758e-06,14.192875879857235,4.429636409547335,13,108,0.9354838709677419,0.725,1,40,31,0.9874213836477987,
er,20,4,laplace,100,raw,0,poly_lbfgs,0.3313,6.939871017593547e-09,13.535159573970319,16.03144610966571,15,115,0.875,0.7,1,40,32,0.9874213836477987,
er,20,4,laplace,100,raw,0,notears,0.2881,5.167024141883303e-09,13.280637145266477,13.64623905329124,10,74,0.9411764705882353,0.8,1,40,34,0.9874213836477987,
er,20,4,laplace,100,raw,0,sort,0.0005,0.0,15.581393903603932,,25,13,0.6065573770491803,0.925,1,40,61,0.9874213836477987,
er,20,4,laplace,100,raw,0,pc,0.0499,,,,35,,0.5384615384615384,0.175,0,40,35,0.9874213836477987,
er,20,4,laplace,100,raw,0,ges,0.4921,,,,51,163,0.3275862068965517,0.475,1,40,58,0.9874213836477987,
er,20,4,laplace,1000,raw,0,poly_prox,0.4091,7.239942055937974e-06,15.01483205588626,4.684145117880261,13,106,0.9090909090909091,0.75,1,40,33,0.9811320754716981,
er,20,4,laplace,1000,raw,0,poly_lbfgs,0.3507,1.2848523064448424e-09,14.170642297581043,18.19698565224966,5,47,1.0,0.875,1,40,35,0.9811320754716981,
er,20,4,laplace,1000,raw,0,notears,0.264,3.2393288051935087e-09,14.15238668894133,11.321056161036386,5,47,1.0,0.875,1,40,35,0.9811320754716981,
er,20,4,laplace,1000,raw,0,sort,0.0016,0.0,15.557043116683786,,13,13,0.74,0.925,1,40,50,0.9811320754716981,
er,20,4,laplace,1000,raw,0,pc,0.0913,,,,26,,0.6666666666666666,0.4,0,40,28,0.9811320754716981,
er,20,4,laplace,1000,raw,0,ges,1.9312,,,,72,,0.22988505747126436,0.5,0,40,89,0.9811320754716981,
er,5,4,laplace,100,raw,1,poly_prox,0.1615,8.091484965717439e-06,3.3650233796122455,0.08754883880743682,2,3,1.0,0.8,1,10,8,1.0,
er,5,4,laplace,100,raw,1,poly_lbfgs,0.1215,9.933923346886994e-09,3.361475427655315,2.059419060934102,1,1,1.0,0.9,1,10,9,1.0,
er,5,4,laplace,100,raw,1,notears,0.0811,9.106134513103825e-09,3.3615345371539114,2.0596578741585163,1,1,1.0,0.9,1,10,9,1.0,
er,5,4,laplace,100,raw,1,sort,0.0001,0.0,3.5141602338861797,,0,0,1.0,1.0,1,10,10,1.0,
er,5,4,laplace,100,raw,1,pc,0.0024,,,,9,19,0.25,0.1,1,10,4,1.0,
er,5,4,laplace,100,raw,1,ges,0.0042,,,,8,18,0.2857142857142857,0.2,1,10,7,1.0,
er,5,4,laplace,1000,raw,1,poly_prox,0.1904,8.510481836382754e-06,3.4476981659079797,0.103641080653304,2,3,1.0,0.8,1,10,8,1.0,
er,5,4,laplace,1000,raw,1,poly_lbfgs,0.1212,2.2106136378178257e-09,3.4450825700917975,2.089134122166791,2,3,1.0,0.8,1,10,8,1.0,
er,5,4,laplace,1000,raw,1,notears,0.0814,9.319204075097787e-09,3.4449406192043446,2.0888739850168156,2,3,1.0,0.8,1,10,8,1.0,
er,5,4,laplace,1000,raw,1,sort,0.0002,0.0,3.58456824728897,,0,0,1.0,1.0,1,10,10,1.0,
er,5,4,laplace,1000,raw,1,pc,0.0023,,,,7,,0.6,0.3,0,10,7,1.0,
er,5,4,laplace,1000,raw,1,ges,0.005,,,,7,,0.42857142857142855,0.3,0,10,9,1.0,
er,10,4,laplace,100,raw,1,poly_prox,0.2209,4.383124520684726e-05,13.693360083345656,11.56697423012211,22,51,0.5,0.375,1,24,18,0.9633507853403142,
er,10,4,laplace,100,raw,1,poly_lbfgs,0.1722,7.298142198454086e-09,8.276884681542128,109.93664809149602,7,35,0.9,0.75,1,24,20,0.9633507853403142,
er,10,4,laplace,100,raw,1,notears,0.1504,4.672459752441682e-09,8.43807952278989,77.31678406959234,8,33,0.8571428571428571,0.75,1,24,21,0.9633507853403142,
er,10,4,laplace,100,raw,1,sort,0.0003,0.0,8.291587706477578,,12,20,0.6666666666666666,0.8333333333333334,1,24,30,0.9633507853403142,
er,10,4,laplace,100,raw,1,pc,0.0186,,,,23,,0.42857142857142855,0.125,0,24,9,0.9633507853403142,
er,10,4,laplace,100,raw,1,ges,0.0478,,,,27,,0.3,0.25,0,24,24,0.9633507853403142,
er,10,4,laplace,1000,raw,1,poly_prox,0.2234,4.804863302128092e-05,15.485760016268072,11.358060189776099,21,50,0.5263157894736842,0.4166666666666667,1,24,19,0.9633507853403142,
er,10,4,laplace,1000,raw,1,poly_lbfgs,0.188,1.6847763268747988e-09,9.22320387006347,124.46987223169563,5,34,0.95,0.7916666666666666,1,24,20,0.9633507853403142,
er,10,4,laplace,1000,raw,1,notears,0.1478,3.6869280961582263e-09,8.8953709943005,72.47354889972523,5,34,0.95,0.7916666666666666,1,24,20,0.9633507853403142,
er,10,4,laplace,1000,raw,1,sort,0.0005,0.0,8.736782103546666,,9,19,0.7407407407407407,0.8333333333333334,1,24,27,0.9633507853403142,
er,10,4,laplace,1000,raw,1,pc,0.0275,,,,20,,0.5555555555555556,0.20833333333333334,0,24,15,0.9633507853403142,
er,10,4,laplace,1000,raw,1,ges,0.0834,,,,25,,0.34375,0.4583333333333333,0,24,36,0.9633507853403142,
er,20,4,laplace,100,raw,1,poly_prox,0.4038,3.2008068518906275e-06,20.842311784082828,15.952085515262024,20,79,0.7843137254901961,0.8163265306122449,1,49,51,0.9848812095032398,
er,20,4,laplace,100,raw,1,poly_lbfgs,0.3646,5.859666380765365e-09,15.489509960128807,719.3046202977861,3,43,1.0,0.9387755102040817,1,49,46,0.9848812095032398,
er,20,4,laplace,100,raw,1,notears,0.2862,9.449074411804759e-09,15.495330746608325,1383.0052950212305,3,43,1.0,0.9387755102040817,1,49,46,0.9848812095032398,
er,20,4,laplace,100,raw,1,sort,0.0005,0.0,19.46750334101229,,42,38,0.5256410256410257,0.8367346938775511,1,49,78,0.9848812095032398,
er,20,4,laplace,100,raw,1,pc,0.0587,,,,46,,0.5,0.16326530612244897,0,49,22,0.9848812095032398,
er,20,4,laplace,100,raw,1,ges,1.4158,,,,77,,0.25609756097560976,0.42857142857142855,0,49,86,0.9848812095032398,
er,20,4,laplace,1000,raw,1,poly_prox,0.4017,8.2719841079862e-06,20.362624455614615,6.05320436725739,17,92,0.8333333333333334,0.8163265306122449,1,49,48,0.9848812095032398,
er,20,4,laplace,1000,raw,1,poly_lbfgs,0.3461,2.6502083805940264e-09,15.705883742559392,18.598180799141954,3,28,0.9791666666666666,0.9591836734693877,1,49,48,0.9848812095032398,
er,20,4,laplace,1000,raw,1,notears,0.2873,2.494765283245215e-09,15.683348210435508,18.538277634301384,3,28,0.9791666666666666,0.9591836734693877,1,49,48,0.9848812095032398,
er,20,4,laplace,1000,raw,1,sort,0.0015,0.0,19.45463233493505,,29,41,0.6176470588235294,0.8571428571428571,1,49,68,0.9848812095032398,
er,20,4,laplace,1000,raw,1,pc,0.122,,,,52,,0.38095238095238093,0.16326530612244897,0,49,31,0.9848812095032398,
er,20,4,laplace,1000,raw,1,ges,4.3727,,,,96,,0.21238938053097345,0.4897959183673469,0,49,115,0.9848812095032398,
er,5,4,laplace,100,raw,2,poly_prox,0.163,5.917051426722035e-06,4.117743085583342,1.0756874080571441,2,7,0.8888888888888888,0.8,1,10,9,1.0,
er,5,4,laplace,100,raw,2,poly_lbfgs,0.1346,3.6078087717004164e-09,3.4227425712712103,10.081198911358296,4,7,0.8571428571428571,0.6,1,10,7,1.0,
er,5,4,laplace,100,raw,2,notears,0.1062,2.996173087410625e-09,3.4229343049855383,10.088733094506097,4,7,0.8571428571428571,0.6,1,10,7,1.0,
er,5,4,laplace,100,raw,2,sort,0.0001,0.0,3.5672529436279126,,0,0,1.0,1.0,1,10,10,1.0,
er,5,4,laplace,100,raw,2,pc,0.0029,,,,7,13,0.75,0.3,1,10,4,1.0,
er,5,4,laplace,100,raw,2,ges,0.004,,,,9,,0.3333333333333333,0.1,0,10,9,1.0,
er,5,4,laplace,1000,raw,2,poly_prox,0.1632,4.949008144777698e-06,3.9764351896603936,0.7453900354119015,1,6,0.9,0.9,1,10,10,0.9615384615384616,
er,5,4,laplace,1000,raw,2,poly_lbfgs,0.1211,4.313959536114148e-09,3.725964958509576,10.346246046956203,1,6,0.9,0.9,1,10,10,0.9615384615384616,
er,5,4,laplace,1000,raw,2,notears,0.0871,3.152960559305029e-09,3.647479001777884,10.317967986487227,3,6,0.875,0.7,1,10,8,0.9615384615384616,
er,5,4,laplace,1000,raw,2,sort,0.0002,0.0,3.7862913033745347,,1,6,0.9,0.9,1,10,10,0.9615384615384616,
er,5,4,laplace,1000,raw,2,pc,0.0023,,,,9,,0.3333333333333333,0.1,0,10,11,0.9615384615384616,
er,5,4,laplace,1000,raw,2,ges,0.0056,,,,8,,0.5,0.2,0,10,12,0.9615384615384616,
er,10,4,laplace,100,raw,2,poly_prox,0.2179,1.1189391583822494e-05,7.542755608156225,1.7392859721556373,6,37,0.9375,0.75,1,20,16,0.9560439560439561,
er,10,4,laplace,100,raw,2,poly_lbfgs,0.1775,6.657073382674028e-09,6.8493762719592395,10.17689082210297,2,13,1.0,0.9,1,20,18,0.9560439560439561,
er,10,4,laplace,100,raw,2,notears,0.1464,5.756842114124083e-09,6.8477895847384405,9.982161184975462,2,13,1.0,0.9,1,20,18,0.9560439560439561,
er,10,4,laplace,100,raw,2,sort,0.0002,0.0,7.637304056956039,,14,16,0.625,0.75,1,20,24,0.9560439560439561,
er,10,4,laplace,100,raw,2,pc,0.0148,,,,20,,1.0,0.0,0,20,12,0.9560439560439561,
er,10,4,laplace,100,raw,2,ges,0.0412,,,,20,,0.3333333333333333,0.3,0,20,24,0.9560439560439561,
er,10,4,laplace,1000,raw,2,poly_prox,0.2542,7.546637518967197e-06,7.513739489377501,1.0883564789353835,5,28,0.9411764705882353,0.8,1,20,17,0.9560439560439561,
er,10,4,laplace,1000,raw,2,poly_lbfgs,0.2763,6.160068326416768e-09,7.057595560384144,9.624304075769894,3,20,1.0,0.85,1,20,17,0.9560439560439561,
er,10,4,laplace,1000,raw,2,notears,0.2188,5.6307918328002415e-09,7.057317660814082,8.238435012336199,3,20,1.0,0.85,1,20,17,0.9560439560439561,
er,10,4,laplace,1000,raw,2,sort,0.0005,0.0,7.865831691989648,,12,23,0.6666666666666666,0.7,1,20,21,0.9560439560439561,
er,10,4,laplace,1000,raw,2,pc,0.0208,,,,15,,0.6666666666666666,0.3,0,20,11,0.9560439560439561,
er,10,4,laplace,1000,raw,2,ges,0.0408,,,,10,47,0.5909090909090909,0.65,1,20,22,0.9560439560439561,
er,20,4,laplace,100,raw,2,poly_prox,0.4066,1.724386228295402e-05,14.751767763545326,20.99511068852723,13,81,0.9310344827586207,0.7105263157894737,1,38,29,1.0,
er,20,4,laplace,100,raw,2,poly_lbfgs,0.3509,1.1880381671816792e-08,13.79075278451067,2433.901276344207,7,52,0.9428571428571428,0.868421052631579,1,38,35,1.0,
er,20,4,laplace,100,raw,2,notears,0.2709,9.337494333294671e-09,13.71810795981914,15.86004790055309,7,52,0.9428571428571428,0.868421052631579,1,38,35,1.0,
er,20,4,laplace,100,raw,2,sort,0.0006,0.0,15.176752305212663,,15,17,0.7254901960784313,0.9736842105263158,1,38,51,1.0,
er,20,4,laplace,100,raw,2,pc,0.0502,,,,35,,0.75,0.15789473684210525,0,38,32,1.0,
er,20,4,laplace,100,raw,2,ges,0.5047,,,,43,,0.36363636363636365,0.5263157894736842,0,38,57,1.0,
er,20,4,laplace,1000,raw,2,poly_prox,0.4046,1.8693480786349605e-05,16.22912019134192,17.77638146179243,13,64,0.8787878787878788,0.7631578947368421,1,38,33,1.0,
er,20,4,laplace,1000,raw,2,poly_lbfgs,0.3226,9.117440989617101e-09,14.956986096494546,2258.260881294379,9,52,0.9142857142857143,0.8421052631578947,1,38,35,1.0,
er,20,4,laplace,1000,raw,2,notears,0.3591,7.420180025974332e-09,14.53635336418782,18.207685713862936,5,32,0.9459459459459459,0.9210526315789473,1,38,37,1.0,
er,20,4,laplace,1000,raw,2,sort,0.0016,0.0,14.869220339664981,,1,0,0.9743589743589743,1.0,1,38,39,1.0,
er,20,4,laplace,1000,raw,2,pc,0.1061,,,,34,,0.47058823529411764,0.21052631578947367,0,38,29,1.0,
er,20,4,laplace,1000,raw,2,ges,0.4205,,,,18,,0.6521739130434783,0.7894736842105263,0,38,50,1.0,
er,5,4,laplace,100,standardized,0,poly_prox,0.1586,8.086044604546848e-07,1.2568515090428505,0.6893392883319117,9,19,0.25,0.1,1,10,4,0.5,
er,5,4,laplace,100,standardized,0,poly_lbfgs,0.2539,2.9093263294560637e-09,1.1226324173038622,0.8154418199211458,8,18,0.5,0.2,1,10,4,0.5,
er,5,4,laplace,100,standardized,0,notears,0.1219,2.4300508272290244e-09,1.1222804033069618,0.9171590790303578,8,18,0.5,0.2,1,10,4,0.5,
er,5,4,laplace,100,standardized,0,sort,0.0002,0.0,1.7802642603698604,,9,19,0.1111111111111111,0.1,1,10,9,0.5,
er,5,4,laplace,100,standardized,0,pc,0.0042,,,,6,12,0.8,0.4,1,10,5,0.5,
er,5,4,laplace,100,standardized,0,ges,0.0054,,,,10,,0.0,0.0,0,10,11,0.5,
er,5,4,laplace,1000,standardized,0,poly_prox,0.1949,2.5185352196203602e-06,1.1933007296115852,2.3802454942813003,8,18,0.5,0.2,1,10,4,0.5,
er,5,4,laplace,1000,standardized,0,poly_lbfgs,0.1092,6.036895068234727e-09,1.0919792705214721,1.694197610217996,9,19,0.25,0.1,1,10,4,0.5,
er,5,4,laplace,1000,standardized,0,notears,0.0948,2.481919558761092e-09,1.0887350795923532,1.0355858665866642,9,19,0.25,0.1,1,10,4,0.5,
er,5,4,laplace,1000,standardized,0,sort,0.0002,0.0,1.4854913257513205,,10,20,0.0,0.0,1,10,6,0.5,
er,5,4,laplace,1000,standardized,0,pc,0.0041,,,,9,,0.16666666666666666,0.1,0,10,10,0.5,
er,5,4,laplace,1000,standardized,0,ges,0.0061,,,,8,,0.3333333333333333,0.2,0,10,10,0.5,
er,10,4,laplace,100,standardized,0,poly_prox,0.3004,6.354988611312303e-06,2.0671852472718775,0.8787693712139606,21,,0.36363636363636365,0.19047619047619047,0,21,11,0.5,
er,10,4,laplace,100,standardized,0,poly_lbfgs,0.2974,7.330576881620999e-09,2.4315933939931638,253.06314102877622,24,,0.2,0.09523809523809523,0,21,10,0.5,
er,10,4,laplace,100,standardized,0,notears,0.1483,1.6870959740344915e-08,2.3987636524995004,1316.035832331414,24,,0.2,0.09523809523809523,0,21,10,0.5,
er,10,4,laplace,100,standardized,0,sort,0.0002,0.0,4.07217163658895,,24,66,0.21739130434782608,0.23809523809523808,1,21,23,0.5,
er,10,4,laplace,100,standardized,0,pc,0.0106,,,,17,,0.625,0.23809523809523808,0,21,10,0.5,
er,10,4,laplace,100,standardized,0,ges,0.0405,,,,12,,0.6190476190476191,0.6190476190476191,0,21,23,0.5,
er,10,4,laplace,1000,standardized,0,poly_prox,0.2215,3.226332172095822e-06,2.3239864767281766,3.951828267773282,23,,0.2727272727272727,0.14285714285714285,0,21,11,0.5,
er,10,4,laplace,1000,standardized,0,poly_lbfgs,0.1826,2.0952740677931964e-08,2.5820489544411656,2327.2508151430084,21,,0.36363636363636365,0.19047619047619047,0,21,11,0.5,
er,10,4,laplace,1000,standardized,0,notears,0.1489,6.9233259125667246e-09,2.776579170966901,752.1990165382725,22,71,0.3,0.14285714285714285,1,21,10,0.5,
er,10,4,laplace,1000,standardized,0,sort,0.0005,0.0,4.509860984131164,,23,58,0.28,0.3333333333333333,1,21,25,0.5,
er,10,4,laplace,1000,standardized,0,pc,0.0171,,,,13,,0.75,0.42857142857142855,0,21,14,0.5,
er,10,4,laplace,1000,standardized,0,ges,0.0479,,,,12,,0.5217391304347826,0.5714285714285714,0,21,25,0.5,
er,20,4,laplace,100,standardized,0,poly_prox,0.4209,5.814102690126684e-06,5.143105418338196,1.1655491308624661,32,240,0.5,0.275,1,40,22,0.5,
er,20,4,laplace,100,standardized,0,poly_lbfgs,0.3093,3.080988237770245e-08,5.408218286897979,13025.646049400204,35,252,0.45,0.225,1,40,20,0.5,
er,20,4,laplace,100,standardized,0,notears,0.2735,2.0255505717159394e-08,5.474758497475897,3623.0719231891994,35,238,0.47368421052631576,0.225,1,40,19,0.5,
er,20,4,laplace,100,standardized,0,sort,0.0006,0.0,7.956173331308403,,49,205,0.2765957446808511,0.325,1,40,47,0.5,
er,20,4,laplace,100,standardized,0,pc,0.0501,,,,35,,0.5384615384615384,0.175,0,40,35,0.5,
er,20,4,laplace,100,standardized,0,ges,0.4992,,,,51,163,0.3275862068965517,0.475,1,40,58,0.5,
er,20,4,laplace,1000,standardized,0,poly_prox,0.3964,7.614414619016964e-06,4.831460879758695,1.5357019367226215,32,235,0.5,0.275,1,40,22,0.5,
er,20,4,laplace,1000,standardized,0,poly_lbfgs,0.3055,3.6854183110596783e-08,5.117998719195262,12224.80885777755,32,238,0.55,0.275,1,40,20,0.5,
er,20,4,laplace,1000,standardized,0,notears,0.2645,4.358100724743963e-08,5.037622954775705,6017.2187873173225,31,236,0.5789473684210527,0.275,1,40,19,0.5,
er,20,4,laplace,1000,standardized,0,sort,0.0015,0.0,6.89227611732102,,54,269,0.2222222222222222,0.25,1,40,45,0.5,
er,20,4,laplace,1000,standardized,0,pc,0.0867,,,,26,,0.6666666666666666,0.4,0,40,28,0.5,
er,20,4,laplace,1000,standardized,0,ges,1.9497,,,,72,,0.22988505747126436,0.5,0,40,89,0.5,
er,5,4,laplace,100,standardized,1,poly_prox,0.1296,5.599396588780345e-06,1.5222093747024836,0.005041946288768928,8,18,0.4,0.2,1,10,5,0.5,
er,5,4,laplace,100,standardized,1,poly_lbfgs,0.092,8.832628694698956e-09,1.528060866997724,0.6375332336358427,8,11,0.5,0.2,1,10,4,0.5,
er,5,4,laplace,100,standardized,1,notears,0.0292,inf,14504.39637515647,inf,9,,1.0,0.1,0,10,19,0.5,
er,5,4,laplace,100,standardized,1,sort,0.0001,0.0,1.7336314660776815,,6,12,0.5,0.4,1,10,8,0.5,
er,5,4,laplace,100,standardized,1,pc,0.0481,,,,9,19,0.25,0.1,1,10,4,0.5,
er,5,4,laplace,100,standardized,1,ges,0.0041,,,,8,18,0.2857142857142857,0.2,1,10,7,0.5,
er,5,4,laplace,1000,standardized,1,poly_prox,0.1646,5.847453885471664e-06,1.5311787427733696,0.005112238144782398,8,15,0.5,0.2,1,10,4,0.5,
er,5,4,laplace,1000,standardized,1,poly_lbfgs,0.1373,8.362618278814871e-09,1.5377123274536422,0.6947713464153996,8,15,0.5,0.2,1,10,4,0.5,
er,5,4,laplace,1000,standardized,1,notears,0.0927,7.557886760878318e-09,1.5377728374028363,0.6763351896399732,8,15,0.5,0.2,1,10,4,0.5,
er,5,4,laplace,1000,standardized,1,sort,0.0002,0.0,1.8127246707158484,,7,17,0.42857142857142855,0.3,1,10,7,0.5,
er,5,4,laplace,1000,standardized,1,pc,0.0024,,,,7,,0.6,0.3,0,10,7,0.5,
er,5,4,laplace,1000,standardized,1,ges,0.0049,,,,7,,0.42857142857142855,0.3,0,10,9,0.5,
er,10,4,laplace,100,standardized,1,poly_prox,0.2263,7.524425322002462e-06,1.266377136017464,1.1187035883463978,28,,0.1,0.041666666666666664,0,24,10,0.5,
er,10,4,laplace,100,standardized,1,poly_lbfgs,0.2513,4.309757952207381e-08,1.5456833854061567,11333.998781326716,24,,0.3,0.125,0,24,10,0.5,
er,10,4,laplace,100,standardized,1,notears,0.2025,2.930225839747891e-08,1.672069675924448,6316.057897997447,24,,0.3,0.125,0,24,10,0.5,
er,10,4,laplace,100,standardized,1,sort,0.0002,0.0,2.8762094751367275,,24,74,0.3157894736842105,0.25,1,24,19,0.5,
er,10,4,laplace,100,standardized,1,pc,0.0206,,,,23,,0.42857142857142855,0.125,0,24,9,0.5,
er,10,4,laplace,100,standardized,1,ges,0.0588,,,,27,,0.3,0.25,0,24,24,0.5,
er,10,4,laplace,1000,standardized,1,poly_prox,0.2949,6.601131306829734e-06,1.2861138890465116,1.1402910308777585,27,85,0.09090909090909091,0.041666666666666664,1,24,11,0.5,
er,10,4,laplace,1000,standardized,1,poly_lbfgs,0.2488,2.8493501192149487e-08,1.5133700776375847,1661.6654083902874,24,,0.3,0.125,0,24,10,0.5,
er,10,4,laplace,1000,standardized,1,notears,0.2105,1.7997603407593488e-08,1.5659096782681885,498.85186598002355,26,,0.3,0.125,0,24,10,0.5,
er,10,4,laplace,1000,standardized,1,sort,0.0004,0.0,4.134973756233442,,26,77,0.23809523809523808,0.20833333333333334,1,24,21,0.5,
er,10,4,laplace,1000,standardized,1,pc,0.0377,,,,20,,0.5555555555555556,0.20833333333333334,0,24,15,0.5,
er,10,4,laplace,1000,standardized,1,ges,0.1103,,,,25,,0.34375,0.4583333333333333,0,24,36,0.5,
er,20,4,laplace,100,standardized,1,poly_prox,0.4912,6.742231749719179e-06,4.372932544014099,1.8548725940915154,55,,0.17391304347826086,0.08163265306122448,0,49,23,0.5,
er,20,4,laplace,100,standardized,1,poly_lbfgs,0.3265,8.633251689786889e-08,4.622529369930739,21950.559091529485,57,,0.16,0.08163265306122448,0,49,25,0.5,
er,20,4,laplace,100,standardized,1,notears,0.2622,4.527938202159021e-08,4.69124025136494,9328.009823229553,57,,0.16,0.08163265306122448,0,49,25,0.5,
er,20,4,laplace,100,standardized,1,sort,0.0005,0.0,11.302734033330047,,89,303,0.13414634146341464,0.22448979591836735,1,49,82,0.5,
er,20,4,laplace,100,standardized,1,pc,0.0582,,,,46,,0.5,0.16326530612244897,0,49,22,0.5,
er,20,4,laplace,100,standardized,1,ges,1.3985,,,,77,,0.25609756097560976,0.42857142857142855,0,49,86,0.5,
er,20,4,laplace,1000,standardized,1,poly_prox,0.4034,7.510229259323005e-06,4.383514628687466,1.3598066859731737,56,,0.13636363636363635,0.061224489795918366,0,49,22,0.5,
er,20,4,laplace,1000,standardized,1,poly_lbfgs,0.3095,8.497859363135527e-08,4.697887637751277,20234.303997979077,56,,0.13636363636363635,0.061224489795918366,0,49,22,0.5,
er,20,4,laplace,1000,standardized,1,notears,0.2646,3.8011975789231656e-08,4.76709409144449,3427.272060653612,56,323,0.14285714285714285,0.061224489795918366,1,49,21,0.5,
er,20,4,laplace,1000,standardized,1,sort,0.0015,0.0,9.04753251869987,,76,295,0.15384615384615385,0.20408163265306123,1,49,65,0.5,
er,20,4,laplace,1000,standardized,1,pc,0.1216,,,,52,,0.38095238095238093,0.16326530612244897,0,49,31,0.5,
er,20,4,laplace,1000,standardized,1,ges,3.4654,,,,96,,0.21238938053097345,0.4897959183673469,0,49,115,0.5,
er,5,4,laplace,100,standardized,2,poly_prox,0.1715,3.0270872378300135e-06,1.134226746762575,3.457190334312255,7,,0.6,0.3,0,10,5,0.5,
er,5,4,laplace,100,standardized,2,poly_lbfgs,0.092,2.899235365722299e-09,1.035754291031837,0.82603541566339,8,18,0.5,0.2,1,10,4,0.5,
er,5,4,laplace,100,standardized,2,notears,0.0601,2.3570354557023165e-09,1.0358379113661365,0.9236956118636409,8,18,0.5,0.2,1,10,4,0.5,
er,5,4,laplace,100,standardized,2,sort,0.0001,0.0,1.1670983596664917,,8,18,0.5,0.2,1,10,4,0.5,
er,5,4,laplace,100,standardized,2,pc,0.0024,,,,7,13,0.75,0.3,1,10,4,0.5,
er,5,4,laplace,100,standardized,2,ges,0.004,,,,9,,0.3333333333333333,0.1,0,10,9,0.5,
er,5,4,laplace,1000,standardized,2,poly_prox,0.165,2.9881443752195615e-06,1.1131260799400007,2.714531327852935,8,14,0.5,0.2,1,10,4,0.5,
er,5,4,laplace,1000,standardized,2,poly_lbfgs,0.0954,2.8202128028690716e-09,1.0419124820747352,1.0976778219549124,8,18,0.4,0.2,1,10,5,0.5,
er,5,4,laplace,1000,standardized,2,notears,0.0627,2.4512996077419302e-09,1.0402243825342614,0.8769980008116505,8,18,0.4,0.2,1,10,5,0.5,
er,5,4,laplace,1000,standardized,2,sort,0.0002,0.0,1.3029301257823125,,8,18,0.2857142857142857,0.2,1,10,7,0.5,
er,5,4,laplace,1000,standardized,2,pc,0.0024,,,,9,,0.3333333333333333,0.1,0,10,11,0.5,
er,5,4,laplace,1000,standardized,2,ges,0.0052,,,,8,,0.5,0.2,0,10,12,0.5,
er,10,4,laplace,100,standardized,2,poly_prox,0.2219,6.292773835784354e-06,1.9074812956613791,0.8452981401497306,19,,0.36363636363636365,0.2,0,20,11,0.5,
er,10,4,laplace,100,standardized,2,poly_lbfgs,0.1774,3.4704051980522306e-08,2.1868046316243843,2959.5168231450743,19,,0.4,0.2,0,20,10,0.5,
er,10,4,laplace,100,standardized,2,notears,0.1501,1.4153075156286832e-08,2.2406219886522862,815.721897475082,18,84,0.4444444444444444,0.2,1,20,9,0.5,
er,10,4,laplace,100,standardized,2,sort,0.0002,0.0,4.3118948378039015,,28,77,0.21428571428571427,0.3,1,20,28,0.5,
er,10,4,laplace,100,standardized,2,pc,0.0152,,,,20,,1.0,0.0,0,20,12,0.5,
er,10,4,laplace,100,standardized,2,ges,0.0425,,,,20,,0.3333333333333333,0.3,0,20,24,0.5,
er,10,4,laplace,1000,standardized,2,poly_prox,0.2218,5.464761892856896e-06,1.9929353537533387,0.7145702311692524,18,,0.45454545454545453,0.25,0,20,11,0.5,
er,10,4,laplace,1000,standardized,2,poly_lbfgs,0.1808,5.274737804515397e-08,2.2123554330671125,16890.217774538218,17,,0.4166666666666667,0.25,0,20,12,0.5,
er,10,4,laplace,1000,standardized,2,notears,0.1567,1.7042514954823673e-08,2.364725551206262,639.810101038662,17,84,0.45454545454545453,0.25,1,20,11,0.5,
er,10,4,laplace,1000,standardized,2,sort,0.0005,0.0,2.899679670083531,,25,79,0.16666666666666666,0.15,1,20,18,0.5,
er,10,4,laplace,1000,standardized,2,pc,0.0196,,,,15,,0.6666666666666666,0.3,0,20,11,0.5,
er,10,4,laplace,1000,standardized,2,ges,0.038,,,,10,47,0.5909090909090909,0.65,1,20,22,0.5,
er,20,4,laplace,100,standardized,2,poly_prox,0.3998,8.568160355704838e-06,5.338856979347327,1.7485590586265902,34,261,0.3333333333333333,0.15789473684210525,1,38,18,0.5,
er,20,4,laplace,100,standardized,2,poly_lbfgs,0.3337,6.562579018315237e-09,5.50391329865116,319.79702937758424,33,238,0.47368421052631576,0.23684210526315788,1,38,19,0.5,
er,20,4,laplace,100,standardized,2,notears,0.2527,6.738157765084907e-08,5.690685841911309,47612.26407449609,38,253,0.3157894736842105,0.15789473684210525,1,38,19,0.5,
er,20,4,laplace,100,standardized,2,sort,0.0005,0.0,7.33980517137513,,48,229,0.26666666666666666,0.3157894736842105,1,38,45,0.5,
er,20,4,laplace,100,standardized,2,pc,0.0483,,,,35,,0.75,0.15789473684210525,0,38,32,0.5,
er,20,4,laplace,100,standardized,2,ges,0.4945,,,,43,,0.36363636363636365,0.5263157894736842,0,38,57,0.5,
er,20,4,laplace,1000,standardized,2,poly_prox,0.419,7.074574055887652e-06,5.0589867579193655,1.253565638708051,32,235,0.47619047619047616,0.2631578947368421,1,38,21,0.5,
er,20,4,laplace,1000,standardized,2,poly_lbfgs,0.321,2.22161607207687e-08,5.403902019897414,1968.204078258674,34,238,0.42857142857142855,0.23684210526315788,1,38,21,0.5,
er,20,4,laplace,1000,standardized,2,notears,0.2534,3.060487685502267e-08,5.441114164050365,4977.299939946494,35,242,0.4,0.21052631578947367,1,38,20,0.5,
er,20,4,laplace,1000,standardized,2,sort,0.0016,0.0,7.717065354076359,,54,249,0.18867924528301888,0.2631578947368421,1,38,53,0.5,
er,20,4,laplace,1000,standardized,2,pc,0.1037,,,,34,,0.47058823529411764,0.21052631578947367,0,38,29,0.5,
er,20,4,laplace,1000,standardized,2,ges,0.4,,,,18,,0.6521739130434783,0.7894736842105263,0,38,50,0.5,
sf,5,1,gaussian,100,raw,0,poly_prox,0.1407,5.312748495162338e-06,2.446880152440288,0.016543258381116928,1,0,0.6666666666666666,1.0,1,2,3,1.0,
sf,5,1,gaussian,100,raw,0,poly_lbfgs,0.152,6.899385765424613e-09,2.450768795844641,1.1520593215147013,0,0,1.0,1.0,1,2,2,1.0,
sf,5,1,gaussian,100,raw,0,notears,0.132,6.800782159643859e-09,2.451670081841695,1.1017403864882276,1,0,0.6666666666666666,1.0,1,2,3,1.0,
sf,5,1,gaussian,100,raw,0,sort,0.0001,0.0,2.500564930601045,,0,0,1.0,1.0,1,2,2,1.0,
sf,5,1,gaussian,100,raw,0,pc,0.0015,,,,2,,1.0,0.0,0,2,4,1.0,
sf,5,1,gaussian,100,raw,0,ges,0.0015,,,,2,,1.0,0.0,0,2,4,1.0,
sf,5,1,gaussian,1000,raw,0,poly_prox,0.1486,4.7463687020354265e-06,2.7766205886859736,0.015260070792999963,0,0,1.0,1.0,1,2,2,1.0,
sf,5,1,gaussian,1000,raw,0,poly_lbfgs,0.1256,6.26499847640787e-09,2.780879631673362,1.0414598195990774,0,0,1.0,1.0,1,2,2,1.0,
sf,5,1,gaussian,1000,raw,0,notears,0.1114,6.1917244664755344e-09,2.781175462795401,1.0481200630001906,0,0,1.0,1.0,1,2,2,1.0,
sf,5,1,gaussian,1000,raw,0,sort,0.0002,0.0,2.804582660833165,,0,0,1.0,1.0,1,2,2,1.0,
sf,5,1,gaussian,1000,raw,0,pc,0.0014,,,,3,,1.0,0.0,0,2,6,1.0,
sf,5,1,gaussian,1000,raw,0,ges,0.0016,,,,2,,1.0,0.0,0,2,4,1.0,
sf,10,1,gaussian,100,raw,0,poly_prox,0.225,1.1049166082701063e-05,5.547941204167283,0.05966418066698382,0,0,1.0,1.0,1,6,6,0.875,
sf,10,1,gaussian,100,raw,0,poly_lbfgs,0.1851,6.629394355020637e-09,5.572031978494024,4.279596275463744,0,0,1.0,1.0,1,6,6,0.875,
sf,10,1,gaussian,100,raw,0,notears,0.1526,6.153172193990031e-09,5.564473470237996,2.595693857107031,0,0,1.0,1.0,1,6,6,0.875,
sf,10,1,gaussian,100,raw,0,sort,0.0002,0.0,6.095215676496824,,5,2,0.5,0.8333333333333334,1,6,10,0.875,
sf,10,1,gaussian,100,raw,0,pc,0.0042,,,,6,,1.0,0.0,0,6,12,0.875,
sf,10,1,gaussian,100,raw,0,ges,0.0132,,,,7,,0.5,0.16666666666666666,0,6,14,0.875,
sf,10,1,gaussian,1000,raw,0,poly_prox,0.2184,7.471346853768842e-06,5.8276865301266,0.0407980771293898,0,0,1.0,1.0,1,6,6,0.875,
sf,10,1,gaussian,1000,raw,0,poly_lbfgs,0.1997,6.657961792751432e-10,5.840937473076667,4.184092727436776,0,0,1.0,1.0,1,6,6,0.875,
sf,10,1,gaussian,1000,raw,0,notears,0.1586,2.0528325705981842e-09,5.841891744021522,2.9359272646208505,0,0,1.0,1.0,1,6,6,0.875,
sf,10,1,gaussian,1000,raw,0,sort,0.0005,0.0,6.172224273872746,,2,2,0.7142857142857143,0.8333333333333334,1,6,7,0.875,
sf,10,1,gaussian,1000,raw,0,pc,0.0026,,,,6,,1.0,0.0,0,6,12,0.875,
sf,10,1,gaussian,1000,raw,0,ges,0.0092,,,,6,,1.0,0.0,0,6,12,0.875,
sf,20,1,gaussian,100,raw,0,poly_prox,0.4002,2.1059046813037404e-05,11.554156704264141,0.2203439819689424,2,6,0.9166666666666666,0.9166666666666666,1,12,12,1.0,
sf,20,1,gaussian,100,raw,0,poly_lbfgs,0.3352,5.625819022608802e-09,11.56646410564828,628.8141602879414,1,6,1.0,0.9166666666666666,1,12,11,1.0,
sf,20,1,gaussian,100,raw,0,notears,0.2892,2.7462050411486416e-09,11.580106704388152,43.8596524680288,1,6,1.0,0.9166666666666666,1,12,11,1.0,
sf,20,1,gaussian,100,raw,0,sort,0.0005,0.0,12.848052787735313,,6,6,0.6875,0.9166666666666666,1,12,16,1.0,
sf,20,1,gaussian,100,raw,0,pc,0.0122,,,,13,,1.0,0.0,0,12,24,1.0,
sf,20,1,gaussian,100,raw,0,ges,0.0841,,,,15,,0.3076923076923077,0.3333333333333333,0,12,25,1.0,
sf,20,1,gaussian,1000,raw,0,poly_prox,0.4006,1.8083800528471338e-05,11.612469701712675,0.24655489718569157,2,6,0.9166666666666666,0.9166666666666666,1,12,12,1.0,
sf,20,1,gaussian,1000,raw,0,poly_lbfgs,0.3199,4.0244409433807346e-09,11.595937158972513,4.1762933188383995,0,0,1.0,1.0,1,12,12,1.0,
sf,20,1,gaussian,1000,raw,0,notears,0.2631,3.6418548177152843e-09,11.596788431827756,3.729748255951092,1,6,1.0,0.9166666666666666,1,12,11,1.0,
sf,20,1,gaussian,1000,raw,0,sort,0.0015,0.0,12.097722422942336,,0,0,1.0,1.0,1,12,12,1.0,
sf,20,1,gaussian,1000,raw,0,pc,0.014,,,,12,,1.0,0.0,0,12,24,1.0,
sf,20,1,gaussian,1000,raw,0,ges,0.0614,,,,13,,0.25,0.08333333333333333,0,12,24,1.0,
sf,5,1,gaussian,100,raw,1,poly_prox,0.0578,4.2212225728062435e-08,2.240594257866776,8.471068117772242e-05,0,0,1.0,1.0,1,0,0,1.0,
sf,5,1,gaussian,100,raw,1,poly_lbfgs,0.0628,1.3638236257230343e-09,2.241897969920755,0.209023483758437,0,0,1.0,1.0,1,0,0,1.0,
sf,5,1,gaussian,100,raw,1,notears,0.0285,inf,4560.709078248621,inf,9,,0.0,1.0,0,0,16,1.0,
sf,5,1,gaussian,100,raw,1,sort,0.0001,0.0,2.2889242356644246,,0,0,1.0,1.0,1,0,0,1.0,
sf,5,1,gaussian,100,raw,1,pc,0.0016,,,,0,0,1.0,1.0,1,0,0,1.0,
sf,5,1,gaussian,100,raw,1,ges,0.0006,,,,0,0,1.0,1.0,1,0,0,1.0,
sf,5,1,gaussian,1000,raw,1,poly_prox,0.0001,0.0,2.5760570611616913,0.0,0,0,1.0,1.0,1,0,0,1.0,
sf,5,1,gaussian,1000,raw,1,poly_lbfgs,0.0006,0.0,2.5760570611616913,0.0,0,0,1.0,1.0,1,0,0,1.0,
sf,5,1,gaussian,1000,raw,1,notears,0.0004,0.0,2.5760570611616913,0.0,0,0,1.0,1.0,1,0,0,1.0,
sf,5,1,gaussian,1000,raw,1,sort,0.0001,0.0,2.5946745532464917,,0,0,1.0,1.0,1,0,0,1.0,
sf,5,1,gaussian,1000,raw,1,pc,0.0007,,,,1,,1.0,1.0,0,0,2,1.0,
sf,5,1,gaussian,1000,raw,1,ges,0.0011,,,,1,,1.0,1.0,0,0,2,1.0,
sf,10,1,gaussian,100,raw,1,poly_prox,0.1922,5.71132392321139e-06,5.10418525945928,0.011067784351299417,0,0,1.0,1.0,1,1,1,1.0,
sf,10,1,gaussian,100,raw,1,poly_lbfgs,0.1833,5.559377272371316e-09,5.112726111012145,0.8062115250302689,0,0,1.0,1.0,1,1,1,1.0,
sf,10,1,gaussian,100,raw,1,notears,0.144,4.628773808690312e-09,5.113013389758377,0.9108235405262685,0,0,1.0,1.0,1,1,1,1.0,
sf,10,1,gaussian,100,raw,1,sort,0.0002,0.0,5.312644626491882,,0,0,1.0,1.0,1,1,1,1.0,
sf,10,1,gaussian,100,raw,1,pc,0.0035,,,,4,,0.0,0.0,0,1,6,1.0,
sf,10,1,gaussian,100,raw,1,ges,0.0056,,,,4,,0.0,0.0,0,1,5,1.0,
sf,10,1,gaussian,1000,raw,1,poly_prox,0.1393,2.595196276696447e-06,5.222297959603728,0.002050357274792512,0,0,1.0,1.0,1,1,1,1.0,
sf,10,1,gaussian,1000,raw,1,poly_lbfgs,0.2054,4.6408147806405124e-09,5.225635580266015,0.9201037212426202,0,0,1.0,1.0,1,1,1,1.0,
sf,10,1,gaussian,1000,raw,1,notears,0.1763,4.463675651322774e-09,5.2247916838878155,1.027377098693633,0,0,1.0,1.0,1,1,1,1.0,
sf,10,1,gaussian,1000,raw,1,sort,0.0005,0.0,5.319924217262784,,0,0,1.0,1.0,1,1,1,1.0,
sf,10,1,gaussian,1000,raw,1,pc,0.0022,,,,2,,1.0,0.0,0,1,4,1.0,
sf,10,1,gaussian,1000,raw,1,ges,0.0036,,,,2,,1.0,0.0,0,1,4,1.0,
sf,20,1,gaussian,100,raw,1,poly_prox,0.4022,9.13248447830348e-06,11.148573512443916,0.6363206423322011,3,12,0.9,0.8181818181818182,1,11,10,1.0,
sf,20,1,gaussian,100,raw,1,poly_lbfgs,0.336,6.798639594476207e-09,11.189355256508268,772.1297312887834,2,12,1.0,0.8181818181818182,1,11,9,1.0,
sf,20,1,gaussian,100,raw,1,notears,0.2632,9.967763503482274e-09,11.194777013381207,2624.114184165158,2,12,1.0,0.8181818181818182,1,11,9,1.0,
sf,20,1,gaussian,100,raw,1,sort,0.0005,0.0,12.475328391388642,,11,4,0.5,0.9090909090909091,1,11,20,1.0,
sf,20,1,gaussian,100,raw,1,pc,0.0124,,,,11,,1.0,0.0,0,11,18,1.0,
sf,20,1,gaussian,100,raw,1,ges,0.0684,,,,15,,0.3333333333333333,0.2727272727272727,0,11,23,1.0,
sf,20,1,gaussian,1000,raw,1,poly_prox,0.4007,1.7833674259843342e-05,11.202540367913908,0.14693924691629806,2,12,1.0,0.8181818181818182,1,11,9,1.0,
sf,20,1,gaussian,1000,raw,1,poly_lbfgs,0.296,7.748263041859082e-09,11.269089372926985,4.971062761620931,2,12,1.0,0.8181818181818182,1,11,9,1.0,
sf,20,1,gaussian,1000,raw,1,notears,0.2569,6.568487975755488e-09,11.265520860779734,3.2809105790572044,2,12,1.0,0.8181818181818182,1,11,9,1.0,
sf,20,1,gaussian,1000,raw,1,sort,0.0015,0.0,11.73470435292624,,0,0,1.0,1.0,1,11,11,1.0,
sf,20,1,gaussian,1000,raw,1,pc,0.0162,,,,12,,0.0,0.0,0,11,22,1.0,
sf,20,1,gaussian,1000,raw,1,ges,0.0625,,,,8,,0.5833333333333334,0.6363636363636364,0,11,18,1.0,
sf,5,1,gaussian,100,raw,2,poly_prox,0.1541,1.4707181154613618e-06,2.741589575287267,0.01846820593726906,0,0,1.0,1.0,1,3,3,0.8,
sf,5,1,gaussian,100,raw,2,poly_lbfgs,0.1209,9.863551638529842e-09,2.7454077192048736,1.3572281803664574,0,0,1.0,1.0,1,3,3,0.8,
sf,5,1,gaussian,100,raw,2,notears,0.0949,9.66137392310884e-09,2.7457517451320252,1.416387351839924,0,0,1.0,1.0,1,3,3,0.8,
sf,5,1,gaussian,100,raw,2,sort,0.0001,0.0,2.8541888650937937,,2,3,0.5,0.6666666666666666,1,3,4,0.8,
sf,5,1,gaussian,100,raw,2,pc,0.0028,,,,4,,1.0,0.0,0,3,8,0.8,
sf,5,1,gaussian,100,raw,2,ges,0.0028,,,,4,,1.0,0.0,0,3,8,0.8,
sf,5,1,gaussian,1000,raw,2,poly_prox,0.1604,1.3753564051601152e-06,2.7494391918353505,0.010227116473237763,0,0,1.0,1.0,1,3,3,0.8,
sf,5,1,gaussian,1000,raw,2,poly_lbfgs,0.1373,9.043759954950398e-09,2.7529597340669163,1.440259912834452,0,0,1.0,1.0,1,3,3,0.8,
sf,5,1,gaussian,1000,raw,2,notears,0.1056,8.263365103289289e-09,2.753376434885994,1.44744719415569,0,0,1.0,1.0,1,3,3,0.8,
sf,5,1,gaussian,1000,raw,2,sort,0.0002,0.0,2.912157668676538,,2,3,0.5,0.6666666666666666,1,3,4,0.8,
sf,5,1,gaussian,1000,raw,2,pc,0.0013,,,,4,,0.3333333333333333,0.3333333333333333,0,3,7,0.8,
sf,5,1,gaussian,1000,raw,2,ges,0.0035,,,,4,,0.3333333333333333,0.3333333333333333,0,3,7,0.8,
sf,10,1,gaussian,100,raw,2,poly_prox,0.2188,1.0048711925421633e-05,5.583662346897227,0.048700140278178546,0,0,1.0,1.0,1,3,3,1.0,
sf,10,1,gaussian,100,raw,2,poly_lbfgs,0.203,2.071018673065018e-09,5.598305300091554,2.8064649569552054,0,0,1.0,1.0,1,3,3,1.0,
sf,10,1,gaussian,100,raw,2,notears,0.1584,2.1244961345701086e-09,5.598236953730105,2.677976462279945,0,0,1.0,1.0,1,3,3,1.0,
sf,10,1,gaussian,100,raw,2,sort,0.0002,0.0,5.87601837720088,,0,0,1.0,1.0,1,3,3,1.0,
sf,10,1,gaussian,100,raw,2,pc,0.0037,,,,5,,0.0,0.0,0,3,8,1.0,
sf,10,1,gaussian,100,raw,2,ges,0.007,,,,5,,0.0,0.0,0,3,7,1.0,
sf,10,1,gaussian,1000,raw,2,poly_prox,0.2154,4.2841191122055555e-06,5.439043223234614,0.009262937202683277,0,0,1.0,1.0,1,3,3,1.0,
sf,10,1,gaussian,1000,raw,2,poly_lbfgs,0.1999,6.643117940254174e-09,5.446242240742736,1.564923324781647,0,0,1.0,1.0,1,3,3,1.0,
sf,10,1,gaussian,1000,raw,2,notears,0.2706,6.042984779242033e-09,5.447288270150291,1.485096371632684,0,0,1.0,1.0,1,3,3,1.0,
sf,10,1,gaussian,1000,raw,2,sort,0.0005,0.0,5.552891189545863,,0,0,1.0,1.0,1,3,3,1.0,
sf,10,1,gaussian,1000,raw,2,pc,0.0032,,,,3,,1.0,0.0,0,3,6,1.0,
sf,10,1,gaussian,1000,raw,2,ges,0.0052,,,,3,,1.0,0.0,0,3,6,1.0,
sf,20,1,gaussian,100,raw,2,poly_prox,0.3996,7.954014308988878e-06,10.660179127816802,0.6299878798878877,3,25,1.0,0.7,1,10,7,1.0,
sf,20,1,gaussian,100,raw,2,poly_lbfgs,0.3368,1.2713313084141282e-08,10.73408723992149,6708.604647534809,3,25,1.0,0.7,1,10,7,1.0,
sf,20,1,gaussian,100,raw,2,notears,0.3914,8.527123895873956e-09,10.722409006324249,285.26269362271375,3,25,1.0,0.7,1,10,7,1.0,
sf,20,1,gaussian,100,raw,2,sort,0.0007,0.0,11.650268370293482,,3,0,0.7692307692307693,1.0,1,10,13,1.0,
sf,20,1,gaussian,100,raw,2,pc,0.019,,,,11,,1.0,0.0,0,10,18,1.0,
sf,20,1,gaussian,100,raw,2,ges,0.0649,,,,12,,1.0,0.0,0,10,24,1.0,
sf,20,1,gaussian,1000,raw,2,poly_prox,0.3952,9.984215084584603e-06,11.210567297554718,0.5619557288264558,3,25,1.0,0.7,1,10,7,1.0,
sf,20,1,gaussian,1000,raw,2,poly_lbfgs,0.2966,8.003941725798966e-09,11.268564331850042,13.354401669840449,4,25,0.875,0.7,1,10,8,1.0,
sf,20,1,gaussian,1000,raw,2,notears,0.2453,5.285109239139274e-09,11.25621405850687,4.305990912527858,3,25,1.0,0.7,1,10,7,1.0,
sf,20,1,gaussian,1000,raw,2,sort,0.0016,0.0,11.729566084814614,,0,0,1.0,1.0,1,10,10,1.0,
sf,20,1,gaussian,1000,raw,2,pc,0.0231,,,,11,,0.3333333333333333,0.1,0,10,21,1.0,
sf,20,1,gaussian,1000,raw,2,ges,0.0534,,,,10,,0.5,0.1,0,10,20,1.0,
sf,5,1,gaussian,100,standardized,0,poly_prox,0.1458,1.1667611116884913e-06,1.9260690976515737,0.0029983581430293336,1,3,0.5,0.5,1,2,2,0.5,
sf,5,1,gaussian,100,standardized,0,poly_lbfgs,0.1172,7.749572038165414e-09,1.9286665072624014,0.6868137478343176,1,3,0.5,0.5,1,2,2,0.5,
sf,5,1,gaussian,100,standardized,0,notears,0.0963,7.059088424909987e-09,1.9290614806322162,0.6614638427713706,1,3,0.5,0.5,1,2,2,0.5,
sf,5,1,gaussian,100,standardized,0,sort,0.0001,0.0,1.9815831266485275,,3,5,0.0,0.0,1,2,3,0.5,
sf,5,1,gaussian,100,standardized,0,pc,0.0016,,,,2,,1.0,0.0,0,2,4,0.5,
sf,5,1,gaussian,100,standardized,0,ges,0.0015,,,,2,,1.0,0.0,0,2,4,0.5,
sf,5,1,gaussian,1000,standardized,0,poly_prox,0.1416,4.441515620746759e-06,1.9731797465548755,0.006032006590792723,1,3,0.5,0.5,1,2,2,0.5,
sf,5,1,gaussian,1000,standardized,0,poly_lbfgs,0.0868,7.653822935273332e-09,1.9788737130345746,0.6334274256701037,1,3,0.5,0.5,1,2,2,0.5,
sf,5,1,gaussian,1000,standardized,0,notears,0.0782,1.4322569796831885e-09,1.9788766068076953,0.8912157631142232,0,0,1.0,1.0,1,2,2,0.5,
sf,5,1,gaussian,1000,standardized,0,sort,0.0002,0.0,2.0377406131025473,,3,5,0.0,0.0,1,2,3,0.5,
sf,5,1,gaussian,1000,standardized,0,pc,0.0009,,,,3,,1.0,0.0,0,2,6,0.5,
sf,5,1,gaussian,1000,standardized,0,ges,0.0015,,,,2,,1.0,0.0,0,2,4,0.5,
sf,10,1,gaussian,100,standardized,0,poly_prox,0.1825,9.172055221850668e-06,3.2757825438913675,0.06714247532035034,2,6,0.6666666666666666,0.6666666666666666,1,6,6,0.5,
sf,10,1,gaussian,100,standardized,0,poly_lbfgs,0.1866,1.0271432802590895e-09,3.2896017865878173,1.5696005899064336,0,0,1.0,1.0,1,6,6,0.5,
sf,10,1,gaussian,100,standardized,0,notears,0.1566,1.1136460642546808e-09,3.28697156576162,1.566916281813249,0,0,1.0,1.0,1,6,6,0.5,
sf,10,1,gaussian,100,standardized,0,sort,0.0002,0.0,3.8013062755937117,,8,14,0.1111111111111111,0.16666666666666666,1,6,9,0.5,
sf,10,1,gaussian,100,standardized,0,pc,0.0042,,,,6,,1.0,0.0,0,6,12,0.5,
sf,10,1,gaussian,100,standardized,0,ges,0.0123,,,,7,,0.5,0.16666666666666666,0,6,14,0.5,
sf,10,1,gaussian,1000,standardized,0,poly_prox,0.2128,4.495971809046697e-06,3.6264262717025,0.4526335034889094,4,9,0.5,0.3333333333333333,1,6,4,0.5,
sf,10,1,gaussian,1000,standardized,0,poly_lbfgs,0.1713,8.425027000135419e-09,3.2661722787199703,1.093703077122148,1,4,0.8333333333333334,0.8333333333333334,1,6,6,0.5,
sf,10,1,gaussian,1000,standardized,0,notears,0.1449,8.675851148609581e-09,3.2684400314751545,1.2774288840109798,2,7,0.6666666666666666,0.6666666666666666,1,6,6,0.5,
sf,10,1,gaussian,1000,standardized,0,sort,0.0004,0.0,3.4619415669892333,,5,11,0.375,0.5,1,6,8,0.5,
sf,10,1,gaussian,1000,standardized,0,pc,0.0026,,,,6,,1.0,0.0,0,6,12,0.5,
sf,10,1,gaussian,1000,standardized,0,ges,0.009,,,,6,,1.0,0.0,0,6,12,0.5,
sf,20,1,gaussian,100,standardized,0,poly_prox,0.4017,8.904212693018701e-06,7.091194523343702,0.16024743961898608,8,26,0.5,0.4166666666666667,1,12,10,0.5,
sf,20,1,gaussian,100,standardized,0,poly_lbfgs,0.3235,3.5552740710128967e-09,7.159874706398865,2.5491645189496874,7,24,0.6363636363636364,0.5833333333333334,1,12,11,0.5,
sf,20,1,gaussian,100,standardized,0,notears,0.2645,8.578762589195321e-09,7.159922657692065,2.0457222916351285,7,24,0.6363636363636364,0.5833333333333334,1,12,11,0.5,
sf,20,1,gaussian,100,standardized,0,sort,0.0005,0.0,8.847465815048972,,23,32,0.18518518518518517,0.4166666666666667,1,12,27,0.5,
sf,20,1,gaussian,100,standardized,0,pc,0.0119,,,,13,,1.0,0.0,0,12,24,0.5,
sf,20,1,gaussian,100,standardized,0,ges,0.0828,,,,15,,0.3076923076923077,0.3333333333333333,0,12,25,0.5,
sf,20,1,gaussian,1000,standardized,0,poly_prox,0.3958,9.53291465443035e-06,6.9490802628704795,0.12307351408854615,7,22,0.5833333333333334,0.5833333333333334,1,12,12,0.5,
sf,20,1,gaussian,1000,standardized,0,poly_lbfgs,0.2778,4.9755365695234995e-09,7.058679470859241,3.765935305528069,4,14,0.8333333333333334,0.8333333333333334,1,12,12,0.5,
sf,20,1,gaussian,1000,standardized,0,notears,0.2923,1.8548504954196687e-09,7.05410122773575,2.144990912507273,4,14,0.8333333333333334,0.8333333333333334,1,12,12,0.5,
sf,20,1,gaussian,1000,standardized,0,sort,0.0015,0.0,7.656745673216857,,10,37,0.35714285714285715,0.4166666666666667,1,12,14,0.5,
sf,20,1,gaussian,1000,standardized,0,pc,0.0142,,,,12,,1.0,0.0,0,12,24,0.5,
sf,20,1,gaussian,1000,standardized,0,ges,0.0661,,,,13,,0.25,0.08333333333333333,0,12,24,0.5,
sf,5,1,gaussian,100,standardized,1,poly_prox,0.0649,1.9104996931163525e-07,2.4949044540915195,0.00027846765830570196,0,0,1.0,1.0,1,0,0,1.0,
sf,5,1,gaussian,100,standardized,1,poly_lbfgs,0.0551,5.261398418091809e-09,2.4979371295589954,0.2632496925081816,0,0,1.0,1.0,1,0,0,1.0,
sf,5,1,gaussian,100,standardized,1,notears,0.0524,1.6197088115177394e-09,2.496182271731038,0.2497456731955341,0,0,1.0,1.0,1,0,0,1.0,
sf,5,1,gaussian,100,standardized,1,sort,0.0001,0.0,2.5387158301377717,,0,0,1.0,1.0,1,0,0,1.0,
sf,5,1,gaussian,100,standardized,1,pc,0.0013,,,,0,0,1.0,1.0,1,0,0,1.0,
sf,5,1,gaussian,100,standardized,1,ges,0.0005,,,,0,0,1.0,1.0,1,0,0,1.0,
sf,5,1,gaussian,1000,standardized,1,poly_prox,0.0001,0.0,2.5,0.0,0,0,1.0,1.0,1,0,0,1.0,
sf,5,1,gaussian,1000,standardized,1,poly_lbfgs,0.0005,0.0,2.5,0.0,0,0,1.0,1.0,1,0,0,1.0,
sf,5,1,gaussian,1000,standardized,1,notears,0.0004,0.0,2.5,0.0,0,0,1.0,1.0,1,0,0,1.0,
sf,5,1,gaussian,1000,standardized,1,sort,0.0001,0.0,2.5183504012950304,,0,0,1.0,1.0,1,0,0,1.0,
sf,5,1,gaussian,1000,standardized,1,pc,0.0007,,,,1,,1.0,1.0,0,0,2,1.0,
sf,5,1,gaussian,1000,standardized,1,ges,0.001,,,,1,,1.0,1.0,0,0,2,1.0,
sf,10,1,gaussian,100,standardized,1,poly_prox,0.3005,1.5202912175865507e-06,4.836456126173129,0.02136363035766012,0,0,1.0,1.0,1,1,1,0.5,
sf,10,1,gaussian,100,standardized,1,poly_lbfgs,0.1834,8.397363697978008e-10,4.840867055039975,0.7335487538518756,0,0,1.0,1.0,1,1,1,0.5,
sf,10,1,gaussian,100,standardized,1,notears,0.1435,3.854804475622586e-09,4.839618690976678,0.7131607269968557,1,2,0.0,0.0,1,1,1,0.5,
sf,10,1,gaussian,100,standardized,1,sort,0.0002,0.0,5.041079230852949,,1,2,0.0,0.0,1,1,1,0.5,
sf,10,1,gaussian,100,standardized,1,pc,0.0049,,,,4,,0.0,0.0,0,1,6,0.5,
sf,10,1,gaussian,100,standardized,1,ges,0.0065,,,,4,,0.0,0.0,0,1,5,0.5,
sf,10,1,gaussian,1000,standardized,1,poly_prox,0.153,2.909721781872275e-07,4.9763825350848006,0.00118889834471798,1,1,1.0,0.0,1,1,0,0.5,
sf,10,1,gaussian,1000,standardized,1,poly_lbfgs,0.182,4.4826608590723314e-09,4.869197770679924,0.9496584057635765,1,2,0.0,0.0,1,1,1,0.5,
sf,10,1,gaussian,1000,standardized,1,notears,0.1509,2.842833524141497e-09,4.8699737154052505,1.044861540987593,0,0,1.0,1.0,1,1,1,0.5,
sf,10,1,gaussian,1000,standardized,1,sort,0.0005,0.0,4.9739601502615205,,1,2,0.0,0.0,1,1,1,0.5,
sf,10,1,gaussian,1000,standardized,1,pc,0.0021,,,,2,,1.0,0.0,0,1,4,0.5,
sf,10,1,gaussian,1000,standardized,1,ges,0.0036,,,,2,,1.0,0.0,0,1,4,0.5,
sf,20,1,gaussian,100,standardized,1,poly_prox,0.4011,5.713464118510054e-06,7.373524132799017,1.4425782798434108,6,39,0.6666666666666666,0.5454545454545454,1,11,9,0.5,
sf,20,1,gaussian,100,standardized,1,poly_lbfgs,0.2985,7.203065725469717e-09,7.342273752933673,2.2557801764127694,5,21,0.8,0.7272727272727273,1,11,10,0.5,
sf,20,1,gaussian,100,standardized,1,notears,0.2642,1.574473884602412e-09,7.339974280393573,2.2235818980873376,5,21,0.8,0.7272727272727273,1,11,10,0.5,
sf,20,1,gaussian,100,standardized,1,sort,0.0006,0.0,8.778994068575395,,25,61,0.08695652173913043,0.18181818181818182,1,11,23,0.5,
sf,20,1,gaussian,100,standardized,1,pc,0.0124,,,,11,,1.0,0.0,0,11,18,0.5,
sf,20,1,gaussian,100,standardized,1,ges,0.0687,,,,15,,0.3333333333333333,0.2727272727272727,0,11,23,0.5,
sf,20,1,gaussian,1000,standardized,1,poly_prox,0.4036,7.703662859286432e-06,7.386090405560002,0.26488756049497886,8,37,0.4,0.36363636363636365,1,11,10,0.5,
sf,20,1,gaussian,1000,standardized,1,poly_lbfgs,0.3022,8.43054762835305e-09,7.4135930196144955,2.1547530310459035,6,17,0.6363636363636364,0.6363636363636364,1,11,11,0.5,
sf,20,1,gaussian,1000,standardized,1,notears,0.2688,2.2261872345552547e-09,7.417326102564278,2.300171779860585,7,25,0.6,0.5454545454545454,1,11,10,0.5,
sf,20,1,gaussian,1000,standardized,1,sort,0.0015,0.0,8.126569903191074,,15,56,0.15384615384615385,0.18181818181818182,1,11,13,0.5,
sf,20,1,gaussian,1000,standardized,1,pc,0.0167,,,,12,,0.0,0.0,0,11,22,0.5,
sf,20,1,gaussian,1000,standardized,1,ges,0.0653,,,,8,,0.5833333333333334,0.6363636363636364,0,11,18,0.5,
sf,5,1,gaussian,100,standardized,2,poly_prox,0.1305,1.3375851639950613e-06,1.8116143971056353,0.3531613670072746,1,3,1.0,0.6666666666666666,1,3,2,0.5,
sf,5,1,gaussian,100,standardized,2,poly_lbfgs,0.1134,9.45629464333019e-09,1.7089215392985675,0.6603398665572597,0,0,1.0,1.0,1,3,3,0.5,
sf,5,1,gaussian,100,standardized,2,notears,0.1076,8.445982579985412e-09,1.7088545962912922,0.7047012791304952,0,0,1.0,1.0,1,3,3,0.5,
sf,5,1,gaussian,100,standardized,2,sort,0.0001,0.0,1.8118511821308676,,2,4,0.5,0.6666666666666666,1,3,4,0.5,
sf,5,1,gaussian,100,standardized,2,pc,0.0019,,,,4,,1.0,0.0,0,3,8,0.5,
sf,5,1,gaussian,100,standardized,2,ges,0.0027,,,,4,,1.0,0.0,0,3,8,0.5,
sf,5,1,gaussian,1000,standardized,2,poly_prox,0.1402,4.923370145509068e-07,1.714475615526439,0.05719993439863935,3,4,0.3333333333333333,0.3333333333333333,1,3,3,0.5,
sf,5,1,gaussian,1000,standardized,2,poly_lbfgs,0.1561,9.049813088709934e-09,1.689334776421226,0.7145998484857743,0,0,1.0,1.0,1,3,3,0.5,
sf,5,1,gaussian,1000,standardized,2,notears,0.2396,7.935651247237274e-09,1.689564844555272,0.6748502997839223,0,0,1.0,1.0,1,3,3,0.5,
sf,5,1,gaussian,1000,standardized,2,sort,0.0003,0.0,1.7814931308233914,,3,4,0.3333333333333333,0.3333333333333333,1,3,3,0.5,
sf,5,1,gaussian,1000,standardized,2,pc,0.0021,,,,4,,0.3333333333333333,0.3333333333333333,0,3,7,0.5,
sf,5,1,gaussian,1000,standardized,2,ges,0.0082,,,,4,,0.3333333333333333,0.3333333333333333,0,3,7,0.5,
sf,10,1,gaussian,100,standardized,2,poly_prox,0.2763,8.30716925831068e-06,4.15222643544931,0.00903461514992002,1,3,0.6666666666666666,0.6666666666666666,1,3,3,0.5,
sf,10,1,gaussian,100,standardized,2,poly_lbfgs,0.227,3.4034299102392023e-09,4.162155851033052,1.1896298986509697,0,0,1.0,1.0,1,3,3,0.5,
sf,10,1,gaussian,100,standardized,2,notears,0.1989,2.19261409029059e-09,4.162301530218621,0.8396899433185022,0,0,1.0,1.0,1,3,3,0.5,
sf,10,1,gaussian,100,standardized,2,sort,0.0002,0.0,4.527750415127533,,5,5,0.16666666666666666,0.3333333333333333,1,3,6,0.5,
sf,10,1,gaussian,100,standardized,2,pc,0.0045,,,,5,,0.0,0.0,0,3,8,0.5,
sf,10,1,gaussian,100,standardized,2,ges,0.0081,,,,5,,0.0,0.0,0,3,7,0.5,
sf,10,1,gaussian,1000,standardized,2,poly_prox,0.1788,1.9998224767383285e-05,4.194088620990698,9.047846697576221e-05,2,5,0.3333333333333333,0.3333333333333333,1,3,3,0.5,
sf,10,1,gaussian,1000,standardized,2,poly_lbfgs,0.1884,6.551597733947691e-09,4.204918719982603,1.0716291533909594,0,0,1.0,1.0,1,3,3,0.5,
sf,10,1,gaussian,1000,standardized,2,notears,0.1559,6.9510015521245805e-09,4.204995254669077,1.0986575529941522,2,5,0.3333333333333333,0.3333333333333333,1,3,3,0.5,
sf,10,1,gaussian,1000,standardized,2,sort,0.0004,0.0,4.299590616764498,,2,5,0.3333333333333333,0.3333333333333333,1,3,3,0.5,
sf,10,1,gaussian,1000,standardized,2,pc,0.0024,,,,3,,1.0,0.0,0,3,6,0.5,
sf,10,1,gaussian,1000,standardized,2,ges,0.0048,,,,3,,1.0,0.0,0,3,6,0.5,
sf,20,1,gaussian,100,standardized,2,poly_prox,0.404,3.4488288223017136e-06,7.481905596884119,0.8555543700827551,4,26,0.875,0.7,1,10,8,0.5,
sf,20,1,gaussian,100,standardized,2,poly_lbfgs,0.5827,2.5239078521933847e-09,7.516293956117128,2.3239395466202843,4,26,0.875,0.7,1,10,8,0.5,
sf,20,1,gaussian,100,standardized,2,notears,0.3904,7.332022988748577e-09,7.515997851935237,1.788223780323148,4,26,0.875,0.7,1,10,8,0.5,
sf,20,1,gaussian,100,standardized,2,sort,0.0006,0.0,8.708383359797985,,22,73,0.05263157894736842,0.1,1,10,19,0.5,
sf,20,1,gaussian,100,standardized,2,pc,0.0277,,,,11,,1.0,0.0,0,10,18,0.5,
sf,20,1,gaussian,100,standardized,2,ges,0.0967,,,,12,,1.0,0.0,0,10,24,0.5,
sf,20,1,gaussian,1000,standardized,2,poly_prox,0.6635,4.419326324369751e-06,7.536057563703498,0.10289313973656129,2,10,0.9,0.9,1,10,10,0.5,
sf,20,1,gaussian,1000,standardized,2,poly_lbfgs,0.4227,3.913476846997272e-09,7.593051876345895,211.02996358628047,4,19,0.7777777777777778,0.7,1,10,9,0.5,
sf,20,1,gaussian,1000,standardized,2,notears,0.3279,7.621224540343974e-09,7.59697954519401,945.93027688117,3,17,0.8888888888888888,0.8,1,10,9,0.5,
sf,20,1,gaussian,1000,standardized,2,sort,0.0017,0.0,8.312001774388154,,6,36,0.5454545454545454,0.6,1,10,11,0.5,
sf,20,1,gaussian,1000,standardized,2,pc,0.0318,,,,11,,0.3333333333333333,0.1,0,10,21,0.5,
sf,20,1,gaussian,1000,standardized,2,ges,0.0605,,,,10,,0.5,0.1,0,10,20,0.5,
sf,5,1,laplace,100,raw,0,poly_prox,0.0957,1.7325538785103997e-07,2.2488360527142364,0.0005256753800083251,0,0,1.0,1.0,1,0,0,1.0,
sf,5,1,laplace,100,raw,0,poly_lbfgs,0.1238,1.2549395108073857e-09,2.250547874161622,0.3057712245862105,0,0,1.0,1.0,1,0,0,1.0,
sf,5,1,laplace,100,raw,0,notears,0.0824,2.6799309438274577e-09,2.2497167959314743,0.2761786049681103,0,0,1.0,1.0,1,0,0,1.0,
sf,5,1,laplace,100,raw,0,sort,0.0001,0.0,2.296605038579007,,0,0,1.0,1.0,1,0,0,1.0,
sf,5,1,laplace,100,raw,0,pc,0.0017,,,,2,0,0.0,1.0,1,0,2,1.0,
sf,5,1,laplace,100,raw,0,ges,0.001,,,,1,,1.0,1.0,0,0,2,1.0,
sf,5,1,laplace,1000,raw,0,poly_prox,0.0001,0.0,2.38927572203375,0.0,0,0,1.0,1.0,1,0,0,1.0,
sf,5,1,laplace,1000,raw,0,poly_lbfgs,0.0006,0.0,2.38927572203375,0.0,0,0,1.0,1.0,1,0,0,1.0,
sf,5,1,laplace,1000,raw,0,notears,0.0004,0.0,2.38927572203375,0.0,0,0,1.0,1.0,1,0,0,1.0,
sf,5,1,laplace,1000,raw,0,sort,0.0002,0.0,2.415637743017737,,0,0,1.0,1.0,1,0,0,1.0,
sf,5,1,laplace,1000,raw,0,pc,0.0008,,,,1,,1.0,1.0,0,0,2,1.0,
sf,5,1,laplace,1000,raw,0,ges,0.0005,,,,0,0,1.0,1.0,1,0,0,1.0,
sf,10,1,laplace,100,raw,0,poly_prox,0.2186,3.150460868093271e-06,5.456647456549979,0.21500676278811778,2,3,0.8333333333333334,0.8333333333333334,1,6,6,1.0,
sf,10,1,laplace,100,raw,0,poly_lbfgs,0.1843,2.310667076642977e-09,5.420616699528371,2.1780720771010706,0,0,1.0,1.0,1,6,6,1.0,
sf,10,1,laplace,100,raw,0,notears,0.1606,2.169176838151543e-09,5.417973502557719,2.008013710273616,0,0,1.0,1.0,1,6,6,1.0,
sf,10,1,laplace,100,raw,0,sort,0.0002,0.0,5.778007215499104,,1,0,0.8571428571428571,1.0,1,6,7,1.0,
sf,10,1,laplace,100,raw,0,pc,0.0044,,,,6,,0.5,0.16666666666666666,0,6,12,1.0,
sf,10,1,laplace,100,raw,0,ges,0.0111,,,,7,,1.0,0.0,0,6,14,1.0,
sf,10,1,laplace,1000,raw,0,poly_prox,0.218,6.4648341477208935e-06,5.660480384359802,0.06611466398281675,1,3,1.0,0.8333333333333334,1,6,5,1.0,
sf,10,1,laplace,1000,raw,0,poly_lbfgs,0.2238,6.942567215142095e-10,5.66360034644954,2.648116685552176,1,3,1.0,0.8333333333333334,1,6,5,1.0,
sf,10,1,laplace,1000,raw,0,notears,0.1734,2.0867894079401594e-09,5.662368751016035,1.8874711271429412,1,3,1.0,0.8333333333333334,1,6,5,1.0,
sf,10,1,laplace,1000,raw,0,sort,0.0005,0.0,5.799618059291861,,0,0,1.0,1.0,1,6,6,1.0,
sf,10,1,laplace,1000,raw,0,pc,0.0035,,,,6,,0.5,0.16666666666666666,0,6,12,1.0,
sf,10,1,laplace,1000,raw,0,ges,0.0109,,,,5,,0.5,0.3333333333333333,0,6,10,1.0,
sf,20,1,laplace,100,raw,0,poly_prox,0.3957,2.3488730918118103e-06,10.150988863271422,1.038516188189379,1,5,0.8571428571428571,0.8571428571428571,1,7,7,0.875,
sf,20,1,laplace,100,raw,0,poly_lbfgs,0.3222,8.854260510658121e-09,10.132150338006761,107.52026839562032,1,5,0.8571428571428571,0.8571428571428571,1,7,7,0.875,
sf,20,1,laplace,100,raw,0,notears,0.2504,8.660826722461934e-09,10.14601743709842,28.080678111776834,1,5,0.8571428571428571,0.8571428571428571,1,7,7,0.875,
sf,20,1,laplace,100,raw,0,sort,0.0006,0.0,11.079526404465843,,4,2,0.6,0.8571428571428571,1,7,10,0.875,
sf,20,1,laplace,100,raw,0,pc,0.0097,,,,9,,1.0,0.0,0,7,18,0.875,
sf,20,1,laplace,100,raw,0,ges,0.0612,,,,13,,0.16666666666666666,0.2857142857142857,0,7,18,0.875,
sf,20,1,laplace,1000,raw,0,poly_prox,0.3778,7.619296199374687e-06,10.943981599966506,0.11758215524072514,0,0,1.0,1.0,1,7,7,0.875,
sf,20,1,laplace,1000,raw,0,poly_lbfgs,0.3353,2.313242155774307e-09,10.97324881456607,2.428414197692958,0,0,1.0,1.0,1,7,7,0.875,
sf,20,1,laplace,1000,raw,0,notears,0.274,7.077822772316722e-10,10.970719299776196,3.217035375721254,0,0,1.0,1.0,1,7,7,0.875,
sf,20,1,laplace,1000,raw,0,sort,0.0015,0.0,11.412819637890305,,2,2,0.75,0.8571428571428571,1,7,8,0.875,
sf,20,1,laplace,1000,raw,0,pc,0.0095,,,,8,,1.0,0.0,0,7,16,0.875,
sf,20,1,laplace,1000,raw,0,ges,0.0276,,,,7,,1.0,0.0,0,7,14,0.875,
sf,5,1,laplace,100,raw,1,poly_prox,0.0655,1.8291009369868435e-07,2.271345642521192,0.0007779950150774506,0,0,1.0,1.0,1,0,0,1.0,
sf,5,1,laplace,100,raw,1,poly_lbfgs,0.1329,8.611097154050965e-09,2.272937492482346,0.3450057418902855,0,0,1.0,1.0,1,0,0,1.0,
sf,5,1,laplace,100,raw,1,notears,0.0723,4.691797172995393e-09,2.2751417588678273,0.33835411032190665,0,0,1.0,1.0,1,0,0,1.0,
sf,5,1,laplace,100,raw,1,sort,0.0001,0.0,2.3195835578205766,,0,0,1.0,1.0,1,0,0,1.0,
sf,5,1,laplace,100,raw,1,pc,0.0015,,,,0,0,1.0,1.0,1,0,0,1.0,
sf,5,1,laplace,100,raw,1,ges,0.0006,,,,0,0,1.0,1.0,1,0,0,1.0,
sf,5,1,laplace,1000,raw,1,poly_prox,0.0001,0.0,2.496032229222596,0.0,0,0,1.0,1.0,1,0,0,1.0,
sf,5,1,laplace,1000,raw,1,poly_lbfgs,0.0005,0.0,2.496032229222596,0.0,0,0,1.0,1.0,1,0,0,1.0,
sf,5,1,laplace,1000,raw,1,notears,0.0004,0.0,2.496032229222596,0.0,0,0,1.0,1.0,1,0,0,1.0,
sf,5,1,laplace,1000,raw,1,sort,0.0001,0.0,2.514725609224954,,0,0,1.0,1.0,1,0,0,1.0,
sf,5,1,laplace,1000,raw,1,pc,0.0007,,,,1,,1.0,1.0,0,0,2,1.0,
sf,5,1,laplace,1000,raw,1,ges,0.0005,,,,0,0,1.0,1.0,1,0,0,1.0,
sf,10,1,laplace,100,raw,1,poly_prox,0.2126,8.580834723160788e-06,6.030226993097534,0.029772557584517034,0,0,1.0,1.0,1,4,4,1.0,
sf,10,1,laplace,100,raw,1,poly_lbfgs,0.2103,5.201740437126798e-09,6.0440076618940335,1.484766842358798,0,0,1.0,1.0,1,4,4,1.0,
sf,10,1,laplace,100,raw,1,notears,0.1585,2.3528112791382227e-09,6.044321349096161,2.0612995725670555,0,0,1.0,1.0,1,4,4,1.0,
sf,10,1,laplace,100,raw,1,sort,0.0002,0.0,6.2241027260013855,,0,0,1.0,1.0,1,4,4,1.0,
sf,10,1,laplace,100,raw,1,pc,0.0038,,,,4,,1.0,0.0,0,4,8,1.0,
sf,10,1,laplace,100,raw,1,ges,0.0062,,,,4,,1.0,0.0,0,4,8,1.0,
sf,10,1,laplace,1000,raw,1,poly_prox,0.2114,5.812015768020866e-06,5.183435112503229,0.039180796533745614,0,0,1.0,1.0,1,4,4,1.0,
sf,10,1,laplace,1000,raw,1,poly_lbfgs,0.192,2.5620109357202763e-09,5.194800916784783,1.7155594933505165,0,0,1.0,1.0,1,4,4,1.0,
sf,10,1,laplace,1000,raw,1,notears,0.1609,8.249399385817924e-09,5.192419276106993,2.0567638253819736,0,0,1.0,1.0,1,4,4,1.0,
sf,10,1,laplace,1000,raw,1,sort,0.0004,0.0,5.284793598547037,,0,0,1.0,1.0,1,4,4,1.0,
sf,10,1,laplace,1000,raw,1,pc,0.0025,,,,5,,1.0,0.0,0,4,10,1.0,
sf,10,1,laplace,1000,raw,1,ges,0.0062,,,,4,,1.0,0.0,0,4,8,1.0,
sf,20,1,laplace,100,raw,1,poly_prox,0.3965,2.4968426495661737e-05,12.194113322532841,19.87859060653781,7,13,0.7142857142857143,0.7692307692307693,1,13,14,0.9666666666666667,
sf,20,1,laplace,100,raw,1,poly_lbfgs,0.3273,2.8266352135519446e-09,12.046922407247843,147.545484895417,10,27,0.5625,0.6923076923076923,1,13,16,0.9666666666666667,
sf,20,1,laplace,100,raw,1,notears,0.2547,7.38351957352279e-09,12.001987996233495,113.20534717208905,10,27,0.5625,0.6923076923076923,1,13,16,0.9666666666666667,
sf,20,1,laplace,100,raw,1,sort,0.0005,0.0,12.569452762005712,,10,2,0.5454545454545454,0.9230769230769231,1,13,22,0.9666666666666667,
sf,20,1,laplace,100,raw,1,pc,0.0234,,,,13,,1.0,0.0,0,13,26,0.9666666666666667,
sf,20,1,laplace,100,raw,1,ges,0.1215,,,,7,,0.625,0.7692307692307693,0,13,18,0.9666666666666667,
sf,20,1,laplace,1000,raw,1,poly_prox,0.3998,1.1238623593664661e-05,12.908564149399817,16.57347705991689,7,20,0.75,0.6923076923076923,1,13,12,0.9666666666666667,
sf,20,1,laplace,1000,raw,1,poly_lbfgs,0.3128,6.053272845273001e-09,12.639129688833215,18.192445456107848,8,28,0.6428571428571429,0.6923076923076923,1,13,14,0.9666666666666667,
sf,20,1,laplace,1000,raw,1,notears,0.2655,3.577930840492627e-09,12.532714006278484,13.643219298162348,7,21,0.6666666666666666,0.7692307692307693,1,13,15,0.9666666666666667,
sf,20,1,laplace,1000,raw,1,sort,0.0015,0.0,12.363841172554466,,2,2,0.8571428571428571,0.9230769230769231,1,13,14,0.9666666666666667,
sf,20,1,laplace,1000,raw,1,pc,0.0172,,,,13,,1.0,0.0,0,13,26,0.9666666666666667,
sf,20,1,laplace,1000,raw,1,ges,0.0803,,,,13,,0.4,0.15384615384615385,0,13,25,0.9666666666666667,
sf,5,1,laplace,100,raw,2,poly_prox,0.132,1.1653486138252762e-06,2.7049979417123287,0.01356993188165035,0,0,1.0,1.0,1,2,2,0.6666666666666666,
sf,5,1,laplace,100,raw,2,poly_lbfgs,0.1442,7.670703254598565e-09,2.7083753636327423,0.9482305320096484,0,0,1.0,1.0,1,2,2,0.6666666666666666,
sf,5,1,laplace,100,raw,2,notears,0.1098,6.9190875251479156e-09,2.708035932409249,0.9931998681840754,0,0,1.0,1.0,1,2,2,0.6666666666666666,
sf,5,1,laplace,100,raw,2,sort,0.0001,0.0,2.7875743816748018,,2,2,0.3333333333333333,0.5,1,2,3,0.6666666666666666,
sf,5,1,laplace,100,raw,2,pc,0.0016,,,,2,,1.0,0.0,0,2,4,0.6666666666666666,
sf,5,1,laplace,100,raw,2,ges,0.0015,,,,2,,1.0,0.0,0,2,4,0.6666666666666666,
sf,5,1,laplace,1000,raw,2,poly_prox,0.1347,1.119346244948978e-06,2.7991680837380293,0.008515521524999431,0,0,1.0,1.0,1,2,2,0.6666666666666666,
sf,5,1,laplace,1000,raw,2,poly_lbfgs,0.1146,7.364357229264315e-09,2.8016220722841885,0.89521339380403,0,0,1.0,1.0,1,2,2,0.6666666666666666,
sf,5,1,laplace,1000,raw,2,notears,0.0877,6.6633987216846435e-09,2.8015495349272292,0.9000049561487325,0,0,1.0,1.0,1,2,2,0.6666666666666666,
sf,5,1,laplace,1000,raw,2,sort,0.0002,0.0,2.894724459770582,,2,2,0.3333333333333333,0.5,1,2,3,0.6666666666666666,
sf,5,1,laplace,1000,raw,2,pc,0.0009,,,,2,,1.0,0.0,0,2,4,0.6666666666666666,
sf,5,1,laplace,1000,raw,2,ges,0.0015,,,,2,,1.0,0.0,0,2,4,0.6666666666666666,
sf,10,1,laplace,100,raw,2,poly_prox,0.2107,3.0889413780908457e-06,4.7976499024245465,0.21988411356822046,0,0,1.0,1.0,1,3,3,1.0,
sf,10,1,laplace,100,raw,2,poly_lbfgs,0.1861,5.802964686519404e-09,4.8031480030848686,1.7044712058229379,0,0,1.0,1.0,1,3,3,1.0,
sf,10,1,laplace,100,raw,2,notears,0.1467,5.077964715383132e-09,4.800488721975113,1.87815027777323,0,0,1.0,1.0,1,3,3,1.0,
sf,10,1,laplace,100,raw,2,sort,0.0002,0.0,5.065021153575049,,0,0,1.0,1.0,1,3,3,1.0,
sf,10,1,laplace,100,raw,2,pc,0.0042,,,,4,,1.0,0.0,0,3,8,1.0,
sf,10,1,laplace,100,raw,2,ges,0.0062,,,,4,,1.0,0.0,0,3,8,1.0,
sf,10,1,laplace,1000,raw,2,poly_prox,0.1912,4.19103793990102e-06,5.204328636882649,0.013142292475391431,0,0,1.0,1.0,1,3,3,1.0,
sf,10,1,laplace,1000,raw,2,poly_lbfgs,0.2062,1.6898614535305548e-09,5.208561572969289,2.0093533801169734,0,0,1.0,1.0,1,3,3,1.0,
sf,10,1,laplace,1000,raw,2,notears,0.1592,6.793282381067911e-09,5.20814026083659,1.576995655985013,0,0,1.0,1.0,1,3,3,1.0,
sf,10,1,laplace,1000,raw,2,sort,0.0005,0.0,5.31157220123106,,0,0,1.0,1.0,1,3,3,1.0,
sf,10,1,laplace,1000,raw,2,pc,0.0026,,,,3,,0.5,0.3333333333333333,0,3,6,1.0,
sf,10,1,laplace,1000,raw,2,ges,0.0084,,,,5,,0.3333333333333333,0.3333333333333333,0,3,9,1.0,
sf,20,1,laplace,100,raw,2,poly_prox,0.3811,1.8774835857784527e-05,10.921484452418905,0.18265226015330363,1,0,0.8888888888888888,1.0,1,8,9,1.0,
sf,20,1,laplace,100,raw,2,poly_lbfgs,0.3433,4.18704844261422e-09,10.997304291529202,54.30789920772916,1,0,0.8888888888888888,1.0,1,8,9,1.0,
sf,20,1,laplace,100,raw,2,notears,0.275,3.737191889285896e-09,10.979057408328632,578.0104079213734,1,0,0.8888888888888888,1.0,1,8,9,1.0,
sf,20,1,laplace,100,raw,2,sort,0.0006,0.0,11.926621822549041,,4,0,0.6666666666666666,1.0,1,8,12,1.0,
sf,20,1,laplace,100,raw,2,pc,0.0115,,,,9,,1.0,0.0,0,8,18,1.0,
sf,20,1,laplace,100,raw,2,ges,0.0637,,,,12,,0.36363636363636365,0.5,0,8,21,1.0,
sf,20,1,laplace,1000,raw,2,poly_prox,0.3976,8.570103161421452e-06,11.128452953512,0.0886908126593651,0,0,1.0,1.0,1,8,8,1.0,
sf,20,1,laplace,1000,raw,2,poly_lbfgs,0.3475,1.081401518890959e-09,11.15170596171356,6.530457093900176,0,0,1.0,1.0,1,8,8,1.0,
sf,20,1,laplace,1000,raw,2,notears,0.2865,9.507097331606928e-10,11.156885779885028,4.5422443149104925,0,0,1.0,1.0,1,8,8,1.0,
sf,20,1,laplace,1000,raw,2,sort,0.0015,0.0,11.581067117093443,,0,0,1.0,1.0,1,8,8,1.0,
sf,20,1,laplace,1000,raw,2,pc,0.0105,,,,13,,0.0,0.0,0,8,22,1.0,
sf,20,1,laplace,1000,raw,2,ges,0.0442,,,,8,,0.5,0.375,0,8,16,1.0,
sf,5,1,laplace,100,standardized,0,poly_prox,0.0913,2.0946712859399834e-07,2.484157777943442,0.00027775558760594266,0,0,1.0,1.0,1,0,0,1.0,
sf,5,1,laplace,100,standardized,0,poly_lbfgs,0.0744,2.39040213350605e-09,2.4850703266627,0.2661479856136155,0,0,1.0,1.0,1,0,0,1.0,
sf,5,1,laplace,100,standardized,0,notears,0.0741,2.1235067038105626e-09,2.485061228865797,0.3629331607298941,0,0,1.0,1.0,1,0,0,1.0,
sf,5,1,laplace,100,standardized,0,sort,0.0001,0.0,2.5267836031965847,,0,0,1.0,1.0,1,0,0,1.0,
sf,5,1,laplace,100,standardized,0,pc,0.0016,,,,2,0,0.0,1.0,1,0,2,1.0,
sf,5,1,laplace,100,standardized,0,ges,0.001,,,,1,,1.0,1.0,0,0,2,1.0,
sf,5,1,laplace,1000,standardized,0,poly_prox,0.0001,0.0,2.5,0.0,0,0,1.0,1.0,1,0,0,1.0,
sf,5,1,laplace,1000,standardized,0,poly_lbfgs,0.0005,0.0,2.5,0.0,0,0,1.0,1.0,1,0,0,1.0,
sf,5,1,laplace,1000,standardized,0,notears,0.0005,0.0,2.5,0.0,0,0,1.0,1.0,1,0,0,1.0,
sf,5,1,laplace,1000,standardized,0,sort,0.0001,0.0,2.5246813233647374,,0,0,1.0,1.0,1,0,0,1.0,
sf,5,1,laplace,1000,standardized,0,pc,0.0007,,,,1,,1.0,1.0,0,0,2,1.0,
sf,5,1,laplace,1000,standardized,0,ges,0.0005,,,,0,0,1.0,1.0,1,0,0,1.0,
sf,10,1,laplace,100,standardized,0,poly_prox,0.2102,1.8732904903141183e-06,3.4220484023475115,0.04247636946022119,4,10,0.5,0.5,1,6,6,0.5,
sf,10,1,laplace,100,standardized,0,poly_lbfgs,0.1916,5.053585858946475e-09,3.431595859132906,1.5220610905206458,3,6,0.6666666666666666,0.6666666666666666,1,6,6,0.5,
sf,10,1,laplace,100,standardized,0,notears,0.1433,2.7600748353506788e-09,3.4054809328271136,1.2767673812320963,1,4,0.8333333333333334,0.8333333333333334,1,6,6,0.5,
sf,10,1,laplace,100,standardized,0,sort,0.0002,0.0,3.8709199773912224,,9,16,0.1111111111111111,0.16666666666666666,1,6,9,0.5,
sf,10,1,laplace,100,standardized,0,pc,0.0046,,,,6,,0.5,0.16666666666666666,0,6,12,0.5,
sf,10,1,laplace,100,standardized,0,ges,0.0113,,,,7,,1.0,0.0,0,6,14,0.5,
sf,10,1,laplace,1000,standardized,0,poly_prox,0.2209,4.2778156294333605e-06,3.5814740580128372,0.20687284598739053,5,13,0.4,0.3333333333333333,1,6,5,0.5,
sf,10,1,laplace,1000,standardized,0,poly_lbfgs,0.1918,8.098113274390285e-09,3.507195513395857,1.2617688116888954,0,0,1.0,1.0,1,6,6,0.5,
sf,10,1,laplace,1000,standardized,0,notears,0.1577,2.3753017330818693e-09,3.5159419711054465,1.1913803093014241,2,8,0.6666666666666666,0.6666666666666666,1,6,6,0.5,
sf,10,1,laplace,1000,standardized,0,sort,0.0005,0.0,3.72505444927751,,6,13,0.2857142857142857,0.3333333333333333,1,6,7,0.5,
sf,10,1,laplace,1000,standardized,0,pc,0.0036,,,,6,,0.5,0.16666666666666666,0,6,12,0.5,
sf,10,1,laplace,1000,standardized,0,ges,0.0108,,,,5,,0.5,0.3333333333333333,0,6,10,0.5,
sf,20,1,laplace,100,standardized,0,poly_prox,0.3848,1.1879947164938728e-05,8.27306655372288,0.034488030138521725,2,7,0.7142857142857143,0.7142857142857143,1,7,7,0.5,
sf,20,1,laplace,100,standardized,0,poly_lbfgs,0.2963,5.422126713075429e-09,8.320990012514777,1.8503510784709294,2,7,0.7142857142857143,0.7142857142857143,1,7,7,0.5,
sf,20,1,laplace,100,standardized,0,notears,0.241,5.553662418833483e-09,8.316996528413359,1.8214708663835792,2,7,0.7142857142857143,0.7142857142857143,1,7,7,0.5,
sf,20,1,laplace,100,standardized,0,sort,0.0006,0.0,9.221837243785588,,6,6,0.4,0.5714285714285714,1,7,10,0.5,
sf,20,1,laplace,100,standardized,0,pc,0.0096,,,,9,,1.0,0.0,0,7,18,0.5,
sf,20,1,laplace,100,standardized,0,ges,0.0604,,,,13,,0.16666666666666666,0.2857142857142857,0,7,18,0.5,
sf,20,1,laplace,1000,standardized,0,poly_prox,0.4671,7.306760606093972e-06,8.477216723327818,0.10673162624819138,3,7,0.6666666666666666,0.5714285714285714,1,7,6,0.5,
sf,20,1,laplace,1000,standardized,0,poly_lbfgs,0.4193,2.5709189399604164e-09,8.49201885158605,1.974861227410627,5,8,0.42857142857142855,0.42857142857142855,1,7,7,0.5,
sf,20,1,laplace,1000,standardized,0,notears,0.3594,2.5321007512957294e-09,8.48290431429136,2.073637058565874,2,5,0.8333333333333334,0.7142857142857143,1,7,6,0.5,
sf,20,1,laplace,1000,standardized,0,sort,0.0015,0.0,8.936224411084359,,4,6,0.5,0.5714285714285714,1,7,8,0.5,
sf,20,1,laplace,1000,standardized,0,pc,0.0148,,,,8,,1.0,0.0,0,7,16,0.5,
sf,20,1,laplace,1000,standardized,0,ges,0.0401,,,,7,,1.0,0.0,0,7,14,0.5,
sf,5,1,laplace,100,standardized,1,poly_prox,0.0822,2.1104445638898697e-07,2.4924774589409817,3.969085214061949e-07,0,0,1.0,1.0,1,0,0,1.0,
sf,5,1,laplace,100,standardized,1,poly_lbfgs,0.1267,1.2878065875221054e-09,2.493226153576789,0.3656126520254397,0,0,1.0,1.0,1,0,0,1.0,
sf,5,1,laplace,100,standardized,1,notears,0.1119,6.5558634076978706e-09,2.4935085874812044,0.2905645233781057,0,0,1.0,1.0,1,0,0,1.0,
sf,5,1,laplace,100,standardized,1,sort,0.0001,0.0,2.5349661260849787,,0,0,1.0,1.0,1,0,0,1.0,
sf,5,1,laplace,100,standardized,1,pc,0.0015,,,,0,0,1.0,1.0,1,0,0,1.0,
sf,5,1,laplace,100,standardized,1,ges,0.0005,,,,0,0,1.0,1.0,1,0,0,1.0,
sf,5,1,laplace,1000,standardized,1,poly_prox,0.0001,0.0,2.5000000000000004,0.0,0,0,1.0,1.0,1,0,0,1.0,
sf,5,1,laplace,1000,standardized,1,poly_lbfgs,0.0006,0.0,2.5000000000000004,0.0,0,0,1.0,1.0,1,0,0,1.0,
sf,5,1,laplace,1000,standardized,1,notears,0.0005,0.0,2.5000000000000004,0.0,0,0,1.0,1.0,1,0,0,1.0,
sf,5,1,laplace,1000,standardized,1,sort,0.0001,0.0,2.5186464985763393,,0,0,1.0,1.0,1,0,0,1.0,
sf,5,1,laplace,1000,standardized,1,pc,0.0019,,,,1,,1.0,1.0,0,0,2,1.0,
sf,5,1,laplace,1000,standardized,1,ges,0.0013,,,,0,0,1.0,1.0,1,0,0,1.0,
sf,10,1,laplace,100,standardized,1,poly_prox,0.2585,5.795308603437461e-06,4.396664288854935,0.0024709340389982423,1,2,0.75,0.75,1,4,4,0.5,
sf,10,1,laplace,100,standardized,1,poly_lbfgs,0.2249,4.1286274180519625e-09,4.406546203123264,0.9470051310075497,1,2,0.75,0.75,1,4,4,0.5,
sf,10,1,laplace,100,standardized,1,notears,0.1615,9.306138082365578e-10,4.407187526741369,1.021203367385256,2,4,0.6666666666666666,0.5,1,4,3,0.5,
sf,10,1,laplace,100,standardized,1,sort,0.0002,0.0,4.594678125079065,,2,8,0.5,0.5,1,4,4,0.5,
sf,10,1,laplace,100,standardized,1,pc,0.0039,,,,4,,1.0,0.0,0,4,8,0.5,
sf,10,1,laplace,100,standardized,1,ges,0.006,,,,4,,1.0,0.0,0,4,8,0.5,
sf,10,1,laplace,1000,standardized,1,poly_prox,0.201,4.7213616861674656e-06,4.298072995017563,0.004017516801047364,0,0,1.0,1.0,1,4,4,0.5,
sf,10,1,laplace,1000,standardized,1,poly_lbfgs,0.187,2.169792313301725e-09,4.311738291329131,1.1248577660916852,2,4,0.6666666666666666,0.5,1,4,3,0.5,
sf,10,1,laplace,1000,standardized,1,notears,0.1448,3.1326088389960205e-09,4.314788152740112,3.130012654449285,2,4,0.6666666666666666,0.5,1,4,3,0.5,
sf,10,1,laplace,1000,standardized,1,sort,0.0004,0.0,4.440382006061189,,4,12,0.25,0.25,1,4,4,0.5,
sf,10,1,laplace,1000,standardized,1,pc,0.0026,,,,5,,1.0,0.0,0,4,10,0.5,
sf,10,1,laplace,1000,standardized,1,ges,0.006,,,,4,,1.0,0.0,0,4,8,0.5,
sf,20,1,laplace,100,standardized,1,poly_prox,0.3997,6.311760184073778e-06,5.535703637969455,1.0792215351045271,11,,0.5,0.5384615384615384,0,13,14,0.5,
sf,20,1,laplace,100,standardized,1,poly_lbfgs,0.3089,3.370007014542277e-08,5.912602300093143,20832.049678944084,13,,0.42857142857142855,0.46153846153846156,0,13,14,0.5,
sf,20,1,laplace,100,standardized,1,notears,0.253,4.132337494411331e-08,5.7778850204607055,13076.017876621925,12,49,0.46153846153846156,0.46153846153846156,1,13,13,0.5,
sf,20,1,laplace,100,standardized,1,sort,0.0005,0.0,9.115669074059689,,56,58,0.07272727272727272,0.3076923076923077,1,13,55,0.5,
sf,20,1,laplace,100,standardized,1,pc,0.0235,,,,13,,1.0,0.0,0,13,26,0.5,
sf,20,1,laplace,100,standardized,1,ges,0.0891,,,,7,,0.625,0.7692307692307693,0,13,18,0.5,
sf,20,1,laplace,1000,standardized,1,poly_prox,0.4202,1.5039853803292494e-05,5.562101408883768,0.44340145859899716,12,53,0.46153846153846156,0.46153846153846156,1,13,13,0.5,
sf,20,1,laplace,1000,standardized,1,poly_lbfgs,0.3095,2.4480600190598547e-08,5.862736915036134,3249.0202899451415,11,48,0.5384615384615384,0.5384615384615384,1,13,13,0.5,
sf,20,1,laplace,1000,standardized,1,notears,0.2578,2.994782022369691e-08,5.835022059284468,6779.322810855547,12,50,0.46153846153846156,0.46153846153846156,1,13,13,0.5,
sf,20,1,laplace,1000,standardized,1,sort,0.0016,0.0,6.695420135716673,,23,69,0.1,0.15384615384615385,1,13,20,0.5,
sf,20,1,laplace,1000,standardized,1,pc,0.0169,,,,13,,1.0,0.0,0,13,26,0.5,
sf,20,1,laplace,1000,standardized,1,ges,0.0799,,,,13,,0.4,0.15384615384615385,0,13,25,0.5,
sf,5,1,laplace,100,standardized,2,poly_prox,0.1238,5.416370227245604e-06,2.0476170262353723,0.00394501661213382,0,0,1.0,1.0,1,2,2,0.5,
sf,5,1,laplace,100,standardized,2,poly_lbfgs,0.1323,7.65305157836354e-09,2.0534024289949993,0.556160254506275,0,0,1.0,1.0,1,2,2,0.5,
sf,5,1,laplace,100,standardized,2,notears,0.1008,7.112715749713061e-09,2.0543011481597233,0.6486354404749393,0,0,1.0,1.0,1,2,2,0.5,
sf,5,1,laplace,100,standardized,2,sort,0.0001,0.0,2.0956244713545487,,1,3,0.5,0.5,1,2,2,0.5,
sf,5,1,laplace,100,standardized,2,pc,0.0016,,,,2,,1.0,0.0,0,2,4,0.5,
sf,5,1,laplace,100,standardized,2,ges,0.0014,,,,2,,1.0,0.0,0,2,4,0.5,
sf,5,1,laplace,1000,standardized,2,poly_prox,0.1098,4.9869563729256634e-06,2.0816632353488855,0.002485478815104249,0,0,1.0,1.0,1,2,2,0.5,
sf,5,1,laplace,1000,standardized,2,poly_lbfgs,0.0854,5.534163296627616e-09,2.0869749831213373,0.6377385953139433,1,3,0.5,0.5,1,2,2,0.5,
sf,5,1,laplace,1000,standardized,2,notears,0.0714,5.295774485603033e-09,2.08661056532142,0.6216831638574527,1,3,0.5,0.5,1,2,2,0.5,
sf,5,1,laplace,1000,standardized,2,sort,0.0002,0.0,2.1529278114357187,,2,2,0.3333333333333333,0.5,1,2,3,0.5,
sf,5,1,laplace,1000,standardized,2,pc,0.001,,,,2,,1.0,0.0,0,2,4,0.5,
sf,5,1,laplace,1000,standardized,2,ges,0.002,,,,2,,1.0,0.0,0,2,4,0.5,
sf,10,1,laplace,100,standardized,2,poly_prox,0.1969,1.1703908811234682e-05,4.271884008765454,0.01050455730662078,3,6,0.0,0.0,1,3,3,0.5,
sf,10,1,laplace,100,standardized,2,poly_lbfgs,0.1892,2.8578163640303874e-09,4.2857994084920765,1.1451772827304485,3,6,0.0,0.0,1,3,3,0.5,
sf,10,1,laplace,100,standardized,2,notears,0.162,1.1218812545621404e-09,4.2907368954509915,1.0884754477906333,3,6,0.0,0.0,1,3,3,0.5,
sf,10,1,laplace,100,standardized,2,sort,0.0002,0.0,4.493451117920372,,1,2,0.6666666666666666,0.6666666666666666,1,3,3,0.5,
sf,10,1,laplace,100,standardized,2,pc,0.0039,,,,4,,1.0,0.0,0,3,8,0.5,
sf,10,1,laplace,100,standardized,2,ges,0.0059,,,,4,,1.0,0.0,0,3,8,0.5,
sf,10,1,laplace,1000,standardized,2,poly_prox,0.1729,1.0143825167335258e-05,4.317504823427346,0.002488926057164331,1,2,0.6666666666666666,0.6666666666666666,1,3,3,0.5,
sf,10,1,laplace,1000,standardized,2,poly_lbfgs,0.1819,6.379757490571354e-09,4.323510146296774,1.1698925389017136,1,2,0.6666666666666666,0.6666666666666666,1,3,3,0.5,
sf,10,1,laplace,1000,standardized,2,notears,0.1553,6.159229570812386e-09,4.323906811513232,1.1040462023933884,2,4,0.3333333333333333,0.3333333333333333,1,3,3,0.5,
sf,10,1,laplace,1000,standardized,2,sort,0.0005,0.0,4.4183837098632495,,1,2,0.6666666666666666,0.6666666666666666,1,3,3,0.5,
sf,10,1,laplace,1000,standardized,2,pc,0.0026,,,,3,,0.5,0.3333333333333333,0,3,6,0.5,
sf,10,1,laplace,1000,standardized,2,ges,0.0083,,,,5,,0.3333333333333333,0.3333333333333333,0,3,9,0.5,
sf,20,1,laplace,100,standardized,2,poly_prox,0.4018,1.4161765719290398e-06,7.741225723849615,0.13499982867726074,8,16,0.25,0.25,1,8,8,0.5,
sf,20,1,laplace,100,standardized,2,poly_lbfgs,0.3251,1.9898345437156394e-09,7.755865805955213,1.9324899270291949,5,10,0.625,0.625,1,8,8,0.5,
sf,20,1,laplace,100,standardized,2,notears,0.2337,1.8621229003201734e-09,7.750415974477523,1.941098462518716,4,7,0.7142857142857143,0.625,1,8,7,0.5,
sf,20,1,laplace,100,standardized,2,sort,0.0005,0.0,9.50916586119263,,21,15,0.19230769230769232,0.625,1,8,26,0.5,
sf,20,1,laplace,100,standardized,2,pc,0.0119,,,,9,,1.0,0.0,0,8,18,0.5,
sf,20,1,laplace,100,standardized,2,ges,0.0679,,,,12,,0.36363636363636365,0.5,0,8,21,0.5,
sf,20,1,laplace,1000,standardized,2,poly_prox,0.4033,2.448511031954455e-06,7.791781444330817,0.05400419610309859,8,16,0.25,0.25,1,8,8,0.5,
sf,20,1,laplace,1000,standardized,2,poly_lbfgs,0.3584,8.86343443772215e-09,7.754177361759893,2.112784066852711,3,10,0.625,0.625,1,8,8,0.5,
sf,20,1,laplace,1000,standardized,2,notears,0.3126,3.206416465673101e-09,7.750101086887732,2.4855332573233366,3,10,0.625,0.625,1,8,8,0.5,
sf,20,1,laplace,1000,standardized,2,sort,0.0016,0.0,8.326210933553755,,8,9,0.36363636363636365,0.5,1,8,11,0.5,
sf,20,1,laplace,1000,standardized,2,pc,0.015,,,,13,,0.0,0.0,0,8,22,0.5,
sf,20,1,laplace,1000,standardized,2,ges,0.0586,,,,8,,0.5,0.375,0,8,16,0.5,
sf,5,2,gaussian,100,raw,0,poly_prox,0.2226,1.880843245231666e-05,3.092292831736252,0.21249467662681515,2,2,0.75,0.75,1,4,4,1.0,
sf,5,2,gaussian,100,raw,0,poly_lbfgs,0.1445,2.834739269267002e-09,3.0079283568541246,2.1829640321363692,0,0,1.0,1.0,1,4,4,1.0,
sf,5,2,gaussian,100,raw,0,notears,0.1326,2.398870435627032e-09,3.0079800197127926,2.249104685981462,0,0,1.0,1.0,1,4,4,1.0,
sf,5,2,gaussian,100,raw,0,sort,0.0001,0.0,3.088038606520301,,1,0,0.8,1.0,1,4,5,1.0,
sf,5,2,gaussian,100,raw,0,pc,0.0036,,,,4,,1.0,0.0,0,4,8,1.0,
sf,5,2,gaussian,100,raw,0,ges,0.0042,,,,4,,1.0,0.0,0,4,8,1.0,
sf,5,2,gaussian,1000,raw,0,poly_prox,0.2292,3.0351797712468097e-05,3.0348466183006657,0.05123684833517006,0,0,1.0,1.0,1,4,4,1.0,
sf,5,2,gaussian,1000,raw,0,poly_lbfgs,0.159,2.0807467182700673e-09,3.0528222221327486,3.8448394537976878,0,0,1.0,1.0,1,4,4,1.0,
sf,5,2,gaussian,1000,raw,0,notears,0.1334,3.659120118015835e-09,3.052619411894452,2.1344499381768873,0,0,1.0,1.0,1,4,4,1.0,
sf,5,2,gaussian,1000,raw,0,sort,0.0002,0.0,3.081641138893106,,0,0,1.0,1.0,1,4,4,1.0,
sf,5,2,gaussian,1000,raw,0,pc,0.0016,,,,4,,1.0,0.0,0,4,8,1.0,
sf,5,2,gaussian,1000,raw,0,ges,0.0051,,,,4,,1.0,0.0,0,4,8,1.0,
sf,5,2,gaussian,10000,raw,0,poly_prox,0.2311,8.096616234429296e-06,3.0617980717313893,0.05266943635692825,0,0,1.0,1.0,1,4,4,1.0,
sf,5,2,gaussian,10000,raw,0,poly_lbfgs,0.1301,7.724777128198097e-09,3.070132621256401,3.279677949466559,0,0,1.0,1.0,1,4,4,1.0,
sf,5,2,gaussian,10000,raw,0,notears,0.0822,2.7707089955697484e-09,3.0694833306244083,2.391173418666891,0,0,1.0,1.0,1,4,4,1.0,
sf,5,2,gaussian,10000,raw,0,sort,0.0006,0.0,3.0891370079773353,,0,0,1.0,1.0,1,4,4,1.0,
sf,5,2,gaussian,10000,raw,0,pc,0.0016,,,,4,,1.0,0.0,0,4,8,1.0,
sf,5,2,gaussian,10000,raw,0,ges,0.0029,,,,4,,1.0,0.0,0,4,8,1.0,
sf,10,2,gaussian,100,raw,0,poly_prox,0.2533,7.262499116548778e-06,6.103273825396913,2.251288247791766,3,20,0.8571428571428571,0.6666666666666666,1,9,7,0.8823529411764706,
sf,10,2,gaussian,100,raw,0,poly_lbfgs,0.1808,5.866172155815431e-09,6.290374517236228,12.653168136486764,4,19,0.75,0.6666666666666666,1,9,8,0.8823529411764706,
sf,10,2,gaussian,100,raw,0,notears,0.1564,2.9767459608365243e-09,6.279430136217831,10.038303075387624,4,19,0.75,0.6666666666666666,1,9,8,0.8823529411764706,
sf,10,2,gaussian,100,raw,0,sort,0.0002,0.0,6.565079812361998,,4,10,0.6666666666666666,0.8888888888888888,1,9,12,0.8823529411764706,
sf,10,2,gaussian,100,raw,0,pc,0.0127,,,,10,,1.0,0.0,0,9,16,0.8823529411764706,
sf,10,2,gaussian,100,raw,0,ges,0.0179,,,,10,,1.0,0.0,0,9,20,0.8823529411764706,
sf,10,2,gaussian,1000,raw,0,poly_prox,0.2175,1.4150787853446709e-05,6.0785528960287865,0.7029581920472258,3,20,0.8571428571428571,0.6666666666666666,1,9,7,0.8823529411764706,
sf,10,2,gaussian,1000,raw,0,poly_lbfgs,0.1942,3.750175395388109e-08,6.379597634871664,11440.53963394839,4,18,0.8571428571428571,0.6666666666666666,1,9,7,0.8823529411764706,
sf,10,2,gaussian,1000,raw,0,notears,0.1435,9.494232955375992e-09,6.334686049095957,25.074403313403664,3,19,1.0,0.6666666666666666,1,9,6,0.8823529411764706,
sf,10,2,gaussian,1000,raw,0,sort,0.0005,0.0,6.5278782855462785,,3,10,0.7272727272727273,0.8888888888888888,1,9,11,0.8823529411764706,
sf,10,2,gaussian,1000,raw,0,pc,0.0123,,,,9,,1.0,0.0,0,9,18,0.8823529411764706,
sf,10,2,gaussian,1000,raw,0,ges,0.0152,,,,9,,1.0,0.0,0,9,18,0.8823529411764706,
sf,10,2,gaussian,10000,raw,0,poly_prox,0.218,1.3327372994242705e-05,6.213147926782616,0.5332670207950443,3,20,0.8571428571428571,0.6666666666666666,1,9,7,0.8823529411764706,
sf,10,2,gaussian,10000,raw,0,poly_lbfgs,0.1926,3.731241786578851e-09,6.431074397022431,6.249253383526751,2,17,0.875,0.7777777777777778,1,9,8,0.8823529411764706,
sf,10,2,gaussian,10000,raw,0,notears,0.1487,4.697865207958785e-09,6.437712468405463,10.683608474916097,4,18,0.8571428571428571,0.6666666666666666,1,9,7,0.8823529411764706,
sf,10,2,gaussian,10000,raw,0,sort,0.0023,0.0,6.585717425458532,,3,10,0.7272727272727273,0.8888888888888888,1,9,11,0.8823529411764706,
sf,10,2,gaussian,10000,raw,0,pc,0.0113,,,,10,,1.0,0.0,0,9,20,0.8823529411764706,
sf,10,2,gaussian,10000,raw,0,ges,0.0153,,,,9,,1.0,0.0,0,9,18,0.8823529411764706,
sf,20,2,gaussian,100,raw,0,poly_prox,0.4092,1.5281048563328433e-05,11.32696796331895,9.926151469011636,6,100,1.0,0.6842105263157895,1,19,13,0.925,
sf,20,2,gaussian,100,raw,0,poly_lbfgs,0.323,8.248408094869498e-09,11.5989751263761,139.45887350970023,6,101,0.9285714285714286,0.6842105263157895,1,19,14,0.925,
sf,20,2,gaussian,100,raw,0,notears,0.2758,7.721737915744598e-09,11.599860800664427,874.3633684258431,6,101,0.9285714285714286,0.6842105263157895,1,19,14,0.925,
sf,20,2,gaussian,100,raw,0,sort,0.0006,0.0,12.675258811072455,,13,19,0.5517241379310345,0.8421052631578947,1,19,29,0.925,
sf,20,2,gaussian,100,raw,0,pc,0.0834,,,,19,,1.0,0.0,0,19,34,0.925,
sf,20,2,gaussian,100,raw,0,ges,0.1555,,,,17,,0.5833333333333334,0.3684210526315789,0,19,36,0.925,
sf,20,2,gaussian,1000,raw,0,poly_prox,0.3988,1.6661925551823614e-05,11.775982990278994,1.1982909437575224,5,81,1.0,0.7368421052631579,1,19,14,0.975,
sf,20,2,gaussian,1000,raw,0,poly_lbfgs,0.3353,2.571914638211461e-09,12.034267946331987,26.028517002760953,4,62,1.0,0.7894736842105263,1,19,15,0.975,
sf,20,2,gaussian,1000,raw,0,notears,0.2534,6.927205475903975e-09,11.989755440531848,10.959063352799236,3,49,1.0,0.8421052631578947,1,19,16,0.975,
sf,20,2,gaussian,1000,raw,0,sort,0.0015,0.0,12.44836110653395,,2,7,0.9,0.9473684210526315,1,19,20,0.975,
sf,20,2,gaussian,1000,raw,0,pc,0.0848,,,,19,,0.5,0.05263157894736842,0,19,38,0.975,
sf,20,2,gaussian,1000,raw,0,ges,0.1325,,,,19,,0.5,0.15789473684210525,0,19,38,0.975,
sf,5,2,gaussian,100,raw,1,poly_prox,0.1624,1.875484526719909e-06,3.0354861522652454,0.11955444347279862,2,4,0.75,0.75,1,4,4,1.0,
sf,5,2,gaussian,100,raw,1,poly_lbfgs,0.0771,2.412224492626147e-09,3.0250864629622973,1.5891963258874346,2,4,0.75,0.75,1,4,4,1.0,
sf,5,2,gaussian,100,raw,1,notears,0.0647,2.239751495380915e-09,3.0250048634802913,1.680868589774822,2,4,0.75,0.75,1,4,4,1.0,
sf,5,2,gaussian,100,raw,1,sort,0.0001,0.0,3.0972726087702274,,0,0,1.0,1.0,1,4,4,1.0,
sf,5,2,gaussian,100,raw,1,pc,0.0024,,,,5,,1.0,0.0,0,4,8,1.0,
sf,5,2,gaussian,100,raw,1,ges,0.0032,,,,5,,1.0,0.0,0,4,10,1.0,
sf,5,2,gaussian,1000,raw,1,poly_prox,0.1558,1.955019475148524e-06,2.996905802029947,0.06688698178005424,1,4,1.0,0.75,1,4,3,1.0,
sf,5,2,gaussian,1000,raw,1,poly_lbfgs,0.0895,9.960691665012475e-09,2.992510295487731,1.520427929430838,1,4,1.0,0.75,1,4,3,1.0,
sf,5,2,gaussian,1000,raw,1,notears,0.0638,9.457931327006008e-09,2.99236554803453,1.4252119339642808,1,4,1.0,0.75,1,4,3,1.0,
sf,5,2,gaussian,1000,raw,1,sort,0.0002,0.0,3.03828491038362,,0,0,1.0,1.0,1,4,4,1.0,
sf,5,2,gaussian,1000,raw,1,pc,0.0019,,,,4,,1.0,0.0,0,4,8,1.0,
sf,5,2,gaussian,1000,raw,1,ges,0.0026,,,,4,,1.0,0.0,0,4,8,1.0,
sf,5,2,gaussian,10000,raw,1,poly_prox,0.1586,1.6359244109695835e-06,3.0529538547712316,0.1342819989818128,1,4,1.0,0.75,1,4,3,1.0,
sf,5,2,gaussian,10000,raw,1,poly_lbfgs,0.0668,9.053233520244076e-09,3.0308251180338095,1.512333338337516,0,0,1.0,1.0,1,4,4,1.0,
sf,5,2,gaussian,10000,raw,1,notears,0.0758,8.961478670244105e-09,3.0310417107277448,1.4764945759191739,1,4,1.0,0.75,1,4,3,1.0,
sf,5,2,gaussian,10000,raw,1,sort,0.0006,0.0,3.070518465905277,,0,0,1.0,1.0,1,4,4,1.0,
sf,5,2,gaussian,10000,raw,1,pc,0.002,,,,4,,1.0,0.0,0,4,8,1.0,
sf,5,2,gaussian,10000,raw,1,ges,0.0027,,,,4,,1.0,0.0,0,4,8,1.0,
sf,10,2,gaussian,100,raw,1,poly_prox,0.2196,3.6264528227409676e-06,6.336839936346655,15.066923557725323,3,8,0.8,0.8888888888888888,1,9,10,0.9473684210526315,
sf,10,2,gaussian,100,raw,1,poly_lbfgs,0.177,4.5330654412207386e-09,6.118029154676107,20.51647579938758,4,8,0.7272727272727273,0.8888888888888888,1,9,11,0.9473684210526315,
sf,10,2,gaussian,100,raw,1,notears,0.15,2.499477957940144e-09,6.039550004761217,10.083782937022345,2,0,0.8181818181818182,1.0,1,9,11,0.9473684210526315,
sf,10,2,gaussian,100,raw,1,sort,0.0002,0.0,6.441492921650878,,3,1,0.8,0.8888888888888888,1,9,10,0.9473684210526315,
sf,10,2,gaussian,100,raw,1,pc,0.012,,,,4,40,0.5555555555555556,0.5555555555555556,1,9,9,0.9473684210526315,
sf,10,2,gaussian,100,raw,1,ges,0.0223,,,,10,,0.4,0.2222222222222222,0,9,19,0.9473684210526315,
sf,10,2,gaussian,1000,raw,1,poly_prox,0.239,3.960033347994938e-06,6.527611531400561,1.714050836636418,3,8,0.8,0.8888888888888888,1,9,10,0.9473684210526315,
sf,10,2,gaussian,1000,raw,1,poly_lbfgs,0.1853,3.832860835429354e-09,6.34694442160182,8.597299784384916,0,0,1.0,1.0,1,9,9,0.9473684210526315,
sf,10,2,gaussian,1000,raw,1,notears,0.1531,3.7597764901420305e-09,6.343452251011223,9.386457690730223,0,0,1.0,1.0,1,9,9,0.9473684210526315,
sf,10,2,gaussian,1000,raw,1,sort,0.0005,0.0,6.5716828102367835,,2,2,0.8,0.8888888888888888,1,9,10,0.9473684210526315,
sf,10,2,gaussian,1000,raw,1,pc,0.0106,,,,10,,1.0,0.0,0,9,20,0.9473684210526315,
sf,10,2,gaussian,1000,raw,1,ges,0.0162,,,,9,,1.0,0.0,0,9,18,0.9473684210526315,
sf,10,2,gaussian,10000,raw,1,poly_prox,0.2171,3.8040061101385973e-06,6.4710467517405,1.3664893494911932,3,8,0.8,0.8888888888888888,1,9,10,0.9473684210526315,
sf,10,2,gaussian,10000,raw,1,poly_lbfgs,0.1845,2.6509097741871824e-09,6.328832577424617,7.7405655997968585,0,0,1.0,1.0,1,9,9,0.9473684210526315,
sf,10,2,gaussian,10000,raw,1,notears,0.1415,8.669385209714164e-09,6.310271885614298,8.126953584542926,0,0,1.0,1.0,1,9,9,0.9473684210526315,
sf,10,2,gaussian,10000,raw,1,sort,0.0023,0.0,6.457737274557168,,2,2,0.8,0.8888888888888888,1,9,10,0.9473684210526315,
sf,10,2,gaussian,10000,raw,1,pc,0.0107,,,,9,,1.0,0.0,0,9,18,0.9473684210526315,
sf,10,2,gaussian,10000,raw,1,ges,0.0163,,,,9,,1.0,0.0,0,9,18,0.9473684210526315,
sf,20,2,gaussian,100,raw,1,poly_prox,0.4008,3.1436905813824246e-05,14.440455549494798,19.008640980494786,11,80,0.7058823529411765,0.631578947368421,1,19,17,0.9692307692307692,
sf,20,2,gaussian,100,raw,1,poly_lbfgs,0.3213,1.3464522101563831e-08,14.956851341052259,2507.4425023331905,11,95,0.6842105263157895,0.6842105263157895,1,19,19,0.9692307692307692,
sf,20,2,gaussian,100,raw,1,notears,0.266,9.447816751162463e-09,14.823817599776213,205.99149044379644,11,109,0.65,0.6842105263157895,1,19,20,0.9692307692307692,
sf,20,2,gaussian,100,raw,1,sort,0.0005,0.0,14.30478926934418,,23,15,0.425,0.8947368421052632,1,19,40,0.9692307692307692,
sf,20,2,gaussian,100,raw,1,pc,0.0905,,,,19,,1.0,0.0,0,19,36,0.9692307692307692,
sf,20,2,gaussian,100,raw,1,ges,0.2099,,,,13,,0.6428571428571429,0.47368421052631576,0,19,30,0.9692307692307692,
sf,20,2,gaussian,1000,raw,1,poly_prox,0.3987,9.211562183981917e-06,21.19424014889629,40.99755059650035,12,60,0.65,0.6842105263157895,1,19,20,0.9692307692307692,
sf,20,2,gaussian,1000,raw,1,poly_lbfgs,0.3242,6.50781060860981e-08,15.44568160748281,22216.478049219502,6,78,0.875,0.7368421052631579,1,19,16,0.9692307692307692,
sf,20,2,gaussian,1000,raw,1,notears,0.2564,1.1472358707464991e-07,17.1029794024833,106979.09388065216,6,78,0.875,0.7368421052631579,1,19,16,0.9692307692307692,
sf,20,2,gaussian,1000,raw,1,sort,0.0015,0.0,13.473286159280239,,4,15,0.8095238095238095,0.8947368421052632,1,19,21,0.9692307692307692,
sf,20,2,gaussian,1000,raw,1,pc,0.0903,,,,20,,0.5,0.05263157894736842,0,19,40,0.9692307692307692,
sf,20,2,gaussian,1000,raw,1,ges,0.198,,,,16,,0.7142857142857143,0.2631578947368421,0,19,35,0.9692307692307692,
sf,5,2,gaussian,100,raw,2,poly_prox,0.1539,9.824733056649714e-06,2.8685037359197407,0.010823143533686323,1,1,1.0,0.75,1,4,3,1.0,
sf,5,2,gaussian,100,raw,2,poly_lbfgs,0.1512,2.8973010416233407e-09,2.8838248312037784,1.4583821206322574,1,1,1.0,0.75,1,4,3,1.0,
sf,5,2,gaussian,100,raw,2,notears,0.0998,2.3326185427663404e-09,2.8837352796811997,1.4093862826542738,1,1,1.0,0.75,1,4,3,1.0,
sf,5,2,gaussian,100,raw,2,sort,0.0001,0.0,2.9313087487635006,,0,0,1.0,1.0,1,4,4,1.0,
sf,5,2,gaussian,100,raw,2,pc,0.0022,,,,4,,1.0,0.0,0,4,6,1.0,
sf,5,2,gaussian,100,raw,2,ges,0.0026,,,,4,,1.0,0.0,0,4,8,1.0,
sf,5,2,gaussian,1000,raw,2,poly_prox,0.1514,2.711710671776013e-06,2.9217762513561194,0.08806452141205559,0,0,1.0,1.0,1,4,4,1.0,
sf,5,2,gaussian,1000,raw,2,poly_lbfgs,0.1243,2.9095165475913276e-09,2.9164281898303703,1.6785665489606652,0,0,1.0,1.0,1,4,4,1.0,
sf,5,2,gaussian,1000,raw,2,notears,0.1131,2.5241417844767966e-09,2.91661663681604,1.772724574857052,0,0,1.0,1.0,1,4,4,1.0,
sf,5,2,gaussian,1000,raw,2,sort,0.0002,0.0,2.948419215594658,,0,0,1.0,1.0,1,4,4,1.0,
sf,5,2,gaussian,1000,raw,2,pc,0.0016,,,,4,,1.0,0.0,0,4,8,1.0,
sf,5,2,gaussian,1000,raw,2,ges,0.0026,,,,4,,1.0,0.0,0,4,8,1.0,
sf,5,2,gaussian,10000,raw,2,poly_prox,0.154,3.282275901633515e-06,2.9508253978821077,0.1000053562279795,0,0,1.0,1.0,1,4,4,1.0,
sf,5,2,gaussian,10000,raw,2,poly_lbfgs,0.1087,3.2667153486481357e-09,2.9467565856680102,1.6913141040969093,0,0,1.0,1.0,1,4,4,1.0,
sf,5,2,gaussian,10000,raw,2,notears,0.0914,2.610780036604865e-09,2.946651990671351,1.6923601902962455,0,0,1.0,1.0,1,4,4,1.0,
sf,5,2,gaussian,10000,raw,2,sort,0.0006,0.0,2.966271210615565,,0,0,1.0,1.0,1,4,4,1.0,
sf,5,2,gaussian,10000,raw,2,pc,0.0018,,,,4,,1.0,0.0,0,4,8,1.0,
sf,5,2,gaussian,10000,raw,2,ges,0.0027,,,,4,,1.0,0.0,0,4,8,1.0,
sf,10,2,gaussian,100,raw,2,poly_prox,0.2391,1.046424227526978e-05,5.815782940540886,0.6962457862359543,3,4,0.8,0.8888888888888888,1,9,10,0.9310344827586207,
sf,10,2,gaussian,100,raw,2,poly_lbfgs,0.1812,4.060631221062113e-09,6.155922208161165,1002.9695676669763,2,0,0.8181818181818182,1.0,1,9,11,0.9310344827586207,
sf,10,2,gaussian,100,raw,2,notears,0.1443,8.689108099702025e-09,6.136042569613931,7.68496262925067,2,0,0.8181818181818182,1.0,1,9,11,0.9310344827586207,
sf,10,2,gaussian,100,raw,2,sort,0.0002,0.0,6.706130024683411,,8,13,0.4666666666666667,0.7777777777777778,1,9,15,0.9310344827586207,
sf,10,2,gaussian,100,raw,2,pc,0.0124,,,,8,,0.25,0.1111111111111111,0,9,14,0.9310344827586207,
sf,10,2,gaussian,100,raw,2,ges,0.0182,,,,10,,1.0,0.0,0,9,20,0.9310344827586207,
sf,10,2,gaussian,1000,raw,2,poly_prox,0.2175,9.604657931660035e-06,6.0881653796214525,0.6320625117035095,2,4,0.8888888888888888,0.8888888888888888,1,9,9,0.9310344827586207,
sf,10,2,gaussian,1000,raw,2,poly_lbfgs,0.1881,2.7447071560008724e-09,6.324706784874036,9.587678571385737,1,4,1.0,0.8888888888888888,1,9,8,0.9310344827586207,
sf,10,2,gaussian,1000,raw,2,notears,0.15,7.2008674578682985e-09,6.335155932107364,8.19910806404024,1,4,1.0,0.8888888888888888,1,9,8,0.9310344827586207,
sf,10,2,gaussian,1000,raw,2,sort,0.0004,0.0,6.6915108130433545,,4,13,0.6363636363636364,0.7777777777777778,1,9,11,0.9310344827586207,
sf,10,2,gaussian,1000,raw,2,pc,0.0103,,,,9,,1.0,0.0,0,9,18,0.9310344827586207,
sf,10,2,gaussian,1000,raw,2,ges,0.0154,,,,9,,1.0,0.0,0,9,18,0.9310344827586207,
sf,10,2,gaussian,10000,raw,2,poly_prox,0.2202,8.804405237398251e-06,6.06451565269762,0.5174633956630857,2,4,0.8888888888888888,0.8888888888888888,1,9,9,0.9310344827586207,
sf,10,2,gaussian,10000,raw,2,poly_lbfgs,0.1904,2.5931159613242757e-09,6.291623840734273,12.891425444782177,1,4,1.0,0.8888888888888888,1,9,8,0.9310344827586207,
sf,10,2,gaussian,10000,raw,2,notears,0.1499,7.731758344675654e-09,6.290734991255994,25.504476532222622,1,4,1.0,0.8888888888888888,1,9,8,0.9310344827586207,
sf,10,2,gaussian,10000,raw,2,sort,0.0023,0.0,6.596231422361751,,4,13,0.6363636363636364,0.7777777777777778,1,9,11,0.9310344827586207,
sf,10,2,gaussian,10000,raw,2,pc,0.0104,,,,9,,1.0,0.0,0,9,18,0.9310344827586207,
sf,10,2,gaussian,10000,raw,2,ges,0.0176,,,,9,,0.5,0.1111111111111111,0,9,18,0.9310344827586207,
sf,20,2,gaussian,100,raw,2,poly_prox,0.3999,1.4717190685749266e-05,11.887567711230666,9.484392531772977,9,121,0.8571428571428571,0.631578947368421,1,19,14,0.9696969696969697,
sf,20,2,gaussian,100,raw,2,poly_lbfgs,0.3267,3.660025026101331e-08,12.082501034660364,11309.241127311338,8,84,0.8235294117647058,0.7368421052631579,1,19,17,0.9696969696969697,
sf,20,2,gaussian,100,raw,2,notears,0.2646,5.753494036753182e-08,12.149696592855573,34250.473254844976,7,86,0.875,0.7368421052631579,1,19,16,0.9696969696969697,
sf,20,2,gaussian,100,raw,2,sort,0.0006,0.0,13.38871200110199,,17,4,0.5142857142857142,0.9473684210526315,1,19,35,0.9696969696969697,
sf,20,2,gaussian,100,raw,2,pc,0.0892,,,,20,,1.0,0.0,0,19,36,0.9696969696969697,
sf,20,2,gaussian,100,raw,2,ges,0.2519,,,,22,,0.42857142857142855,0.3157894736842105,0,19,42,0.9696969696969697,
sf,20,2,gaussian,1000,raw,2,poly_prox,0.4018,1.0678764835487214e-05,12.519586111625514,6.923561948049723,5,69,0.9375,0.7894736842105263,1,19,16,0.9696969696969697,
sf,20,2,gaussian,1000,raw,2,poly_lbfgs,0.3345,5.647736553584965e-09,12.832048575064679,844.220459386945,4,70,1.0,0.7894736842105263,1,19,15,0.9696969696969697,
sf,20,2,gaussian,1000,raw,2,notears,0.2736,3.825050498562632e-09,12.857966021878816,423.2173850395758,4,70,1.0,0.7894736842105263,1,19,15,0.9696969696969697,
sf,20,2,gaussian,1000,raw,2,sort,0.0015,0.0,13.116188078682347,,2,4,0.9,0.9473684210526315,1,19,20,0.9696969696969697,
sf,20,2,gaussian,1000,raw,2,pc,0.101,,,,19,,1.0,0.0,0,19,38,0.9696969696969697,
sf,20,2,gaussian,1000,raw,2,ges,0.1396,,,,19,,0.5,0.05263157894736842,0,19,38,0.9696969696969697,
sf,5,2,gaussian,100,standardized,0,poly_prox,0.1514,1.2155931373798484e-05,1.203859305844344,0.3547537925159151,2,5,0.75,0.75,1,4,4,0.5,
sf,5,2,gaussian,100,standardized,0,poly_lbfgs,0.0878,5.719026135213516e-09,1.273567377122445,0.7464782368928164,2,5,0.75,0.75,1,4,4,0.5,
sf,5,2,gaussian,100,standardized,0,notears,0.072,3.800316505930823e-09,1.2730820481495502,0.7574963874738811,2,5,0.75,0.75,1,4,4,0.5,
sf,5,2,gaussian,100,standardized,0,sort,0.0001,0.0,1.3520838757736524,,3,6,0.5,0.5,1,4,4,0.5,
sf,5,2,gaussian,100,standardized,0,pc,0.0021,,,,4,,1.0,0.0,0,4,8,0.5,
sf,5,2,gaussian,100,standardized,0,ges,0.0027,,,,4,,1.0,0.0,0,4,8,0.5,
sf,5,2,gaussian,1000,standardized,0,poly_prox,0.1654,1.124377759229949e-05,1.2392866369543571,0.2181734093646287,2,5,0.75,0.75,1,4,4,0.5,
sf,5,2,gaussian,1000,standardized,0,poly_lbfgs,0.1093,5.22975236656012e-09,1.289848994290348,1.0922092818604143,2,5,0.6,0.75,1,4,5,0.5,
sf,5,2,gaussian,1000,standardized,0,notears,0.1055,3.14146575419727e-09,1.2894477331331515,0.6813678677667512,2,5,0.6,0.75,1,4,5,0.5,
sf,5,2,gaussian,1000,standardized,0,sort,0.0002,0.0,1.3545360753516356,,2,2,0.6,0.75,1,4,5,0.5,
sf,5,2,gaussian,1000,standardized,0,pc,0.0015,,,,4,,1.0,0.0,0,4,8,0.5,
sf,5,2,gaussian,1000,standardized,0,ges,0.0027,,,,4,,1.0,0.0,0,4,8,0.5,
sf,5,2,gaussian,10000,standardized,0,poly_prox,0.1377,1.051786678851962e-05,1.25957999548134,0.1812942839581043,2,5,0.75,0.75,1,4,4,0.5,
sf,5,2,gaussian,10000,standardized,0,poly_lbfgs,0.1109,6.464290034784266e-09,1.3058776245930255,1.8062064493329655,2,5,0.75,0.75,1,4,4,0.5,
sf,5,2,gaussian,10000,standardized,0,notears,0.1019,2.4187727376556722e-09,1.295402165163126,0.9552941286012915,1,5,0.75,0.75,1,4,4,0.5,
sf,5,2,gaussian,10000,standardized,0,sort,0.0006,0.0,1.3586948115305189,,2,2,0.6,0.75,1,4,5,0.5,
sf,5,2,gaussian,10000,standardized,0,pc,0.0016,,,,4,,1.0,0.0,0,4,8,0.5,
sf,5,2,gaussian,10000,standardized,0,ges,0.0028,,,,4,,1.0,0.0,0,4,8,0.5,
sf,10,2,gaussian,100,standardized,0,poly_prox,0.2188,5.0314792275068155e-06,1.8958928082773747,0.7814157869581011,6,35,0.625,0.5555555555555556,1,9,8,0.5,
sf,10,2,gaussian,100,standardized,0,poly_lbfgs,0.2106,2.5231726687214687e-08,2.133959823812086,7144.840223912655,11,,0.4,0.4444444444444444,0,9,10,0.5,
sf,10,2,gaussian,100,standardized,0,notears,0.1691,4.8181068024177875e-09,2.385654052846965,148.10019393022273,9,33,0.5,0.4444444444444444,1,9,8,0.5,
sf,10,2,gaussian,100,standardized,0,sort,0.0002,0.0,2.310293462860459,,6,38,0.45454545454545453,0.5555555555555556,1,9,11,0.5,
sf,10,2,gaussian,100,standardized,0,pc,0.0124,,,,10,,1.0,0.0,0,9,16,0.5,
sf,10,2,gaussian,100,standardized,0,ges,0.0177,,,,10,,1.0,0.0,0,9,20,0.5,
sf,10,2,gaussian,1000,standardized,0,poly_prox,0.2204,4.908521161719378e-06,1.970012837777842,1.0226355823784108,4,26,0.6666666666666666,0.6666666666666666,1,9,9,0.5,
sf,10,2,gaussian,1000,standardized,0,poly_lbfgs,0.2074,1.081449912712037e-08,2.185443172172798,730.5764068573709,5,29,0.75,0.6666666666666666,1,9,8,0.5,
sf,10,2,gaussian,1000,standardized,0,notears,0.1617,1.9322683897371462e-08,2.189027919576928,2474.7638757072514,6,28,0.6666666666666666,0.6666666666666666,1,9,9,0.5,
sf,10,2,gaussian,1000,standardized,0,sort,0.0004,0.0,2.3722469625689353,,12,53,0.21428571428571427,0.3333333333333333,1,9,14,0.5,
sf,10,2,gaussian,1000,standardized,0,pc,0.012,,,,9,,1.0,0.0,0,9,18,0.5,
sf,10,2,gaussian,1000,standardized,0,ges,0.0149,,,,9,,1.0,0.0,0,9,18,0.5,
sf,10,2,gaussian,10000,standardized,0,poly_prox,0.2173,5.641994010665863e-06,1.938479049229596,1.0192800109252842,4,26,0.6666666666666666,0.6666666666666666,1,9,9,0.5,
sf,10,2,gaussian,10000,standardized,0,poly_lbfgs,0.2045,2.6370056977004193e-08,2.0819847644221077,6133.733180233067,8,36,0.5555555555555556,0.5555555555555556,1,9,9,0.5,
sf,10,2,gaussian,10000,standardized,0,notears,0.1636,2.809909638301633e-08,2.1188218379075034,2808.544111916635,7,28,0.6,0.6666666666666666,1,9,10,0.5,
sf,10,2,gaussian,10000,standardized,0,sort,0.0023,0.0,2.2867977725994386,,13,50,0.15384615384615385,0.2222222222222222,1,9,13,0.5,
sf,10,2,gaussian,10000,standardized,0,pc,0.0113,,,,10,,1.0,0.0,0,9,20,0.5,
sf,10,2,gaussian,10000,standardized,0,ges,0.0154,,,,9,,1.0,0.0,0,9,18,0.5,
sf,20,2,gaussian,100,standardized,0,poly_prox,0.4965,5.461714175588525e-06,5.135142932655029,0.9015683454166689,6,91,0.875,0.7368421052631579,1,19,16,0.5,
sf,20,2,gaussian,100,standardized,0,poly_lbfgs,0.4353,9.315144383005919e-09,5.287466210534147,731.715364523293,7,83,0.875,0.7368421052631579,1,19,16,0.5,
sf,20,2,gaussian,100,standardized,0,notears,0.3521,1.5343921688781847e-08,5.2937379852664215,1122.4206841150603,7,83,0.875,0.7368421052631579,1,19,16,0.5,
sf,20,2,gaussian,100,standardized,0,sort,0.0005,0.0,6.816803602975128,,31,203,0.13793103448275862,0.21052631578947367,1,19,29,0.5,
sf,20,2,gaussian,100,standardized,0,pc,0.1238,,,,19,,1.0,0.0,0,19,34,0.5,
sf,20,2,gaussian,100,standardized,0,ges,0.2232,,,,17,,0.5833333333333334,0.3684210526315789,0,19,36,0.5,
sf,20,2,gaussian,1000,standardized,0,poly_prox,0.5076,5.07474598771002e-06,5.207865644024347,0.8110381550672238,6,49,0.8333333333333334,0.7894736842105263,1,19,18,0.5,
sf,20,2,gaussian,1000,standardized,0,poly_lbfgs,0.3204,4.22369748975673e-09,5.364463135254351,21.995027595096065,4,47,0.9411764705882353,0.8421052631578947,1,19,17,0.5,
sf,20,2,gaussian,1000,standardized,0,notears,0.2509,9.81449943537882e-09,5.350016877714249,7.8445600013982375,4,47,0.9411764705882353,0.8421052631578947,1,19,17,0.5,
sf,20,2,gaussian,1000,standardized,0,sort,0.0015,0.0,6.1508334963453954,,19,174,0.3181818181818182,0.3684210526315789,1,19,22,0.5,
sf,20,2,gaussian,1000,standardized,0,pc,0.0832,,,,19,,0.5,0.05263157894736842,0,19,38,0.5,
sf,20,2,gaussian,1000,standardized,0,ges,0.1336,,,,19,,0.5,0.15789473684210525,0,19,38,0.5,
sf,5,2,gaussian,100,standardized,1,poly_prox,0.1539,3.3655872835574978e-06,1.4944627984843866,0.28573626586702205,4,12,0.3333333333333333,0.25,1,4,3,0.5,
sf,5,2,gaussian,100,standardized,1,poly_lbfgs,0.0804,3.1531517360085052e-09,1.5036582651137338,0.6273182588280444,4,13,0.25,0.25,1,4,4,0.5,
sf,5,2,gaussian,100,standardized,1,notears,0.0615,2.717930769335908e-09,1.5030716923961671,0.7209617843763539,4,13,0.25,0.25,1,4,4,0.5,
sf,5,2,gaussian,100,standardized,1,sort,0.0001,0.0,1.5505490889347047,,3,8,0.5,0.5,1,4,4,0.5,
sf,5,2,gaussian,100,standardized,1,pc,0.0027,,,,5,,1.0,0.0,0,4,8,0.5,
sf,5,2,gaussian,100,standardized,1,ges,0.0034,,,,5,,1.0,0.0,0,4,10,0.5,
sf,5,2,gaussian,1000,standardized,1,poly_prox,0.1493,5.002084580530008e-07,1.6542047948501293,0.5412362104728794,3,8,0.5,0.5,1,4,4,0.5,
sf,5,2,gaussian,1000,standardized,1,poly_lbfgs,0.1024,2.924842527109816e-09,1.6025506977539916,0.7354462297270691,4,13,0.25,0.25,1,4,4,0.5,
sf,5,2,gaussian,1000,standardized,1,notears,0.0824,8.952361518765883e-09,1.5524292260229793,0.7059000273190124,1,5,0.75,0.75,1,4,4,0.5,
sf,5,2,gaussian,1000,standardized,1,sort,0.0002,0.0,1.6589343712888427,,5,12,0.2,0.25,1,4,5,0.5,
sf,5,2,gaussian,1000,standardized,1,pc,0.0022,,,,4,,1.0,0.0,0,4,8,0.5,
sf,5,2,gaussian,1000,standardized,1,ges,0.0026,,,,4,,1.0,0.0,0,4,8,0.5,
sf,5,2,gaussian,10000,standardized,1,poly_prox,0.1437,7.902097125264574e-07,1.5831431060251209,0.26957191242202666,3,8,0.5,0.5,1,4,4,0.5,
sf,5,2,gaussian,10000,standardized,1,poly_lbfgs,0.0833,9.801937449660116e-09,1.5293769972871605,0.6741484540607383,1,5,0.75,0.75,1,4,4,0.5,
sf,5,2,gaussian,10000,standardized,1,notears,0.0665,2.308596869227131e-09,1.5727322110827564,0.6908381606732041,3,9,0.4,0.5,1,4,5,0.5,
sf,5,2,gaussian,10000,standardized,1,sort,0.0006,0.0,1.627056407281262,,5,12,0.2,0.25,1,4,5,0.5,
sf,5,2,gaussian,10000,standardized,1,pc,0.002,,,,4,,1.0,0.0,0,4,8,0.5,
sf,5,2,gaussian,10000,standardized,1,ges,0.0028,,,,4,,1.0,0.0,0,4,8,0.5,
sf,10,2,gaussian,100,standardized,1,poly_prox,0.2186,8.623019511025366e-06,1.9642624495919532,1.7618444319890156,6,38,0.5555555555555556,0.5555555555555556,1,9,9,0.5,
sf,10,2,gaussian,100,standardized,1,poly_lbfgs,0.1928,1.878299046870124e-08,1.9940808398287668,2549.283164129093,6,38,0.5555555555555556,0.5555555555555556,1,9,9,0.5,
sf,10,2,gaussian,100,standardized,1,notears,0.1553,1.9743470858202272e-08,2.017516973720104,1326.5678012964604,6,38,0.5555555555555556,0.5555555555555556,1,9,9,0.5,
sf,10,2,gaussian,100,standardized,1,sort,0.0002,0.0,2.6433027343405406,,13,50,0.2,0.3333333333333333,1,9,15,0.5,
sf,10,2,gaussian,100,standardized,1,pc,0.012,,,,4,40,0.5555555555555556,0.5555555555555556,1,9,9,0.5,
sf,10,2,gaussian,100,standardized,1,ges,0.0223,,,,10,,0.4,0.2222222222222222,0,9,19,0.5,
sf,10,2,gaussian,1000,standardized,1,poly_prox,0.2215,6.441949252133033e-06,1.9562272541662216,1.2577680830107478,7,46,0.4444444444444444,0.4444444444444444,1,9,9,0.5,
sf,10,2,gaussian,1000,standardized,1,poly_lbfgs,0.2029,1.3247182872887157e-08,2.0554465344496706,2497.2981985612614,7,36,0.5555555555555556,0.5555555555555556,1,9,9,0.5,
sf,10,2,gaussian,1000,standardized,1,notears,0.1586,5.14433367015954e-08,2.030917296687176,10699.583734217684,7,36,0.5555555555555556,0.5555555555555556,1,9,9,0.5,
sf,10,2,gaussian,1000,standardized,1,sort,0.0005,0.0,2.1639367760627506,,6,28,0.5555555555555556,0.5555555555555556,1,9,9,0.5,
sf,10,2,gaussian,1000,standardized,1,pc,0.0107,,,,10,,1.0,0.0,0,9,20,0.5,
sf,10,2,gaussian,1000,standardized,1,ges,0.016,,,,9,,1.0,0.0,0,9,18,0.5,
sf,10,2,gaussian,10000,standardized,1,poly_prox,0.2166,5.6945421142024955e-06,1.8916712770917936,1.063118778653014,8,,0.4,0.4444444444444444,0,9,10,0.5,
sf,10,2,gaussian,10000,standardized,1,poly_lbfgs,0.1948,9.546508556735539e-09,2.0219263666040206,1408.5283997703043,7,36,0.5555555555555556,0.5555555555555556,1,9,9,0.5,
sf,10,2,gaussian,10000,standardized,1,notears,0.1516,4.695564825851761e-08,2.0502752262025976,12020.899198040695,7,36,0.5555555555555556,0.5555555555555556,1,9,9,0.5,
sf,10,2,gaussian,10000,standardized,1,sort,0.0023,0.0,2.1965808187203764,,9,49,0.3,0.3333333333333333,1,9,10,0.5,
sf,10,2,gaussian,10000,standardized,1,pc,0.0108,,,,9,,1.0,0.0,0,9,18,0.5,
sf,10,2,gaussian,10000,standardized,1,ges,0.0159,,,,9,,1.0,0.0,0,9,18,0.5,
sf,20,2,gaussian,100,standardized,1,poly_prox,0.3988,8.057312069467873e-06,2.9114798779451263,1.331998059326387,11,144,0.6111111111111112,0.5789473684210527,1,19,18,0.5,
sf,20,2,gaussian,100,standardized,1,poly_lbfgs,0.3078,4.3158451680758384e-08,3.225717636950813,15804.606204676182,17,175,0.5294117647058824,0.47368421052631576,1,19,17,0.5,
sf,20,2,gaussian,100,standardized,1,notears,0.2774,2.802200071982952e-08,3.218278985544112,2794.678211300811,17,175,0.5294117647058824,0.47368421052631576,1,19,17,0.5,
sf,20,2,gaussian,100,standardized,1,sort,0.0005,0.0,7.95342934756032,,54,252,0.10344827586206896,0.3157894736842105,1,19,58,0.5,
sf,20,2,gaussian,100,standardized,1,pc,0.09,,,,19,,1.0,0.0,0,19,36,0.5,
sf,20,2,gaussian,100,standardized,1,ges,0.2118,,,,13,,0.6428571428571429,0.47368421052631576,0,19,30,0.5,
sf,20,2,gaussian,1000,standardized,1,poly_prox,0.4002,7.437182867426956e-06,2.9656636819575692,1.2459920297605895,12,153,0.6111111111111112,0.5789473684210527,1,19,18,0.5,
sf,20,2,gaussian,1000,standardized,1,poly_lbfgs,0.3074,4.7923573939345985e-08,3.085397700868644,12772.406079976308,15,164,0.5625,0.47368421052631576,1,19,16,0.5,
sf,20,2,gaussian,1000,standardized,1,notears,0.2941,2.2331985150003675e-08,3.1289276565571145,1328.9096603761532,16,163,0.5294117647058824,0.47368421052631576,1,19,17,0.5,
sf,20,2,gaussian,1000,standardized,1,sort,0.0015,0.0,4.368869726308856,,29,192,0.20689655172413793,0.3157894736842105,1,19,29,0.5,
sf,20,2,gaussian,1000,standardized,1,pc,0.0908,,,,20,,0.5,0.05263157894736842,0,19,40,0.5,
sf,20,2,gaussian,1000,standardized,1,ges,0.195,,,,16,,0.7142857142857143,0.2631578947368421,0,19,35,0.5,
sf,5,2,gaussian,100,standardized,2,poly_prox,0.1161,2.1915437112251447e-06,1.6848781724202424,0.061099162149293285,3,6,0.6666666666666666,0.5,1,4,3,0.5,
sf,5,2,gaussian,100,standardized,2,poly_lbfgs,0.14,8.441711339931551e-09,1.6759539942149448,0.6432684159437055,2,6,0.6666666666666666,0.5,1,4,3,0.5,
sf,5,2,gaussian,100,standardized,2,notears,0.1401,8.54740278555255e-09,1.6777981998980727,0.7080095321483744,2,6,0.6666666666666666,0.5,1,4,3,0.5,
sf,5,2,gaussian,100,standardized,2,sort,0.0001,0.0,1.796595101150313,,5,15,0.0,0.0,1,4,4,0.5,
sf,5,2,gaussian,100,standardized,2,pc,0.0022,,,,4,,1.0,0.0,0,4,6,0.5,
sf,5,2,gaussian,100,standardized,2,ges,0.0027,,,,4,,1.0,0.0,0,4,8,0.5,
sf,5,2,gaussian,1000,standardized,2,poly_prox,0.1404,2.5997591081786587e-06,1.5840967227206957,0.10996878088897159,3,10,0.5,0.5,1,4,4,0.5,
sf,5,2,gaussian,1000,standardized,2,poly_lbfgs,0.135,8.926349416077435e-09,1.5683586347786875,0.7252413131077581,2,10,0.5,0.5,1,4,4,0.5,
sf,5,2,gaussian,1000,standardized,2,notears,0.111,7.95148213939001e-09,1.5683861144132234,0.6968568468639934,2,10,0.5,0.5,1,4,4,0.5,
sf,5,2,gaussian,1000,standardized,2,sort,0.0002,0.0,1.6344721159095232,,3,11,0.3333333333333333,0.25,1,4,3,0.5,
sf,5,2,gaussian,1000,standardized,2,pc,0.0016,,,,4,,1.0,0.0,0,4,8,0.5,
sf,5,2,gaussian,1000,standardized,2,ges,0.0026,,,,4,,1.0,0.0,0,4,8,0.5,
sf,5,2,gaussian,10000,standardized,2,poly_prox,0.1676,2.8496208318375924e-06,1.5783177344523973,0.09160673408566636,3,10,0.5,0.5,1,4,4,0.5,
sf,5,2,gaussian,10000,standardized,2,poly_lbfgs,0.1263,8.894296271640163e-09,1.564007573059772,0.7610685277108259,2,10,0.5,0.5,1,4,4,0.5,
sf,5,2,gaussian,10000,standardized,2,notears,0.0283,inf,440639.42842271825,inf,10,,1.0,0.0,0,4,20,0.5,
sf,5,2,gaussian,10000,standardized,2,sort,0.0012,0.0,1.6308468503501783,,4,14,0.2,0.25,1,4,5,0.5,
sf,5,2,gaussian,10000,standardized,2,pc,0.0042,,,,4,,1.0,0.0,0,4,8,0.5,
sf,5,2,gaussian,10000,standardized,2,ges,0.003,,,,4,,1.0,0.0,0,4,8,0.5,
sf,10,2,gaussian,100,standardized,2,poly_prox,0.221,8.813401340292236e-06,1.7083891110430867,1.6782653519563555,9,,0.36363636363636365,0.4444444444444444,0,9,11,0.5,
sf,10,2,gaussian,100,standardized,2,poly_lbfgs,0.1956,1.2896850017764034e-08,1.8471181474040996,634.4885921167123,7,47,0.4444444444444444,0.4444444444444444,1,9,9,0.5,
sf,10,2,gaussian,100,standardized,2,notears,0.1546,2.9347042129757028e-08,1.8356282213310666,4106.402793572491,7,47,0.4444444444444444,0.4444444444444444,1,9,9,0.5,
sf,10,2,gaussian,100,standardized,2,sort,0.0002,0.0,2.3447288972555667,,10,63,0.23076923076923078,0.3333333333333333,1,9,13,0.5,
sf,10,2,gaussian,100,standardized,2,pc,0.0127,,,,8,,0.25,0.1111111111111111,0,9,14,0.5,
sf,10,2,gaussian,100,standardized,2,ges,0.0189,,,,10,,1.0,0.0,0,9,20,0.5,
sf,10,2,gaussian,1000,standardized,2,poly_prox,0.2518,7.942512964056839e-06,1.795371763371295,1.3654249901483557,9,,0.36363636363636365,0.4444444444444444,0,9,11,0.5,
sf,10,2,gaussian,1000,standardized,2,poly_lbfgs,0.1892,2.4826378742284123e-08,1.882334559207321,2609.3120402576974,7,47,0.4444444444444444,0.4444444444444444,1,9,9,0.5,
sf,10,2,gaussian,1000,standardized,2,notears,0.1581,2.6935646602055385e-08,1.9510688753832621,1801.1208896691019,7,47,0.4444444444444444,0.4444444444444444,1,9,9,0.5,
sf,10,2,gaussian,1000,standardized,2,sort,0.0005,0.0,2.2494879520770246,,11,67,0.18181818181818182,0.2222222222222222,1,9,11,0.5,
sf,10,2,gaussian,1000,standardized,2,pc,0.0104,,,,9,,1.0,0.0,0,9,18,0.5,
sf,10,2,gaussian,1000,standardized,2,ges,0.0156,,,,9,,1.0,0.0,0,9,18,0.5,
sf,10,2,gaussian,10000,standardized,2,poly_prox,0.2602,7.605683715073008e-06,1.8124300026809728,1.282795238765112,9,,0.36363636363636365,0.4444444444444444,0,9,11,0.5,
sf,10,2,gaussian,10000,standardized,2,poly_lbfgs,0.185,1.2236383702458827e-08,1.9466523080840696,1437.4678160019882,8,50,0.4,0.4444444444444444,1,9,10,0.5,
sf,10,2,gaussian,10000,standardized,2,notears,0.1593,3.0970962683340986e-08,1.932765078451229,4629.168771064603,7,50,0.4444444444444444,0.4444444444444444,1,9,9,0.5,
sf,10,2,gaussian,10000,standardized,2,sort,0.0025,0.0,2.1404095765725475,,10,52,0.2,0.2222222222222222,1,9,10,0.5,
sf,10,2,gaussian,10000,standardized,2,pc,0.0104,,,,9,,1.0,0.0,0,9,18,0.5,
sf,10,2,gaussian,10000,standardized,2,ges,0.0176,,,,9,,0.5,0.1111111111111111,0,9,18,0.5,
sf,20,2,gaussian,100,standardized,2,poly_prox,0.3965,1.1755767609485202e-05,4.249091527955994,0.4466925445404566,7,77,0.7894736842105263,0.7894736842105263,1,19,19,0.5,
sf,20,2,gaussian,100,standardized,2,poly_lbfgs,0.3263,2.453857183307711e-08,4.548584432508837,3681.1898405259176,7,87,0.875,0.7368421052631579,1,19,16,0.5,
sf,20,2,gaussian,100,standardized,2,notears,0.2639,9.708504222771808e-09,4.624657150508905,655.2281740004753,6,88,0.9333333333333333,0.7368421052631579,1,19,15,0.5,
sf,20,2,gaussian,100,standardized,2,sort,0.0006,0.0,6.585367599545714,,33,152,0.24324324324324326,0.47368421052631576,1,19,37,0.5,
sf,20,2,gaussian,100,standardized,2,pc,0.089,,,,20,,1.0,0.0,0,19,36,0.5,
sf,20,2,gaussian,100,standardized,2,ges,0.2532,,,,22,,0.42857142857142855,0.3157894736842105,0,19,42,0.5,
sf,20,2,gaussian,1000,standardized,2,poly_prox,0.3903,1.2756121111769481e-05,4.352833126411573,0.2807019001732134,7,78,0.7777777777777778,0.7368421052631579,1,19,18,0.5,
sf,20,2,gaussian,1000,standardized,2,poly_lbfgs,0.3234,1.0619841229637449e-08,4.5823440572671785,508.37586634296343,3,51,1.0,0.8421052631578947,1,19,16,0.5,
sf,20,2,gaussian,1000,standardized,2,notears,0.2628,2.075227811815239e-08,4.560146588270323,3257.5366895967777,3,51,1.0,0.8421052631578947,1,19,16,0.5,
sf,20,2,gaussian,1000,standardized,2,sort,0.0015,0.0,5.389072707307494,,26,308,0.1111111111111111,0.10526315789473684,1,19,18,0.5,
sf,20,2,gaussian,1000,standardized,2,pc,0.0997,,,,19,,1.0,0.0,0,19,38,0.5,
sf,20,2,gaussian,1000,standardized,2,ges,0.1386,,,,19,,0.5,0.05263157894736842,0,19,38,0.5,
sf,5,2,laplace,100,raw,0,poly_prox,0.1605,6.5874919592280215e-06,3.0987245977387916,0.09856558936705352,0,0,1.0,1.0,1,4,4,0.8333333333333334,
sf,5,2,laplace,100,raw,0,poly_lbfgs,0.0967,9.743689114808185e-09,3.0953454109610044,1.7371983022085706,0,0,1.0,1.0,1,4,4,0.8333333333333334,
sf,5,2,laplace,100,raw,0,notears,0.0796,8.730507872201088e-09,3.095213635006796,1.7725669758097293,0,0,1.0,1.0,1,4,4,0.8333333333333334,
sf,5,2,laplace,100,raw,0,sort,0.0001,0.0,3.25130550264421,,3,3,0.5,0.75,1,4,6,0.8333333333333334,
sf,5,2,laplace,100,raw,0,pc,0.0023,,,,4,,1.0,0.0,0,4,8,0.8333333333333334,
sf,5,2,laplace,100,raw,0,ges,0.0026,,,,4,,1.0,0.0,0,4,8,0.8333333333333334,
sf,5,2,laplace,1000,raw,0,poly_prox,0.1608,2.225050955536156e-06,2.976940147149697,0.12418592084658013,0,0,1.0,1.0,1,4,4,0.8333333333333334,
sf,5,2,laplace,1000,raw,0,poly_lbfgs,0.1016,3.6984533355255983e-09,2.9607481008889645,1.8021387074065056,0,0,1.0,1.0,1,4,4,0.8333333333333334,
sf,5,2,laplace,1000,raw,0,notears,0.0863,8.679251095600193e-09,2.9566090029668137,1.7907134285283366,0,0,1.0,1.0,1,4,4,0.8333333333333334,
sf,5,2,laplace,1000,raw,0,sort,0.0002,0.0,3.094471553104875,,2,3,0.6,0.75,1,4,5,0.8333333333333334,
sf,5,2,laplace,1000,raw,0,pc,0.0016,,,,4,,1.0,0.0,0,4,8,0.8333333333333334,
sf,5,2,laplace,1000,raw,0,ges,0.0026,,,,4,,1.0,0.0,0,4,8,0.8333333333333334,
sf,10,2,laplace,100,raw,0,poly_prox,0.217,7.301124024610079e-06,5.960125111751975,25.6198054353554,5,36,1.0,0.4444444444444444,1,9,4,0.9444444444444444,
sf,10,2,laplace,100,raw,0,poly_lbfgs,0.1891,3.180675588470657e-08,6.295368127076617,7710.758459180583,6,35,0.8,0.4444444444444444,1,9,5,0.9444444444444444,
sf,10,2,laplace,100,raw,0,notears,0.1563,2.1768578051251097e-09,5.920733639290141,6.786249151003593,6,34,0.7142857142857143,0.5555555555555556,1,9,7,0.9444444444444444,
sf,10,2,laplace,100,raw,0,sort,0.0002,0.0,6.190330631052093,,3,9,0.7272727272727273,0.8888888888888888,1,9,11,0.9444444444444444,
sf,10,2,laplace,100,raw,0,pc,0.0163,,,,10,,1.0,0.0,0,9,14,0.9444444444444444,
sf,10,2,laplace,100,raw,0,ges,0.0206,,,,10,,0.5,0.1111111111111111,0,9,20,0.9444444444444444,
sf,10,2,laplace,1000,raw,0,poly_prox,0.2189,5.181711860382952e-06,6.178830067151489,15.502160214746894,4,28,1.0,0.5555555555555556,1,9,5,1.0,
sf,10,2,laplace,1000,raw,0,poly_lbfgs,0.1958,2.3426584584301704e-09,6.077624827890551,4.288850545069243,2,18,1.0,0.7777777777777778,1,9,7,1.0,
sf,10,2,laplace,1000,raw,0,notears,0.153,4.852987345316251e-09,6.037137256556295,2.254141061829954,2,18,1.0,0.7777777777777778,1,9,7,1.0,
sf,10,2,laplace,1000,raw,0,sort,0.0004,0.0,6.1866160755681125,,0,0,1.0,1.0,1,9,9,1.0,
sf,10,2,laplace,1000,raw,0,pc,0.0293,,,,11,,1.0,0.0,0,9,22,1.0,
sf,10,2,laplace,1000,raw,0,ges,0.021,,,,11,,1.0,0.0,0,9,22,1.0,
sf,20,2,laplace,100,raw,0,poly_prox,0.3898,1.659755684262518e-05,11.740761700712982,12.589808530016432,11,142,0.7857142857142857,0.5789473684210527,1,19,14,0.9090909090909091,
sf,20,2,laplace,100,raw,0,poly_lbfgs,0.3107,4.119473603195705e-08,12.097556127187074,23119.87026717832,9,127,0.8571428571428571,0.631578947368421,1,19,14,0.9090909090909091,
sf,20,2,laplace,100,raw,0,notears,0.2486,6.642864391892545e-08,11.991042037046586,18474.31998956761,8,110,0.8666666666666667,0.6842105263157895,1,19,15,0.9090909090909091,
sf,20,2,laplace,100,raw,0,sort,0.0005,0.0,12.7849808615044,,9,9,0.6538461538461539,0.8947368421052632,1,19,26,0.9090909090909091,
sf,20,2,laplace,100,raw,0,pc,0.0895,,,,19,,1.0,0.0,0,19,32,0.9090909090909091,
sf,20,2,laplace,100,raw,0,ges,0.1514,,,,20,,0.3333333333333333,0.05263157894736842,0,19,39,0.9090909090909091,
sf,20,2,laplace,1000,raw,0,poly_prox,0.4436,2.4985281338865076e-05,12.373085670878543,3.5617987712452672,5,87,1.0,0.7368421052631579,1,19,14,0.9393939393939394,
sf,20,2,laplace,1000,raw,0,poly_lbfgs,0.3301,1.1448455693238999e-08,12.714011101345207,1371.9624093568916,5,87,1.0,0.7368421052631579,1,19,14,0.9393939393939394,
sf,20,2,laplace,1000,raw,0,notears,0.2752,2.5074616161191443e-08,12.605825551303013,11152.625302114135,5,87,1.0,0.7368421052631579,1,19,14,0.9393939393939394,
sf,20,2,laplace,1000,raw,0,sort,0.0016,0.0,13.334416882068043,,5,6,0.7727272727272727,0.8947368421052632,1,19,22,0.9393939393939394,
sf,20,2,laplace,1000,raw,0,pc,0.1056,,,,19,,1.0,0.0,0,19,38,0.9393939393939394,
sf,20,2,laplace,1000,raw,0,ges,0.2661,,,,19,,0.5,0.15789473684210525,0,19,38,0.9393939393939394,
sf,5,2,laplace,100,raw,1,poly_prox,0.2113,9.713626713566066e-06,2.623123441952582,0.022029122790227455,1,2,1.0,0.75,1,4,3,1.0,
sf,5,2,laplace,100,raw,1,poly_lbfgs,0.212,4.459538794003644e-09,2.6441445129814367,1.485212672160689,1,2,1.0,0.75,1,4,3,1.0,
sf,5,2,laplace,100,raw,1,notears,0.1192,3.3526585951904053e-09,2.6443425421884683,1.3129277705157498,1,2,1.0,0.75,1,4,3,1.0,
sf,5,2,laplace,100,raw,1,sort,0.0002,0.0,2.6962496367165967,,0,0,1.0,1.0,1,4,4,1.0,
sf,5,2,laplace,100,raw,1,pc,0.0029,,,,4,,1.0,0.0,0,4,8,1.0,
sf,5,2,laplace,100,raw,1,ges,0.0032,,,,4,,1.0,0.0,0,4,8,1.0,
sf,5,2,laplace,1000,raw,1,poly_prox,0.1568,4.823239421645506e-06,2.77659102671634,0.17411250411776127,1,2,1.0,0.75,1,4,3,1.0,
sf,5,2,laplace,1000,raw,1,poly_lbfgs,0.1449,4.339834870200511e-09,2.7952981254196807,1.671593755479771,1,2,1.0,0.75,1,4,3,1.0,
sf,5,2,laplace,1000,raw,1,notears,0.1244,3.0808120499159486e-09,2.7951987986485145,1.3911006435106856,1,2,1.0,0.75,1,4,3,1.0,
sf,5,2,laplace,1000,raw,1,sort,0.0002,0.0,2.829378596494001,,0,0,1.0,1.0,1,4,4,1.0,
sf,5,2,laplace,1000,raw,1,pc,0.0016,,,,4,,1.0,0.0,0,4,8,1.0,
sf,5,2,laplace,1000,raw,1,ges,0.0027,,,,4,,1.0,0.0,0,4,8,1.0,
sf,10,2,laplace,100,raw,1,poly_prox,0.25,1.2287107994349922e-05,5.754271639029554,1.0815474144666655,2,4,0.8888888888888888,0.8888888888888888,1,9,9,0.9545454545454546,
sf,10,2,laplace,100,raw,1,poly_lbfgs,0.183,5.774051935704706e-09,5.823506733511364,6.037073955642707,1,4,1.0,0.8888888888888888,1,9,8,0.9545454545454546,
sf,10,2,laplace,100,raw,1,notears,0.1563,2.912059926529764e-09,5.807752030189969,6.120562058273072,1,0,0.9,1.0,1,9,10,0.9545454545454546,
sf,10,2,laplace,100,raw,1,sort,0.0002,0.0,6.209095134700291,,6,6,0.5714285714285714,0.8888888888888888,1,9,14,0.9545454545454546,
sf,10,2,laplace,100,raw,1,pc,0.0119,,,,9,,1.0,0.0,0,9,18,0.9545454545454546,
sf,10,2,laplace,100,raw,1,ges,0.0155,,,,9,,1.0,0.0,0,9,18,0.9545454545454546,
sf,10,2,laplace,1000,raw,1,poly_prox,0.2192,1.0190116391476015e-05,6.125072628803554,0.42538063434631557,0,0,1.0,1.0,1,9,9,0.9545454545454546,
sf,10,2,laplace,1000,raw,1,poly_lbfgs,0.1947,3.7144167419571503e-09,6.272641074346067,10.837074509964511,0,0,1.0,1.0,1,9,9,0.9545454545454546,
sf,10,2,laplace,1000,raw,1,notears,0.1645,8.594032152586806e-10,6.279189396524603,7.626354221131318,0,0,1.0,1.0,1,9,9,0.9545454545454546,
sf,10,2,laplace,1000,raw,1,sort,0.0005,0.0,6.498619554926587,,2,6,0.8,0.8888888888888888,1,9,10,0.9545454545454546,
sf,10,2,laplace,1000,raw,1,pc,0.0104,,,,9,,1.0,0.0,0,9,18,0.9545454545454546,
sf,10,2,laplace,1000,raw,1,ges,0.0154,,,,9,,1.0,0.0,0,9,18,0.9545454545454546,
sf,20,2,laplace,100,raw,1,poly_prox,0.4026,1.3589212318691667e-05,11.187833159037478,8.96483528759379,13,135,0.6470588235294118,0.5789473684210527,1,19,17,0.8571428571428571,
sf,20,2,laplace,100,raw,1,poly_lbfgs,0.3389,3.4147614614940195e-09,11.764297673804531,37.72715553469931,14,136,0.6470588235294118,0.5789473684210527,1,19,17,0.8571428571428571,
sf,20,2,laplace,100,raw,1,notears,0.2645,9.012858015466918e-09,11.71450971132328,140.29632735031038,12,138,0.6875,0.5789473684210527,1,19,16,0.8571428571428571,
sf,20,2,laplace,100,raw,1,sort,0.0006,0.0,13.215819345515584,,22,56,0.42424242424242425,0.7368421052631579,1,19,33,0.8571428571428571,
sf,20,2,laplace,100,raw,1,pc,0.0898,,,,21,,0.5,0.05263157894736842,0,19,32,0.8571428571428571,
sf,20,2,laplace,100,raw,1,ges,0.2583,,,,21,,0.5,0.3684210526315789,0,19,40,0.8571428571428571,
sf,20,2,laplace,1000,raw,1,poly_prox,0.4,3.142260400930705e-05,12.3853642741746,2.8123231157536774,6,104,1.0,0.6842105263157895,1,19,13,0.8285714285714286,
sf,20,2,laplace,1000,raw,1,poly_lbfgs,0.3336,4.6569799193587e-08,13.18181150771979,24965.168688080805,6,105,0.9285714285714286,0.6842105263157895,1,19,14,0.8285714285714286,
sf,20,2,laplace,1000,raw,1,notears,0.2662,2.672847898566033e-08,13.553798689971893,4679.637764921718,6,105,0.9285714285714286,0.6842105263157895,1,19,14,0.8285714285714286,
sf,20,2,laplace,1000,raw,1,sort,0.0015,0.0,13.74508443560264,,14,40,0.5652173913043478,0.6842105263157895,1,19,23,0.8285714285714286,
sf,20,2,laplace,1000,raw,1,pc,0.1306,,,,6,,0.75,0.7894736842105263,0,19,22,0.8285714285714286,
sf,20,2,laplace,1000,raw,1,ges,0.2683,,,,20,,0.4444444444444444,0.21052631578947367,0,19,39,0.8285714285714286,
sf,5,2,laplace,100,raw,2,poly_prox,0.1599,8.583347441269418e-06,2.8765453627611914,0.11563239863727795,2,0,0.6666666666666666,1.0,1,4,6,1.0,
sf,5,2,laplace,100,raw,2,poly_lbfgs,0.1302,2.8769790034138122e-09,2.848301875072661,2.5562851507095163,0,0,1.0,1.0,1,4,4,1.0,
sf,5,2,laplace,100,raw,2,notears,0.1092,2.3453985420474055e-09,2.8482837224578343,2.552703829334325,0,0,1.0,1.0,1,4,4,1.0,
sf,5,2,laplace,100,raw,2,sort,0.0001,0.0,2.921472650285244,,0,0,1.0,1.0,1,4,4,1.0,
sf,5,2,laplace,100,raw,2,pc,0.0025,,,,4,,1.0,0.0,0,4,8,1.0,
sf,5,2,laplace,100,raw,2,ges,0.0032,,,,4,,1.0,0.0,0,4,8,1.0,
sf,5,2,laplace,1000,raw,2,poly_prox,0.2182,2.6149880061406357e-06,3.144172928194346,0.18853542275521426,1,0,0.8,1.0,1,4,5,1.0,
sf,5,2,laplace,1000,raw,2,poly_lbfgs,0.0981,2.5806019893038733e-09,3.093711426783325,2.4651413475318837,0,0,1.0,1.0,1,4,4,1.0,
sf,5,2,laplace,1000,raw,2,notears,0.0791,2.297326773259556e-09,3.09382436362584,2.587664403915775,0,0,1.0,1.0,1,4,4,1.0,
sf,5,2,laplace,1000,raw,2,sort,0.0002,0.0,3.138911363925691,,0,0,1.0,1.0,1,4,4,1.0,
sf,5,2,laplace,1000,raw,2,pc,0.002,,,,4,,1.0,0.0,0,4,8,1.0,
sf,5,2,laplace,1000,raw,2,ges,0.0031,,,,4,,1.0,0.0,0,4,8,1.0,
sf,10,2,laplace,100,raw,2,poly_prox,0.2346,1.793182134321761e-05,6.218042055935659,19.965226555629652,3,14,0.875,0.7777777777777778,1,9,8,1.0,
sf,10,2,laplace,100,raw,2,poly_lbfgs,0.1752,5.9424203161940725e-09,6.355526455180663,36.718570587502185,4,13,0.7777777777777778,0.7777777777777778,1,9,9,1.0,
sf,10,2,laplace,100,raw,2,notears,0.1497,2.2963266843589736e-09,6.067044122243999,12.728599139961783,4,13,0.7777777777777778,0.7777777777777778,1,9,9,1.0,
sf,10,2,laplace,100,raw,2,sort,0.0002,0.0,6.504110690969913,,5,0,0.6428571428571429,1.0,1,9,14,1.0,
sf,10,2,laplace,100,raw,2,pc,0.0134,,,,9,,1.0,0.0,0,9,18,1.0,
sf,10,2,laplace,100,raw,2,ges,0.0172,,,,9,,0.5,0.1111111111111111,0,9,18,1.0,
sf,10,2,laplace,1000,raw,2,poly_prox,0.2168,1.790876226646334e-05,6.690319893040353,11.650731144365027,3,15,1.0,0.6666666666666666,1,9,6,1.0,
sf,10,2,laplace,1000,raw,2,poly_lbfgs,0.1775,7.749495927473723e-09,6.8420169532357775,15.936479255241258,3,13,0.875,0.7777777777777778,1,9,8,1.0,
sf,10,2,laplace,1000,raw,2,notears,0.1509,5.040995176841534e-09,6.6868390930687855,10.794459367743883,3,13,0.875,0.7777777777777778,1,9,8,1.0,
sf,10,2,laplace,1000,raw,2,sort,0.0004,0.0,6.565358617622083,,0,0,1.0,1.0,1,9,9,1.0,
sf,10,2,laplace,1000,raw,2,pc,0.0116,,,,9,,1.0,0.0,0,9,18,1.0,
sf,10,2,laplace,1000,raw,2,ges,0.0176,,,,10,,0.0,0.0,0,9,18,1.0,
sf,20,2,laplace,100,raw,2,poly_prox,0.399,1.549909351454174e-05,11.068006723261917,1.949667194667895,6,87,0.9333333333333333,0.7368421052631579,1,19,15,0.918918918918919,
sf,20,2,laplace,100,raw,2,poly_lbfgs,0.3348,6.449377422947552e-09,11.21605616637724,1664.0376678268058,5,87,1.0,0.7368421052631579,1,19,14,0.918918918918919,
sf,20,2,laplace,100,raw,2,notears,0.2634,1.773573998775646e-08,11.21990821446452,6468.057226449525,5,87,1.0,0.7368421052631579,1,19,14,0.918918918918919,
sf,20,2,laplace,100,raw,2,sort,0.0005,0.0,12.759440904197497,,14,7,0.5517241379310345,0.8421052631578947,1,19,29,0.918918918918919,
sf,20,2,laplace,100,raw,2,pc,0.0836,,,,19,,1.0,0.0,0,19,32,0.918918918918919,
sf,20,2,laplace,100,raw,2,ges,0.1599,,,,21,,0.4,0.10526315789473684,0,19,39,0.918918918918919,
sf,20,2,laplace,1000,raw,2,poly_prox,0.4113,1.5159886049297372e-05,12.11216476863653,1.13429913358013,5,68,0.9375,0.7894736842105263,1,19,16,0.918918918918919,
sf,20,2,laplace,1000,raw,2,poly_lbfgs,0.3335,1.876461191877494e-08,12.23258450574454,5383.949946953787,4,68,1.0,0.7894736842105263,1,19,15,0.918918918918919,
sf,20,2,laplace,1000,raw,2,notears,0.2828,1.6266856306401678e-08,12.275118481928732,3070.3667086418945,4,68,1.0,0.7894736842105263,1,19,15,0.918918918918919,
sf,20,2,laplace,1000,raw,2,sort,0.0016,0.0,12.908386949019194,,6,7,0.7619047619047619,0.8421052631578947,1,19,21,0.918918918918919,
sf,20,2,laplace,1000,raw,2,pc,0.1,,,,19,,1.0,0.0,0,19,38,0.918918918918919,
sf,20,2,laplace,1000,raw,2,ges,0.1395,,,,18,,0.6666666666666666,0.10526315789473684,0,19,37,0.918918918918919,
sf,5,2,laplace,100,standardized,0,poly_prox,0.1527,2.168138044097545e-06,1.4292795958119675,2.101424968591507,3,10,0.5,0.5,1,4,4,0.5,
sf,5,2,laplace,100,standardized,0,poly_lbfgs,0.0992,3.000326101460749e-09,1.3761069227457996,0.7121126501397349,2,10,0.5,0.5,1,4,4,0.5,
sf,5,2,laplace,100,standardized,0,notears,0.0729,2.486534533829854e-09,1.3763637278200855,0.8036084387589401,2,10,0.5,0.5,1,4,4,0.5,
sf,5,2,laplace,100,standardized,0,sort,0.0001,0.0,1.5125957134976904,,4,12,0.3333333333333333,0.5,1,4,6,0.5,
sf,5,2,laplace,100,standardized,0,pc,0.0026,,,,4,,1.0,0.0,0,4,8,0.5,
sf,5,2,laplace,100,standardized,0,ges,0.0028,,,,4,,1.0,0.0,0,4,8,0.5,
sf,5,2,laplace,1000,standardized,0,poly_prox,0.1584,3.161805824536419e-06,1.3720299743915656,3.924733231171746,5,,0.4,0.5,0,4,5,0.5,
sf,5,2,laplace,1000,standardized,0,poly_lbfgs,0.0749,9.52190619185713e-09,1.2974909787969202,0.8024185671002468,0,0,1.0,1.0,1,4,4,0.5,
sf,5,2,laplace,1000,standardized,0,notears,0.0624,8.13955658429677e-09,1.2941731841556035,0.8030689789100669,0,0,1.0,1.0,1,4,4,0.5,
sf,5,2,laplace,1000,standardized,0,sort,0.0002,0.0,1.3906301229438904,,6,9,0.16666666666666666,0.25,1,4,6,0.5,
sf,5,2,laplace,1000,standardized,0,pc,0.0016,,,,4,,1.0,0.0,0,4,8,0.5,
sf,5,2,laplace,1000,standardized,0,ges,0.0027,,,,4,,1.0,0.0,0,4,8,0.5,
sf,10,2,laplace,100,standardized,0,poly_prox,0.2184,3.86694181865628e-06,2.6766676832714213,0.5815052061040776,5,26,0.7142857142857143,0.5555555555555556,1,9,7,0.5,
sf,10,2,laplace,100,standardized,0,poly_lbfgs,0.1961,6.9072147661482266e-09,2.931612006342486,302.3156790662821,5,36,1.0,0.4444444444444444,1,9,4,0.5,
sf,10,2,laplace,100,standardized,0,notears,0.1554,7.921222788809246e-09,2.8576056613007843,212.2898762116916,4,35,1.0,0.5555555555555556,1,9,5,0.5,
sf,10,2,laplace,100,standardized,0,sort,0.0002,0.0,2.9742826675610656,,11,59,0.2857142857142857,0.2222222222222222,1,9,7,0.5,
sf,10,2,laplace,100,standardized,0,pc,0.0162,,,,10,,1.0,0.0,0,9,14,0.5,
sf,10,2,laplace,100,standardized,0,ges,0.0204,,,,10,,0.5,0.1111111111111111,0,9,20,0.5,
sf,10,2,laplace,1000,standardized,0,poly_prox,0.2184,2.978889331301049e-06,2.784228152635973,0.40552664602698874,4,29,0.75,0.6666666666666666,1,9,8,0.5,
sf,10,2,laplace,1000,standardized,0,poly_lbfgs,0.1901,1.6193472027071592e-09,2.9097330708335343,9.653688532461441,4,29,0.75,0.6666666666666666,1,9,8,0.5,
sf,10,2,laplace,1000,standardized,0,notears,0.1701,3.794852432292828e-09,2.758047621869148,2.5065907837916206,4,29,0.6666666666666666,0.6666666666666666,1,9,9,0.5,
sf,10,2,laplace,1000,standardized,0,sort,0.0004,0.0,2.850465244779495,,2,20,0.7777777777777778,0.7777777777777778,1,9,9,0.5,
sf,10,2,laplace,1000,standardized,0,pc,0.0292,,,,11,,1.0,0.0,0,9,22,0.5,
sf,10,2,laplace,1000,standardized,0,ges,0.0208,,,,11,,1.0,0.0,0,9,22,0.5,
sf,20,2,laplace,100,standardized,0,poly_prox,0.4034,3.107258021575148e-06,4.623156212304874,0.4507308041742491,8,96,0.8235294117647058,0.7368421052631579,1,19,17,0.5,
sf,20,2,laplace,100,standardized,0,poly_lbfgs,0.3325,2.4211405507924386e-08,4.7142419426916415,2201.3544767398826,7,93,0.875,0.7368421052631579,1,19,16,0.5,
sf,20,2,laplace,100,standardized,0,notears,0.2508,5.946046854887754e-08,4.716724092990769,13460.025323416337,7,93,0.875,0.7368421052631579,1,19,16,0.5,
sf,20,2,laplace,100,standardized,0,sort,0.0005,0.0,7.086251660202166,,37,141,0.2,0.42105263157894735,1,19,40,0.5,
sf,20,2,laplace,100,standardized,0,pc,0.087,,,,19,,1.0,0.0,0,19,32,0.5,
sf,20,2,laplace,100,standardized,0,ges,0.1452,,,,20,,0.3333333333333333,0.05263157894736842,0,19,39,0.5,
sf,20,2,laplace,1000,standardized,0,poly_prox,0.3975,3.3763601326229353e-06,4.40775046900686,0.6793876730857192,7,60,0.7894736842105263,0.7894736842105263,1,19,19,0.5,
sf,20,2,laplace,1000,standardized,0,poly_lbfgs,0.3192,8.521485997543092e-09,4.666899037181226,48.28908808733229,1,15,1.0,0.9473684210526315,1,19,18,0.5,
sf,20,2,laplace,1000,standardized,0,notears,0.2616,1.2844125762967451e-08,4.66691316612579,587.3291032691686,1,15,1.0,0.9473684210526315,1,19,18,0.5,
sf,20,2,laplace,1000,standardized,0,sort,0.0015,0.0,5.454406147803571,,17,182,0.38095238095238093,0.42105263157894735,1,19,21,0.5,
sf,20,2,laplace,1000,standardized,0,pc,0.102,,,,19,,1.0,0.0,0,19,38,0.5,
sf,20,2,laplace,1000,standardized,0,ges,0.1635,,,,19,,0.5,0.15789473684210525,0,19,38,0.5,
sf,5,2,laplace,100,standardized,1,poly_prox,0.1317,7.372595899431734e-06,1.6606379083475857,0.011981499271699494,1,5,0.75,0.75,1,4,4,0.5,
sf,5,2,laplace,100,standardized,1,poly_lbfgs,0.1635,9.291208224445677e-09,1.6792014776456674,0.6710196951103832,1,5,0.75,0.75,1,4,4,0.5,
sf,5,2,laplace,100,standardized,1,notears,0.1191,8.481640279001113e-09,1.6792586155212694,0.6920583940810531,1,5,0.75,0.75,1,4,4,0.5,
sf,5,2,laplace,100,standardized,1,sort,0.0001,0.0,1.7504711136051119,,1,5,0.75,0.75,1,4,4,0.5,
sf,5,2,laplace,100,standardized,1,pc,0.0022,,,,4,,1.0,0.0,0,4,8,0.5,
sf,5,2,laplace,100,standardized,1,ges,0.0027,,,,4,,1.0,0.0,0,4,8,0.5,
sf,5,2,laplace,1000,standardized,1,poly_prox,0.126,5.499264357385611e-06,1.6454240142559058,0.0024258781293374975,1,5,0.75,0.75,1,4,4,0.5,
sf,5,2,laplace,1000,standardized,1,poly_lbfgs,0.148,9.225232017363219e-09,1.6528207598327271,0.6877627147837769,1,5,0.75,0.75,1,4,4,0.5,
sf,5,2,laplace,1000,standardized,1,notears,0.1112,8.240458093666803e-09,1.6528486626852612,0.6488984310519251,1,5,0.75,0.75,1,4,4,0.5,
sf,5,2,laplace,1000,standardized,1,sort,0.0002,0.0,1.724704939892401,,3,15,0.25,0.25,1,4,4,0.5,
sf,5,2,laplace,1000,standardized,1,pc,0.0015,,,,4,,1.0,0.0,0,4,8,0.5,
sf,5,2,laplace,1000,standardized,1,ges,0.0027,,,,4,,1.0,0.0,0,4,8,0.5,
sf,10,2,laplace,100,standardized,1,poly_prox,0.2179,6.67624872029455e-06,2.2216696834383463,1.8213017087683303,7,40,0.5714285714285714,0.4444444444444444,1,9,7,0.5,
sf,10,2,laplace,100,standardized,1,poly_lbfgs,0.1844,1.3480448100715967e-08,2.2434238212700675,637.1796878803052,7,40,0.4444444444444444,0.4444444444444444,1,9,9,0.5,
sf,10,2,laplace,100,standardized,1,notears,0.1515,1.7903040827604855e-08,2.2028617091873937,565.4959893479537,5,30,0.6,0.6666666666666666,1,9,10,0.5,
sf,10,2,laplace,100,standardized,1,sort,0.0002,0.0,2.7330490708628643,,11,45,0.26666666666666666,0.4444444444444444,1,9,15,0.5,
sf,10,2,laplace,100,standardized,1,pc,0.0121,,,,9,,1.0,0.0,0,9,18,0.5,
sf,10,2,laplace,100,standardized,1,ges,0.015,,,,9,,1.0,0.0,0,9,18,0.5,
sf,10,2,laplace,1000,standardized,1,poly_prox,0.2191,7.71520039561851e-06,2.102133008478785,1.5579521460618952,7,46,0.5,0.4444444444444444,1,9,8,0.5,
sf,10,2,laplace,1000,standardized,1,poly_lbfgs,0.1887,2.1577339595874295e-08,2.455877598266524,6290.105785480539,9,48,0.42857142857142855,0.3333333333333333,1,9,7,0.5,
sf,10,2,laplace,1000,standardized,1,notears,0.1475,3.2399576355146564e-09,2.2829346409796702,3.1175193099185563,8,44,0.5,0.4444444444444444,1,9,8,0.5,
sf,10,2,laplace,1000,standardized,1,sort,0.0004,0.0,2.329494416478785,,8,28,0.4166666666666667,0.5555555555555556,1,9,12,0.5,
sf,10,2,laplace,1000,standardized,1,pc,0.0104,,,,9,,1.0,0.0,0,9,18,0.5,
sf,10,2,laplace,1000,standardized,1,ges,0.0153,,,,9,,1.0,0.0,0,9,18,0.5,
sf,20,2,laplace,100,standardized,1,poly_prox,0.4014,7.3541353769903814e-06,3.987025639176956,1.4537591100107912,9,103,0.7647058823529411,0.6842105263157895,1,19,17,0.5,
sf,20,2,laplace,100,standardized,1,poly_lbfgs,0.3096,3.525066545595673e-08,4.2934439381547715,10357.510268688042,10,110,0.7647058823529411,0.6842105263157895,1,19,17,0.5,
sf,20,2,laplace,100,standardized,1,notears,0.2629,2.3841597140972226e-08,4.241566258817654,4440.594920517285,10,110,0.7647058823529411,0.6842105263157895,1,19,17,0.5,
sf,20,2,laplace,100,standardized,1,sort,0.0005,0.0,6.249687889076874,,25,86,0.3783783783783784,0.7368421052631579,1,19,37,0.5,
sf,20,2,laplace,100,standardized,1,pc,0.09,,,,21,,0.5,0.05263157894736842,0,19,32,0.5,
sf,20,2,laplace,100,standardized,1,ges,0.2607,,,,21,,0.5,0.3684210526315789,0,19,40,0.5,
sf,20,2,laplace,1000,standardized,1,poly_prox,0.4275,3.5113781965563457e-06,4.002620447287291,0.47466163941732,3,30,0.9444444444444444,0.8947368421052632,1,19,18,0.5,
sf,20,2,laplace,1000,standardized,1,poly_lbfgs,0.3356,2.4556633547827987e-08,4.160139845659079,7422.009036854789,3,38,0.9444444444444444,0.8947368421052632,1,19,18,0.5,
sf,20,2,laplace,1000,standardized,1,notears,0.3346,1.135586558120849e-08,4.201639303110006,1148.243932627638,3,30,0.9444444444444444,0.8947368421052632,1,19,18,0.5,
sf,20,2,laplace,1000,standardized,1,sort,0.0015,0.0,5.058047600951591,,30,302,0.1,0.10526315789473684,1,19,20,0.5,
sf,20,2,laplace,1000,standardized,1,pc,0.1795,,,,6,,0.75,0.7894736842105263,0,19,22,0.5,
sf,20,2,laplace,1000,standardized,1,ges,0.3991,,,,20,,0.4444444444444444,0.21052631578947367,0,19,39,0.5,
sf,5,2,laplace,100,standardized,2,poly_prox,0.2237,1.9642222447137637e-06,1.2523197897755218,2.2760185629150795,4,13,0.25,0.25,1,4,4,0.5,
sf,5,2,laplace,100,standardized,2,poly_lbfgs,0.1391,4.805399482004509e-09,1.2395585138298255,0.9002705452570383,4,14,0.2,0.25,1,4,5,0.5,
sf,5,2,laplace,100,standardized,2,notears,0.0532,inf,303950.72196965676,inf,10,,1.0,0.0,0,4,20,0.5,
sf,5,2,laplace,100,standardized,2,sort,0.0003,0.0,1.3209357073415955,,6,15,0.0,0.0,1,4,5,0.5,
sf,5,2,laplace,100,standardized,2,pc,0.0064,,,,4,,1.0,0.0,0,4,8,0.5,
sf,5,2,laplace,100,standardized,2,ges,0.0052,,,,4,,1.0,0.0,0,4,8,0.5,
sf,5,2,laplace,1000,standardized,2,poly_prox,0.2139,1.1850355764706662e-05,1.1695469510674938,0.17818178650587552,3,10,0.5,0.5,1,4,4,0.5,
sf,5,2,laplace,1000,standardized,2,poly_lbfgs,0.1425,1.8915098823737893e-09,1.2135769998612607,0.8509624221983925,2,10,0.5,0.5,1,4,4,0.5,
sf,5,2,laplace,1000,standardized,2,notears,0.0908,2.4774333695631867e-09,1.2126843718192586,0.8310805921557175,2,10,0.5,0.5,1,4,4,0.5,
sf,5,2,laplace,1000,standardized,2,sort,0.0002,0.0,1.2762363023043561,,3,10,0.5,0.5,1,4,4,0.5,
sf,5,2,laplace,1000,standardized,2,pc,0.0017,,,,4,,1.0,0.0,0,4,8,0.5,
sf,5,2,laplace,1000,standardized,2,ges,0.0029,,,,4,,1.0,0.0,0,4,8,0.5,
sf,10,2,laplace,100,standardized,2,poly_prox,0.2661,6.1921228621966985e-06,1.6220525799576777,0.8064625893112258,8,,0.45454545454545453,0.5555555555555556,0,9,11,0.5,
sf,10,2,laplace,100,standardized,2,poly_lbfgs,0.2108,3.873060912684656e-08,1.835819097035325,9676.413595137119,10,,0.4,0.4444444444444444,0,9,10,0.5,
sf,10,2,laplace,100,standardized,2,notears,0.1595,3.799101833124041e-08,1.9181123593253238,6000.991952762384,10,,0.4,0.4444444444444444,0,9,10,0.5,
sf,10,2,laplace,100,standardized,2,sort,0.0002,0.0,2.2311220478438694,,15,70,0.07692307692307693,0.1111111111111111,1,9,13,0.5,
sf,10,2,laplace,100,standardized,2,pc,0.0135,,,,9,,1.0,0.0,0,9,18,0.5,
sf,10,2,laplace,100,standardized,2,ges,0.0175,,,,9,,0.5,0.1111111111111111,0,9,18,0.5,
sf,10,2,laplace,1000,standardized,2,poly_prox,0.2207,6.10060906255678e-06,1.5044130336319033,1.0842059737357146,10,,0.4,0.4444444444444444,0,9,10,0.5,
sf,10,2,laplace,1000,standardized,2,poly_lbfgs,0.2138,3.591811516543801e-08,1.8377717609489326,14285.356594677665,7,39,0.5714285714285714,0.4444444444444444,1,9,7,0.5,
sf,10,2,laplace,1000,standardized,2,notears,0.1914,2.366224194361166e-08,1.8000867246052248,2388.0205228657023,8,44,0.5,0.4444444444444444,1,9,8,0.5,
sf,10,2,laplace,1000,standardized,2,sort,0.0004,0.0,1.890108583254428,,8,29,0.4,0.4444444444444444,1,9,10,0.5,
sf,10,2,laplace,1000,standardized,2,pc,0.0117,,,,9,,1.0,0.0,0,9,18,0.5,
sf,10,2,laplace,1000,standardized,2,ges,0.0182,,,,10,,0.0,0.0,0,9,18,0.5,
sf,20,2,laplace,100,standardized,2,poly_prox,0.4739,1.4647228438097093e-05,4.883658250718476,0.4690087720538482,12,170,0.625,0.5263157894736842,1,19,16,0.5,
sf,20,2,laplace,100,standardized,2,poly_lbfgs,0.3154,8.416298345607958e-09,5.16007129928542,217.09451935072417,11,144,0.7333333333333333,0.5789473684210527,1,19,15,0.5,
sf,20,2,laplace,100,standardized,2,notears,0.3313,7.582045213894162e-09,5.1556871895315926,65.61277354255076,11,144,0.7333333333333333,0.5789473684210527,1,19,15,0.5,
sf,20,2,laplace,100,standardized,2,sort,0.0007,0.0,7.159649169569709,,37,180,0.18421052631578946,0.3684210526315789,1,19,38,0.5,
sf,20,2,laplace,100,standardized,2,pc,0.1411,,,,19,,1.0,0.0,0,19,32,0.5,
sf,20,2,laplace,100,standardized,2,ges,0.1838,,,,21,,0.4,0.10526315789473684,0,19,39,0.5,
sf,20,2,laplace,1000,standardized,2,poly_prox,0.4067,7.927049863511258e-06,4.790117906728222,1.8066162926321658,10,133,0.6666666666666666,0.631578947368421,1,19,18,0.5,
sf,20,2,laplace,1000,standardized,2,poly_lbfgs,0.33,2.4754234336332335e-08,4.9545422742552105,7823.516737672833,10,111,0.7222222222222222,0.6842105263157895,1,19,18,0.5,
sf,20,2,laplace,1000,standardized,2,notears,0.2653,1.206513999818526e-08,4.96352485493556,1804.5832303895636,10,111,0.7222222222222222,0.6842105263157895,1,19,18,0.5,
sf,20,2,laplace,1000,standardized,2,sort,0.0016,0.0,5.675029109689023,,22,195,0.36363636363636365,0.42105263157894735,1,19,22,0.5,
sf,20,2,laplace,1000,standardized,2,pc,0.0997,,,,19,,1.0,0.0,0,19,38,0.5,
sf,20,2,laplace,1000,standardized,2,ges,0.1764,,,,18,,0.6666666666666666,0.10526315789473684,0,19,37,0.5,
sf,5,4,gaussian,100,raw,0,poly_prox,0.1629,7.330912265064759e-06,3.3995503789646793,0.05536611154736446,1,3,1.0,0.8571428571428571,1,7,6,0.9333333333333333,
sf,5,4,gaussian,100,raw,0,poly_lbfgs,0.1234,2.2610946400425726e-09,3.381300456072542,2.940553657745598,1,5,0.8571428571428571,0.8571428571428571,1,7,7,0.9333333333333333,
sf,5,4,gaussian,100,raw,0,notears,0.0939,9.610707785157047e-09,3.3810293121681507,3.0671636045113577,1,5,0.8571428571428571,0.8571428571428571,1,7,7,0.9333333333333333,
sf,5,4,gaussian,100,raw,0,sort,0.0001,0.0,3.5604527005666315,,3,8,0.7142857142857143,0.7142857142857143,1,7,7,0.9333333333333333,
sf,5,4,gaussian,100,raw,0,pc,0.003,,,,5,,1.0,0.2857142857142857,0,7,4,0.9333333333333333,
sf,5,4,gaussian,100,raw,0,ges,0.0076,,,,8,,0.5,0.14285714285714285,0,7,12,0.9333333333333333,
sf,5,4,gaussian,1000,raw,0,poly_prox,0.1988,7.924897460745775e-06,3.385173179480642,0.05106647298908257,0,0,1.0,1.0,1,7,7,0.9333333333333333,
sf,5,4,gaussian,1000,raw,0,poly_lbfgs,0.1148,2.3227065384753502e-09,3.3925820410212766,3.578671809370622,0,0,1.0,1.0,1,7,7,0.9333333333333333,
sf,5,4,gaussian,1000,raw,0,notears,0.1143,9.85756543059324e-09,3.392171110985831,3.5067788736687495,0,0,1.0,1.0,1,7,7,0.9333333333333333,
sf,5,4,gaussian,1000,raw,0,sort,0.0002,0.0,3.548816598786338,,1,5,0.8571428571428571,0.8571428571428571,1,7,7,0.9333333333333333,
sf,5,4,gaussian,1000,raw,0,pc,0.0023,,,,5,,1.0,0.2857142857142857,0,7,10,0.9333333333333333,
sf,5,4,gaussian,1000,raw,0,ges,0.0058,,,,5,,1.0,0.2857142857142857,0,7,12,0.9333333333333333,
sf,10,4,gaussian,100,raw,0,poly_prox,0.2171,5.93587949114839e-06,6.550053081718494,0.6893796330038481,6,37,1.0,0.6470588235294118,1,17,11,0.9574468085106383,
sf,10,4,gaussian,100,raw,0,poly_lbfgs,0.1991,1.2916969160273527e-09,6.391688385297052,10.771989745954615,5,24,0.9285714285714286,0.7647058823529411,1,17,14,0.9574468085106383,
sf,10,4,gaussian,100,raw,0,notears,0.1517,4.199598890863854e-09,6.378348126034605,4.256394309987163,5,24,0.9285714285714286,0.7647058823529411,1,17,14,0.9574468085106383,
sf,10,4,gaussian,100,raw,0,sort,0.0002,0.0,7.266112006103551,,6,15,0.7368421052631579,0.8235294117647058,1,17,19,0.9574468085106383,
sf,10,4,gaussian,100,raw,0,pc,0.013,,,,17,,0.5,0.058823529411764705,0,17,12,0.9574468085106383,
sf,10,4,gaussian,100,raw,0,ges,0.032,,,,19,65,0.2777777777777778,0.29411764705882354,1,17,18,0.9574468085106383,
sf,10,4,gaussian,1000,raw,0,poly_prox,0.2194,7.701682303361596e-06,7.098477002124846,1.0318531018355708,5,29,1.0,0.7058823529411765,1,17,12,0.9574468085106383,
sf,10,4,gaussian,1000,raw,0,poly_lbfgs,0.1923,4.409387192311501e-09,6.876861684418078,4.993696232973815,5,29,1.0,0.7058823529411765,1,17,12,0.9574468085106383,
sf,10,4,gaussian,1000,raw,0,notears,0.1542,4.126595953835022e-09,6.879382556691037,5.008635951241668,5,29,1.0,0.7058823529411765,1,17,12,0.9574468085106383,
sf,10,4,gaussian,1000,raw,0,sort,0.0005,0.0,7.673365064693389,,5,11,0.7777777777777778,0.8235294117647058,1,17,18,0.9574468085106383,
sf,10,4,gaussian,1000,raw,0,pc,0.0258,,,,10,,0.7777777777777778,0.4117647058823529,0,17,13,0.9574468085106383,
sf,10,4,gaussian,1000,raw,0,ges,0.0499,,,,15,51,0.4090909090909091,0.5294117647058824,1,17,22,0.9574468085106383,
sf,20,4,gaussian,100,raw,0,poly_prox,0.3972,1.91104619189531e-05,20.427117442302126,170.48707308849782,23,237,0.7916666666666666,0.5135135135135135,1,37,24,0.8701298701298701,
sf,20,4,gaussian,100,raw,0,poly_lbfgs,0.3343,8.374194298013374e-08,39.03163555907871,51790.257442545,22,239,0.8571428571428571,0.4864864864864865,1,37,21,0.8701298701298701,
sf,20,4,gaussian,100,raw,0,notears,0.3661,6.340628289080996e-08,41.29667040693066,22522.898973208685,22,239,0.8571428571428571,0.4864864864864865,1,37,21,0.8701298701298701,
sf,20,4,gaussian,100,raw,0,sort,0.0007,0.0,19.278944184981547,,52,188,0.3333333333333333,0.5405405405405406,1,37,60,0.8701298701298701,
sf,20,4,gaussian,100,raw,0,pc,0.101,,,,34,,0.5,0.10810810810810811,0,37,22,0.8701298701298701,
sf,20,4,gaussian,100,raw,0,ges,0.5035,,,,47,,0.29545454545454547,0.35135135135135137,0,37,56,0.8701298701298701,
sf,20,4,gaussian,1000,raw,0,poly_prox,0.4067,2.3869831908475733e-05,24.533717748272093,226.37463449772838,23,237,0.8181818181818182,0.4864864864864865,1,37,22,0.8668831168831169,
sf,20,4,gaussian,1000,raw,0,poly_lbfgs,0.3219,8.67670739619822e-08,34.19054637220853,62006.59705866144,21,238,0.8636363636363636,0.5135135135135135,1,37,22,0.8668831168831169,
sf,20,4,gaussian,1000,raw,0,notears,0.2686,6.594266821480232e-08,36.06601210552774,29281.851710818915,21,238,0.8636363636363636,0.5135135135135135,1,37,22,0.8668831168831169,
sf,20,4,gaussian,1000,raw,0,sort,0.0016,0.0,19.11623953629669,,34,175,0.46938775510204084,0.6216216216216216,1,37,49,0.8668831168831169,
sf,20,4,gaussian,1000,raw,0,pc,0.1776,,,,28,,0.8333333333333334,0.2702702702702703,0,37,26,0.8668831168831169,
sf,20,4,gaussian,1000,raw,0,ges,3.92,,,,51,,0.2903225806451613,0.4864864864864865,0,37,70,0.8668831168831169,
sf,5,4,gaussian,100,raw,1,poly_prox,0.1573,8.52175915703992e-06,3.3183992740046717,0.09743409813972678,3,7,1.0,0.5714285714285714,1,7,4,0.9333333333333333,
sf,5,4,gaussian,100,raw,1,poly_lbfgs,0.1209,2.8556526690927465e-09,3.329788281836995,2.049229227347084,3,7,1.0,0.5714285714285714,1,7,4,0.9333333333333333,
sf,5,4,gaussian,100,raw,1,notears,0.0991,2.5996449437570845e-09,3.329908500333102,2.024546111169905,3,7,1.0,0.5714285714285714,1,7,4,0.9333333333333333,
sf,5,4,gaussian,100,raw,1,sort,0.0001,0.0,3.429468373081157,,3,7,0.7142857142857143,0.7142857142857143,1,7,7,0.9333333333333333,
sf,5,4,gaussian,100,raw,1,pc,0.0026,,,,6,,0.3333333333333333,0.14285714285714285,0,7,5,0.9333333333333333,
sf,5,4,gaussian,100,raw,1,ges,0.0046,,,,8,,0.3333333333333333,0.14285714285714285,0,7,11,0.9333333333333333,
sf,5,4,gaussian,1000,raw,1,poly_prox,0.1602,1.1555784563394066e-05,3.32991583478184,0.06730770481108989,2,4,1.0,0.7142857142857143,1,7,5,0.9333333333333333,
sf,5,4,gaussian,1000,raw,1,poly_lbfgs,0.1145,3.6304444015016855e-09,3.3468228685058685,2.650893707383823,2,4,1.0,0.7142857142857143,1,7,5,0.9333333333333333,
sf,5,4,gaussian,1000,raw,1,notears,0.0964,3.3620626282981902e-09,3.3469205645170987,2.671955459577944,2,4,1.0,0.7142857142857143,1,7,5,0.9333333333333333,
sf,5,4,gaussian,1000,raw,1,sort,0.0002,0.0,3.422088237895219,,2,7,0.8333333333333334,0.7142857142857143,1,7,6,0.9333333333333333,
sf,5,4,gaussian,1000,raw,1,pc,0.0021,,,,6,,0.5,0.14285714285714285,0,7,6,0.9333333333333333,
sf,5,4,gaussian,1000,raw,1,ges,0.0066,,,,8,,0.2,0.14285714285714285,0,7,9,0.9333333333333333,
sf,10,4,gaussian,100,raw,1,poly_prox,0.2185,9.983782211375513e-06,7.4108024380182,6.99240858279105,9,50,0.8333333333333334,0.5882352941176471,1,17,12,0.95,
sf,10,4,gaussian,100,raw,1,poly_lbfgs,0.1842,3.2366594877374366e-08,7.082273877813557,6645.913135877307,6,18,0.8235294117647058,0.8235294117647058,1,17,17,0.95,
sf,10,4,gaussian,100,raw,1,notears,0.1507,5.404530156738474e-09,6.919225032130127,499.54777027432004,5,11,0.8333333333333334,0.8823529411764706,1,17,18,0.95,
sf,10,4,gaussian,100,raw,1,sort,0.0002,0.0,7.770399310492461,,7,8,0.6818181818181818,0.8823529411764706,1,17,22,0.95,
sf,10,4,gaussian,100,raw,1,pc,0.0123,,,,19,,0.0,0.0,0,17,12,0.95,
sf,10,4,gaussian,100,raw,1,ges,0.0313,,,,13,46,0.5625,0.5294117647058824,1,17,16,0.95,
sf,10,4,gaussian,1000,raw,1,poly_prox,0.22,3.956556776901776e-06,7.273695974662702,2.684465796729802,7,35,0.8571428571428571,0.7058823529411765,1,17,14,0.925,
sf,10,4,gaussian,1000,raw,1,poly_lbfgs,0.198,1.0049324068816004e-09,6.97502978615179,9.85020469735453,4,16,0.9333333333333333,0.8235294117647058,1,17,15,0.925,
sf,10,4,gaussian,1000,raw,1,notears,0.1537,3.041137119907944e-09,6.969767016875689,28.299139113892355,4,16,0.9333333333333333,0.8235294117647058,1,17,15,0.925,
sf,10,4,gaussian,1000,raw,1,sort,0.0005,0.0,8.275893387182062,,7,17,0.6842105263157895,0.7647058823529411,1,17,19,0.925,
sf,10,4,gaussian,1000,raw,1,pc,0.0288,,,,14,,0.42857142857142855,0.17647058823529413,0,17,11,0.925,
sf,10,4,gaussian,1000,raw,1,ges,0.0488,,,,4,28,0.8125,0.7647058823529411,1,17,16,0.925,
sf,20,4,gaussian,100,raw,1,poly_prox,0.3507,2.924365379443211e-05,33.62982033527507,128.3879643757471,32,326,0.6111111111111112,0.2972972972972973,1,37,18,0.9609375,
sf,20,4,gaussian,100,raw,1,poly_lbfgs,0.3128,2.4821689147082526e-07,41.50631903249382,828840.2125847156,23,237,0.76,0.5135135135135135,1,37,25,0.9609375,
sf,20,4,gaussian,100,raw,1,notears,0.276,9.959948954474385e-08,54.33499368433173,74827.41500702503,22,252,0.7692307692307693,0.5405405405405406,1,37,26,0.9609375,
sf,20,4,gaussian,100,raw,1,sort,0.0005,0.0,16.078505080453745,,27,53,0.5714285714285714,0.8648648648648649,1,37,56,0.9609375,
sf,20,4,gaussian,100,raw,1,pc,0.087,,,,37,,0.3333333333333333,0.02702702702702703,0,37,23,0.9609375,
sf,20,4,gaussian,100,raw,1,ges,0.2529,,,,36,,0.35135135135135137,0.35135135135135137,0,37,41,0.9609375,
sf,20,4,gaussian,1000,raw,1,poly_prox,0.4014,2.8886043255448483e-05,32.929712767661464,137.34205857818893,32,327,0.6111111111111112,0.2972972972972973,1,37,18,0.9609375,
sf,20,4,gaussian,1000,raw,1,poly_lbfgs,0.3237,1.0726216825939824e-07,45.43698733373616,70212.18933451954,25,237,0.72,0.4864864864864865,1,37,25,0.9609375,
sf,20,4,gaussian,1000,raw,1,notears,0.2531,1.821917336997103e-07,39.4761010459882,236437.89444261257,23,237,0.76,0.5135135135135135,1,37,25,0.9609375,
sf,20,4,gaussian,1000,raw,1,sort,0.0015,0.0,15.803168803324134,,7,23,0.85,0.918918918918919,1,37,40,0.9609375,
sf,20,4,gaussian,1000,raw,1,pc,0.1499,,,,30,,0.6666666666666666,0.21621621621621623,0,37,32,0.9609375,
sf,20,4,gaussian,1000,raw,1,ges,0.4477,,,,32,,0.4318181818181818,0.5135135135135135,0,37,48,0.9609375,
sf,5,4,gaussian,100,raw,2,poly_prox,0.1969,1.2969414838575437e-05,3.2173927247328917,0.10491242890114748,2,6,1.0,0.7142857142857143,1,7,5,0.9333333333333333,
sf,5,4,gaussian,100,raw,2,poly_lbfgs,0.1133,3.52317679629761e-09,3.2418695182154904,3.7564621922961527,2,6,1.0,0.7142857142857143,1,7,5,0.9333333333333333,
sf,5,4,gaussian,100,raw,2,notears,0.1022,2.875209403896406e-09,3.2423119727373195,3.771406428467359,2,6,1.0,0.7142857142857143,1,7,5,0.9333333333333333,
sf,5,4,gaussian,100,raw,2,sort,0.0001,0.0,3.351806049114618,,2,8,0.8333333333333334,0.7142857142857143,1,7,6,0.9333333333333333,
sf,5,4,gaussian,100,raw,2,pc,0.0028,,,,6,16,0.4,0.2857142857142857,1,7,5,0.9333333333333333,
sf,5,4,gaussian,100,raw,2,ges,0.0039,,,,6,,0.6666666666666666,0.2857142857142857,0,7,9,0.9333333333333333,
sf,5,4,gaussian,1000,raw,2,poly_prox,0.1645,5.532193311141707e-06,3.2957460565104553,0.24584059841235056,2,4,1.0,0.7142857142857143,1,7,5,0.9333333333333333,
sf,5,4,gaussian,1000,raw,2,poly_lbfgs,0.1074,3.3614672747317382e-09,3.251124663572746,3.554926122804847,2,4,1.0,0.7142857142857143,1,7,5,0.9333333333333333,
sf,5,4,gaussian,1000,raw,2,notears,0.1043,2.800142340220191e-09,3.2512484048246266,3.593791447581653,2,4,1.0,0.7142857142857143,1,7,5,0.9333333333333333,
sf,5,4,gaussian,1000,raw,2,sort,0.0002,0.0,3.312156706783982,,1,5,0.8571428571428571,0.8571428571428571,1,7,7,0.9333333333333333,
sf,5,4,gaussian,1000,raw,2,pc,0.0022,,,,4,13,0.42857142857142855,0.42857142857142855,1,7,7,0.9333333333333333,
sf,5,4,gaussian,1000,raw,2,ges,0.0047,,,,5,,1.0,0.2857142857142857,0,7,12,0.9333333333333333,
sf,10,4,gaussian,100,raw,2,poly_prox,0.2249,1.4992763518581687e-05,13.918249221771495,12.938600308969132,8,44,0.8461538461538461,0.6470588235294118,1,17,13,0.8840579710144928,
sf,10,4,gaussian,100,raw,2,poly_lbfgs,0.1779,9.357307277765757e-09,13.892861382717422,547.8166171564372,15,54,0.5833333333333334,0.4117647058823529,1,17,12,0.8840579710144928,
sf,10,4,gaussian,100,raw,2,notears,0.1495,5.521759049997854e-09,13.333012140411054,78.57361002219221,15,54,0.5833333333333334,0.4117647058823529,1,17,12,0.8840579710144928,
sf,10,4,gaussian,100,raw,2,sort,0.0002,0.0,7.987154023925921,,8,17,0.6666666666666666,0.8235294117647058,1,17,21,0.8840579710144928,
sf,10,4,gaussian,100,raw,2,pc,0.0121,,,,18,,0.3333333333333333,0.11764705882352941,0,17,14,0.8840579710144928,
sf,10,4,gaussian,100,raw,2,ges,0.0377,,,,15,,0.46153846153846156,0.35294117647058826,0,17,21,0.8840579710144928,
sf,10,4,gaussian,1000,raw,2,poly_prox,0.2256,2.2061479439907518e-05,14.043774385625767,12.334530978773127,11,55,0.75,0.5294117647058824,1,17,12,0.8840579710144928,
sf,10,4,gaussian,1000,raw,2,poly_lbfgs,0.1819,7.355971800406218e-09,14.04493319644806,140.7559730136058,16,62,0.5454545454545454,0.35294117647058826,1,17,11,0.8840579710144928,
sf,10,4,gaussian,1000,raw,2,notears,0.1509,5.518590029396364e-09,10.635637503781115,154.16885925083017,12,54,0.6923076923076923,0.5294117647058824,1,17,13,0.8840579710144928,
sf,10,4,gaussian,1000,raw,2,sort,0.0005,0.0,7.517253199376165,,4,11,0.7894736842105263,0.8823529411764706,1,17,19,0.8840579710144928,
sf,10,4,gaussian,1000,raw,2,pc,0.0202,,,,14,,0.3,0.17647058823529413,0,17,14,0.8840579710144928,
sf,10,4,gaussian,1000,raw,2,ges,0.0628,,,,20,,0.2631578947368421,0.29411764705882354,0,17,31,0.8840579710144928,
sf,20,4,gaussian,100,raw,2,poly_prox,0.3916,2.7169218209334984e-05,32.50281169230635,166.0219544834505,24,240,0.8095238095238095,0.4594594594594595,1,37,21,0.968,
sf,20,4,gaussian,100,raw,2,poly_lbfgs,0.3342,8.70139889097859e-08,40.96540842554441,42005.35032600857,21,222,0.9,0.4864864864864865,1,37,20,0.968,
sf,20,4,gaussian,100,raw,2,notears,0.263,7.870118423625172e-08,42.82280320466814,30607.06936298763,21,222,0.9,0.4864864864864865,1,37,20,0.968,
sf,20,4,gaussian,100,raw,2,sort,0.0005,0.0,17.012763377405243,,33,50,0.5081967213114754,0.8378378378378378,1,37,61,0.968,
sf,20,4,gaussian,100,raw,2,pc,0.0935,,,,35,,0.5714285714285714,0.10810810810810811,0,37,19,0.968,
sf,20,4,gaussian,100,raw,2,ges,0.4722,,,,46,,0.29545454545454547,0.35135135135135137,0,37,50,0.968,
sf,20,4,gaussian,1000,raw,2,poly_prox,0.388,5.923019774707442e-05,19.839831848858893,75.8563753141192,23,241,0.85,0.4594594594594595,1,37,20,0.976,
sf,20,4,gaussian,1000,raw,2,poly_lbfgs,0.3193,5.4437216007201457e-08,52.835509164751564,44196.684571781116,17,203,0.9545454545454546,0.5675675675675675,1,37,22,0.976,
sf,20,4,gaussian,1000,raw,2,notears,0.2614,8.185930511217521e-08,48.99799009555174,39185.08187352391,18,204,0.9523809523809523,0.5405405405405406,1,37,21,0.976,
sf,20,4,gaussian,1000,raw,2,sort,0.0015,0.0,16.608573803171236,,17,62,0.6976744186046512,0.8108108108108109,1,37,43,0.976,
sf,20,4,gaussian,1000,raw,2,pc,0.19,,,,33,,0.625,0.13513513513513514,0,37,26,0.976,
sf,20,4,gaussian,1000,raw,2,ges,1.0674,,,,43,,0.3448275862068966,0.5405405405405406,0,37,64,0.976,
sf,5,4,gaussian,100,standardized,0,poly_prox,0.1704,5.5724807028206895e-06,1.426294748137921,0.018671681797406307,5,12,0.5,0.42857142857142855,1,7,6,0.5,
sf,5,4,gaussian,100,standardized,0,poly_lbfgs,0.1245,8.806495718884023e-09,1.4400031988657687,0.7156304956883619,4,14,0.6,0.42857142857142855,1,7,5,0.5,
sf,5,4,gaussian,100,standardized,0,notears,0.0837,7.750710295795216e-09,1.4386794328096786,0.7577479168614326,4,16,0.5,0.42857142857142855,1,7,6,0.5,
sf,5,4,gaussian,100,standardized,0,sort,0.0001,0.0,1.6176932343351307,,5,13,0.42857142857142855,0.42857142857142855,1,7,7,0.5,
sf,5,4,gaussian,100,standardized,0,pc,0.0028,,,,5,,1.0,0.2857142857142857,0,7,4,0.5,
sf,5,4,gaussian,100,standardized,0,ges,0.0073,,,,8,,0.5,0.14285714285714285,0,7,12,0.5,
sf,5,4,gaussian,1000,standardized,0,poly_prox,0.1377,5.927819370577693e-06,1.3579348081891491,0.010475786319736141,4,13,0.6,0.42857142857142855,1,7,5,0.5,
sf,5,4,gaussian,1000,standardized,0,poly_lbfgs,0.1086,9.487356986742074e-09,1.3687945963701493,0.6597788986913324,5,17,0.5,0.42857142857142855,1,7,6,0.5,
sf,5,4,gaussian,1000,standardized,0,notears,0.0788,9.111754906143688e-09,1.3691060757674303,0.7093062640833739,5,17,0.5,0.42857142857142855,1,7,6,0.5,
sf,5,4,gaussian,1000,standardized,0,sort,0.0002,0.0,1.561757969355472,,5,16,0.4,0.2857142857142857,1,7,5,0.5,
sf,5,4,gaussian,1000,standardized,0,pc,0.0025,,,,5,,1.0,0.2857142857142857,0,7,10,0.5,
sf,5,4,gaussian,1000,standardized,0,ges,0.0082,,,,5,,1.0,0.2857142857142857,0,7,12,0.5,
sf,10,4,gaussian,100,standardized,0,poly_prox,0.224,2.951425993529389e-06,2.561634248073642,0.4407228961970962,15,86,0.375,0.17647058823529413,1,17,8,0.5,
sf,10,4,gaussian,100,standardized,0,poly_lbfgs,0.1902,1.065815341141436e-08,2.770455525716958,641.0899452514698,14,86,0.5714285714285714,0.23529411764705882,1,17,7,0.5,
sf,10,4,gaussian,100,standardized,0,notears,0.1457,1.1380276276895529e-08,2.811774866642912,1224.268590516059,14,86,0.5,0.23529411764705882,1,17,8,0.5,
sf,10,4,gaussian,100,standardized,0,sort,0.0002,0.0,3.3274094029889976,,27,82,0.0,0.0,1,17,14,0.5,
sf,10,4,gaussian,100,standardized,0,pc,0.0124,,,,17,,0.5,0.058823529411764705,0,17,12,0.5,
sf,10,4,gaussian,100,standardized,0,ges,0.0321,,,,19,65,0.2777777777777778,0.29411764705882354,1,17,18,0.5,
sf,10,4,gaussian,1000,standardized,0,poly_prox,0.2171,4.969264199739248e-06,2.494290830304421,1.0188531406489172,16,84,0.4,0.23529411764705882,1,17,10,0.5,
sf,10,4,gaussian,1000,standardized,0,poly_lbfgs,0.1812,1.736534291351136e-09,2.5469047859682252,3.4726825373333807,14,84,0.5555555555555556,0.29411764705882354,1,17,9,0.5,
sf,10,4,gaussian,1000,standardized,0,notears,0.1431,5.479570575062098e-09,2.504701949039812,1.9031330946487774,14,84,0.45454545454545453,0.29411764705882354,1,17,11,0.5,
sf,10,4,gaussian,1000,standardized,0,sort,0.0004,0.0,3.267970826883534,,23,60,0.23529411764705882,0.23529411764705882,1,17,17,0.5,
sf,10,4,gaussian,1000,standardized,0,pc,0.0235,,,,10,,0.7777777777777778,0.4117647058823529,0,17,13,0.5,
sf,10,4,gaussian,1000,standardized,0,ges,0.0479,,,,15,51,0.4090909090909091,0.5294117647058824,1,17,22,0.5,
sf,20,4,gaussian,100,standardized,0,poly_prox,0.3975,7.335346135909498e-06,2.9408283188778435,0.19103725919594025,36,362,0.4166666666666667,0.2702702702702703,1,37,24,0.5,
sf,20,4,gaussian,100,standardized,0,poly_lbfgs,0.3071,4.76910689728637e-08,3.281206808742211,9054.79871386753,39,362,0.4,0.21621621621621623,1,37,20,0.5,
sf,20,4,gaussian,100,standardized,0,notears,0.2623,1.3025857725779133e-08,3.3114146605861166,1074.321078814512,40,361,0.38095238095238093,0.21621621621621623,1,37,21,0.5,
sf,20,4,gaussian,100,standardized,0,sort,0.0005,0.0,6.304077117267296,,53,345,0.16666666666666666,0.1891891891891892,1,37,42,0.5,
sf,20,4,gaussian,100,standardized,0,pc,0.0786,,,,34,,0.5,0.10810810810810811,0,37,22,0.5,
sf,20,4,gaussian,100,standardized,0,ges,0.4761,,,,47,,0.29545454545454547,0.35135135135135137,0,37,56,0.5,
sf,20,4,gaussian,1000,standardized,0,poly_prox,0.3995,1.5335828419902458e-05,2.9416518804364737,0.40630753997139935,35,366,0.391304347826087,0.24324324324324326,1,37,23,0.5,
sf,20,4,gaussian,1000,standardized,0,poly_lbfgs,0.3087,5.663162662112095e-08,3.4184959593484505,12759.217180441075,37,369,0.375,0.16216216216216217,1,37,16,0.5,
sf,20,4,gaussian,1000,standardized,0,notears,0.2604,3.7014256548673075e-08,3.421249840326074,3310.6877076984906,37,369,0.375,0.16216216216216217,1,37,16,0.5,
sf,20,4,gaussian,1000,standardized,0,sort,0.0015,0.0,7.241175602880041,,47,307,0.24444444444444444,0.2972972972972973,1,37,45,0.5,
sf,20,4,gaussian,1000,standardized,0,pc,0.1752,,,,28,,0.8333333333333334,0.2702702702702703,0,37,26,0.5,
sf,20,4,gaussian,1000,standardized,0,ges,3.8485,,,,51,,0.2903225806451613,0.4864864864864865,0,37,70,0.5,
sf,5,4,gaussian,100,standardized,1,poly_prox,0.1478,2.4824781953855856e-06,1.5477905233610123,0.3071575325534475,8,18,0.2,0.14285714285714285,1,7,5,0.5,
sf,5,4,gaussian,100,standardized,1,poly_lbfgs,0.1015,8.912093802920261e-09,1.4811105240995985,0.68333496599124,7,18,0.2,0.14285714285714285,1,7,5,0.5,
sf,5,4,gaussian,100,standardized,1,notears,0.0944,8.113039129398203e-09,1.4811658752573726,0.707280717388585,7,18,0.2,0.14285714285714285,1,7,5,0.5,
sf,5,4,gaussian,100,standardized,1,sort,0.0001,0.0,1.6090649237594148,,7,17,0.3333333333333333,0.2857142857142857,1,7,6,0.5,
sf,5,4,gaussian,100,standardized,1,pc,0.0026,,,,6,,0.3333333333333333,0.14285714285714285,0,7,5,0.5,
sf,5,4,gaussian,100,standardized,1,ges,0.0048,,,,8,,0.3333333333333333,0.14285714285714285,0,7,11,0.5,
sf,5,4,gaussian,1000,standardized,1,poly_prox,0.1448,1.9498212035881347e-06,1.4170581998826783,0.11882703713260144,8,18,0.2,0.14285714285714285,1,7,5,0.5,
sf,5,4,gaussian,1000,standardized,1,poly_lbfgs,0.1083,8.999585836387215e-09,1.3962718304745885,0.7173551553245763,7,18,0.2,0.14285714285714285,1,7,5,0.5,
sf,5,4,gaussian,1000,standardized,1,notears,0.0743,8.401906725907793e-09,1.3963768294268601,0.7669988459521556,7,18,0.2,0.14285714285714285,1,7,5,0.5,
sf,5,4,gaussian,1000,standardized,1,sort,0.0002,0.0,1.4812450935291297,,6,17,0.3333333333333333,0.2857142857142857,1,7,6,0.5,
sf,5,4,gaussian,1000,standardized,1,pc,0.002,,,,6,,0.5,0.14285714285714285,0,7,6,0.5,
sf,5,4,gaussian,1000,standardized,1,ges,0.0064,,,,8,,0.2,0.14285714285714285,0,7,9,0.5,
sf,10,4,gaussian,100,standardized,1,poly_prox,0.2163,3.98719659965733e-06,2.322312844018803,4.605646750954625,17,,0.46153846153846156,0.35294117647058826,0,17,13,0.5,
sf,10,4,gaussian,100,standardized,1,poly_lbfgs,0.1855,5.394480198129682e-09,2.6804373794104905,639.0920607212425,16,71,0.5555555555555556,0.29411764705882354,1,17,9,0.5,
sf,10,4,gaussian,100,standardized,1,notears,0.146,2.4467645687309414e-09,2.467654646982183,2.950664952219871,15,70,0.6,0.35294117647058826,1,17,10,0.5,
sf,10,4,gaussian,100,standardized,1,sort,0.0002,0.0,2.9384758770640422,,16,67,0.4117647058823529,0.4117647058823529,1,17,17,0.5,
sf,10,4,gaussian,100,standardized,1,pc,0.0121,,,,19,,0.0,0.0,0,17,12,0.5,
sf,10,4,gaussian,100,standardized,1,ges,0.0306,,,,13,46,0.5625,0.5294117647058824,1,17,16,0.5,
sf,10,4,gaussian,1000,standardized,1,poly_prox,0.2188,3.2989272693778576e-06,2.4253146311803593,5.776768638623334,15,81,0.5,0.29411764705882354,1,17,10,0.5,
sf,10,4,gaussian,1000,standardized,1,poly_lbfgs,0.1718,5.6709584109869784e-09,2.568395786644917,8.26252664745086,16,71,0.5555555555555556,0.29411764705882354,1,17,9,0.5,
sf,10,4,gaussian,1000,standardized,1,notears,0.1356,9.820080748568216e-09,2.4486108380402323,2.752245915374092,17,80,0.5,0.29411764705882354,1,17,10,0.5,
sf,10,4,gaussian,1000,standardized,1,sort,0.0004,0.0,3.191945889449081,,20,59,0.2916666666666667,0.4117647058823529,1,17,24,0.5,
sf,10,4,gaussian,1000,standardized,1,pc,0.0276,,,,14,,0.42857142857142855,0.17647058823529413,0,17,11,0.5,
sf,10,4,gaussian,1000,standardized,1,ges,0.0471,,,,4,28,0.8125,0.7647058823529411,1,17,16,0.5,
sf,20,4,gaussian,100,standardized,1,poly_prox,0.3979,8.006724771894709e-06,2.454500746118891,0.13111629734030628,36,364,0.42857142857142855,0.24324324324324326,1,37,21,0.5,
sf,20,4,gaussian,100,standardized,1,poly_lbfgs,0.3401,8.121611423720392e-09,2.679771897862901,343.9362808888801,39,348,0.375,0.16216216216216217,1,37,16,0.5,
sf,20,4,gaussian,100,standardized,1,notears,0.266,2.1642346581529637e-08,2.649145529368893,3590.619410949895,36,348,0.4666666666666667,0.1891891891891892,1,37,15,0.5,
sf,20,4,gaussian,100,standardized,1,sort,0.0005,0.0,9.984665209382063,,75,304,0.13432835820895522,0.24324324324324326,1,37,67,0.5,
sf,20,4,gaussian,100,standardized,1,pc,0.1036,,,,37,,0.3333333333333333,0.02702702702702703,0,37,23,0.5,
sf,20,4,gaussian,100,standardized,1,ges,0.2567,,,,36,,0.35135135135135137,0.35135135135135137,0,37,41,0.5,
sf,20,4,gaussian,1000,standardized,1,poly_prox,0.3989,5.484020346123968e-06,2.386631278133984,0.7308346591150623,34,365,0.5,0.24324324324324326,1,37,18,0.5,
sf,20,4,gaussian,1000,standardized,1,poly_lbfgs,0.3294,1.9943501690420185e-08,2.5104631634676924,3242.64655872411,39,367,0.375,0.16216216216216217,1,37,16,0.5,
sf,20,4,gaussian,1000,standardized,1,notears,0.2674,2.012425426300979e-08,2.545641121877317,1001.48018560109,37,369,0.42857142857142855,0.16216216216216217,1,37,14,0.5,
sf,20,4,gaussian,1000,standardized,1,sort,0.0015,0.0,5.295752323277748,,49,333,0.2,0.21621621621621623,1,37,40,0.5,
sf,20,4,gaussian,1000,standardized,1,pc,0.144,,,,30,,0.6666666666666666,0.21621621621621623,0,37,32,0.5,
sf,20,4,gaussian,1000,standardized,1,ges,0.4238,,,,32,,0.4318181818181818,0.5135135135135135,0,37,48,0.5,
sf,5,4,gaussian,100,standardized,2,poly_prox,0.1466,1.726154602779755e-06,1.4471887439806481,1.519333298169494,5,18,0.5,0.2857142857142857,1,7,4,0.5,
sf,5,4,gaussian,100,standardized,2,poly_lbfgs,0.1135,2.5627350012916254e-09,1.3388477389103128,0.8090340676779596,5,18,0.5,0.2857142857142857,1,7,4,0.5,
sf,5,4,gaussian,100,standardized,2,notears,0.1018,9.820715796138302e-09,1.3379842809525844,0.8329888578509623,5,18,0.5,0.2857142857142857,1,7,4,0.5,
sf,5,4,gaussian,100,standardized,2,sort,0.0001,0.0,1.4946721179463085,,7,16,0.3333333333333333,0.2857142857142857,1,7,6,0.5,
sf,5,4,gaussian,100,standardized,2,pc,0.0025,,,,6,16,0.4,0.2857142857142857,1,7,5,0.5,
sf,5,4,gaussian,100,standardized,2,ges,0.0036,,,,6,,0.6666666666666666,0.2857142857142857,0,7,9,0.5,
sf,5,4,gaussian,1000,standardized,2,poly_prox,0.1441,1.8461447931308134e-06,1.3468496037660702,0.04312433714493423,4,10,0.75,0.42857142857142855,1,7,4,0.5,
sf,5,4,gaussian,1000,standardized,2,poly_lbfgs,0.1219,9.325442092533267e-09,1.3510135536749308,0.8109575713370765,6,19,0.25,0.14285714285714285,1,7,4,0.5,
sf,5,4,gaussian,1000,standardized,2,notears,0.1094,8.772155446479246e-09,1.3514854801064349,0.8075746031865785,6,19,0.25,0.14285714285714285,1,7,4,0.5,
sf,5,4,gaussian,1000,standardized,2,sort,0.0002,0.0,1.5056170652044245,,8,18,0.16666666666666666,0.14285714285714285,1,7,6,0.5,
sf,5,4,gaussian,1000,standardized,2,pc,0.002,,,,4,13,0.42857142857142855,0.42857142857142855,1,7,7,0.5,
sf,5,4,gaussian,1000,standardized,2,ges,0.0042,,,,5,,1.0,0.2857142857142857,0,7,12,0.5,
sf,10,4,gaussian,100,standardized,2,poly_prox,0.2166,6.7894802607927465e-06,1.4958093078287962,0.9566765504510414,20,,0.18181818181818182,0.11764705882352941,0,17,11,0.5,
sf,10,4,gaussian,100,standardized,2,poly_lbfgs,0.1906,3.4726925616815186e-08,1.843104560033146,7027.361758865887,19,79,0.2222222222222222,0.11764705882352941,1,17,9,0.5,
sf,10,4,gaussian,100,standardized,2,notears,0.1549,2.0958013990934887e-08,1.7828494976702474,1769.95498151038,21,,0.18181818181818182,0.11764705882352941,0,17,11,0.5,
sf,10,4,gaussian,100,standardized,2,sort,0.0002,0.0,2.254588141499366,,18,72,0.29411764705882354,0.29411764705882354,1,17,17,0.5,
sf,10,4,gaussian,100,standardized,2,pc,0.0118,,,,18,,0.3333333333333333,0.11764705882352941,0,17,14,0.5,
sf,10,4,gaussian,100,standardized,2,ges,0.0354,,,,15,,0.46153846153846156,0.35294117647058826,0,17,21,0.5,
sf,10,4,gaussian,1000,standardized,2,poly_prox,0.2181,5.7755504812900474e-06,1.4874081900890943,0.8986292094154565,18,,0.2,0.11764705882352941,0,17,10,0.5,
sf,10,4,gaussian,1000,standardized,2,poly_lbfgs,0.1906,1.3693499051550325e-08,1.7936008098129577,614.6614410717058,22,,0.1111111111111111,0.058823529411764705,0,17,9,0.5,
sf,10,4,gaussian,1000,standardized,2,notears,0.1511,2.018798817005063e-08,1.8843352403371851,2984.8811491241877,22,,0.1111111111111111,0.058823529411764705,0,17,9,0.5,
sf,10,4,gaussian,1000,standardized,2,sort,0.0004,0.0,2.4479586249414673,,13,76,0.5,0.35294117647058826,1,17,12,0.5,
sf,10,4,gaussian,1000,standardized,2,pc,0.0202,,,,14,,0.3,0.17647058823529413,0,17,14,0.5,
sf,10,4,gaussian,1000,standardized,2,ges,0.0605,,,,20,,0.2631578947368421,0.29411764705882354,0,17,31,0.5,
sf,20,4,gaussian,100,standardized,2,poly_prox,0.4003,5.145669502311593e-06,2.3679887755088753,0.8605904525102891,37,370,0.4117647058823529,0.1891891891891892,1,37,17,0.5,
sf,20,4,gaussian,100,standardized,2,poly_lbfgs,0.3272,2.4111024775634592e-08,2.534324273667891,1880.9725928318699,35,,0.4444444444444444,0.21621621621621623,0,37,18,0.5,
sf,20,4,gaussian,100,standardized,2,notears,0.2656,2.6429585631149166e-08,2.518224125031797,3945.639320901741,38,349,0.3684210526315789,0.1891891891891892,1,37,19,0.5,
sf,20,4,gaussian,100,standardized,2,sort,0.0005,0.0,6.085049974267317,,60,325,0.1346153846153846,0.1891891891891892,1,37,52,0.5,
sf,20,4,gaussian,100,standardized,2,pc,0.0914,,,,35,,0.5714285714285714,0.10810810810810811,0,37,19,0.5,
sf,20,4,gaussian,100,standardized,2,ges,0.4555,,,,46,,0.29545454545454547,0.35135135135135137,0,37,50,0.5,
sf,20,4,gaussian,1000,standardized,2,poly_prox,0.4002,8.993956901665248e-06,2.331106157805735,0.18131358598770175,33,368,0.47368421052631576,0.24324324324324326,1,37,19,0.5,
sf,20,4,gaussian,1000,standardized,2,poly_lbfgs,0.3305,3.75278763373764e-08,2.9278299237732046,7326.526540380908,35,351,0.4666666666666667,0.1891891891891892,1,37,15,0.5,
sf,20,4,gaussian,1000,standardized,2,notears,0.2534,3.2443292496964204e-08,2.724865405455589,4394.258291832261,36,,0.3888888888888889,0.1891891891891892,0,37,18,0.5,
sf,20,4,gaussian,1000,standardized,2,sort,0.0015,0.0,5.324866693992094,,61,332,0.1509433962264151,0.21621621621621623,1,37,53,0.5,
sf,20,4,gaussian,1000,standardized,2,pc,0.1821,,,,33,,0.625,0.13513513513513514,0,37,26,0.5,
sf,20,4,gaussian,1000,standardized,2,ges,1.0329,,,,43,,0.3448275862068966,0.5405405405405406,0,37,64,0.5,
sf,5,4,laplace,100,raw,0,poly_prox,0.1585,3.971996509277419e-06,3.607700581462887,0.43523230424567944,3,7,0.8,0.5714285714285714,1,7,5,1.0,
sf,5,4,laplace,100,raw,0,poly_lbfgs,0.0818,3.9159173111200274e-09,3.4899254509094897,4.891136243434995,3,7,0.8,0.5714285714285714,1,7,5,1.0,
sf,5,4,laplace,100,raw,0,notears,0.0723,3.2305242925190214e-09,3.4899999657700698,4.792932160317932,3,7,0.8,0.5714285714285714,1,7,5,1.0,
sf,5,4,laplace,100,raw,0,sort,0.0001,0.0,3.4874301738597753,,1,0,0.875,1.0,1,7,8,1.0,
sf,5,4,laplace,100,raw,0,pc,0.0024,,,,7,,0.0,0.0,0,7,8,1.0,
sf,5,4,laplace,100,raw,0,ges,0.0041,,,,8,,0.0,0.0,0,7,9,1.0,
sf,5,4,laplace,1000,raw,0,poly_prox,0.1581,4.536740434777412e-06,3.467316305502833,0.5026723400569266,3,7,0.8,0.5714285714285714,1,7,5,1.0,
sf,5,4,laplace,1000,raw,0,poly_lbfgs,0.1146,4.0471036321923885e-09,3.333919997952204,5.233160309202171,3,7,0.8,0.5714285714285714,1,7,5,1.0,
sf,5,4,laplace,1000,raw,0,notears,0.0954,3.301645179476509e-09,3.3337345969547663,5.221402329722522,3,7,0.8,0.5714285714285714,1,7,5,1.0,
sf,5,4,laplace,1000,raw,0,sort,0.0002,0.0,3.2811944085375284,,0,0,1.0,1.0,1,7,7,1.0,
sf,5,4,laplace,1000,raw,0,pc,0.0022,,,,3,12,0.6666666666666666,0.5714285714285714,1,7,6,1.0,
sf,5,4,laplace,1000,raw,0,ges,0.0041,,,,7,,0.0,0.0,0,7,10,1.0,
sf,10,4,laplace,100,raw,0,poly_prox,0.217,8.049586820649596e-06,8.127474227628468,1.5021846143522248,10,34,0.6875,0.6470588235294118,1,17,16,0.9012345679012346,
sf,10,4,laplace,100,raw,0,poly_lbfgs,0.1834,5.390937299780526e-09,7.292427809095616,6.113114802101062,9,33,0.7333333333333333,0.6470588235294118,1,17,15,0.9012345679012346,
sf,10,4,laplace,100,raw,0,notears,0.1523,5.058788943301806e-09,7.288540327398933,7.372836102896162,8,26,0.75,0.7058823529411765,1,17,16,0.9012345679012346,
sf,10,4,laplace,100,raw,0,sort,0.0002,0.0,7.7110899668884,,8,18,0.6666666666666666,0.8235294117647058,1,17,21,0.9012345679012346,
sf,10,4,laplace,100,raw,0,pc,0.0124,,,,13,,0.6666666666666666,0.23529411764705882,0,17,10,0.9012345679012346,
sf,10,4,laplace,100,raw,0,ges,0.0365,,,,13,,0.5625,0.5294117647058824,0,17,20,0.9012345679012346,
sf,10,4,laplace,1000,raw,0,poly_prox,0.2182,3.972799004543605e-06,9.097958813061563,27.99126747474272,13,42,0.5555555555555556,0.5882352941176471,1,17,18,0.9382716049382716,
sf,10,4,laplace,1000,raw,0,poly_lbfgs,0.1844,7.186404291278307e-09,7.255833014766935,8.268888850868146,8,34,0.7857142857142857,0.6470588235294118,1,17,14,0.9382716049382716,
sf,10,4,laplace,1000,raw,0,notears,0.1471,5.233383504332778e-09,7.256987278426474,7.217835956506778,8,34,0.7857142857142857,0.6470588235294118,1,17,14,0.9382716049382716,
sf,10,4,laplace,1000,raw,0,sort,0.0004,0.0,7.639311296926477,,7,18,0.7,0.8235294117647058,1,17,20,0.9382716049382716,
sf,10,4,laplace,1000,raw,0,pc,0.0265,,,,10,,0.7,0.4117647058823529,0,17,12,0.9382716049382716,
sf,10,4,laplace,1000,raw,0,ges,0.0533,,,,16,,0.38095238095238093,0.47058823529411764,0,17,25,0.9382716049382716,
sf,20,4,laplace,100,raw,0,poly_prox,0.4009,3.4435259520593144e-05,14.330937812334582,34.90415301786682,21,273,0.9444444444444444,0.4594594594594595,1,37,18,0.9683544303797469,
sf,20,4,laplace,100,raw,0,poly_lbfgs,0.3351,2.6659469055815128e-08,21.621436292918606,4493.837732630945,16,192,0.92,0.6216216216216216,1,37,25,0.9683544303797469,
sf,20,4,laplace,100,raw,0,notears,0.2627,4.969733424786682e-08,20.984600497503006,30405.7194564307,16,192,0.92,0.6216216216216216,1,37,25,0.9683544303797469,
sf,20,4,laplace,100,raw,0,sort,0.0005,0.0,16.96205576413043,,28,67,0.5535714285714286,0.8378378378378378,1,37,56,0.9683544303797469,
sf,20,4,laplace,100,raw,0,pc,0.0924,,,,38,,0.16666666666666666,0.02702702702702703,0,37,22,0.9683544303797469,
sf,20,4,laplace,100,raw,0,ges,0.2778,,,,31,232,0.4444444444444444,0.5405405405405406,1,37,45,0.9683544303797469,
sf,20,4,laplace,1000,raw,0,poly_prox,0.4152,3.336604158450582e-05,15.297122587636302,26.02637284672084,18,239,1.0,0.5135135135135135,1,37,19,0.9746835443037974,
sf,20,4,laplace,1000,raw,0,poly_lbfgs,0.3202,1.0612516086703137e-07,17.34421508570713,61915.3998026011,18,201,0.9130434782608695,0.5675675675675675,1,37,23,0.9746835443037974,
sf,20,4,laplace,1000,raw,0,notears,0.2624,1.1675343714045994e-07,17.824743705624073,54421.47636669739,18,201,0.9130434782608695,0.5675675675675675,1,37,23,0.9746835443037974,
sf,20,4,laplace,1000,raw,0,sort,0.0015,0.0,15.653194623694706,,8,74,0.8611111111111112,0.8378378378378378,1,37,36,0.9746835443037974,
sf,20,4,laplace,1000,raw,0,pc,0.1776,,,,33,,0.5,0.21621621621621623,0,37,32,0.9746835443037974,
sf,20,4,laplace,1000,raw,0,ges,0.824,,,,24,,0.625,0.5405405405405406,0,37,56,0.9746835443037974,
sf,5,4,laplace,100,raw,1,poly_prox,0.1569,7.283500056553002e-06,3.0874834949208347,0.05026017797189214,1,3,1.0,0.8571428571428571,1,7,6,0.9166666666666666,
sf,5,4,laplace,100,raw,1,poly_lbfgs,0.1009,2.5209250830281497e-09,3.0961359264977815,2.5834824423382736,1,3,1.0,0.8571428571428571,1,7,6,0.9166666666666666,
sf,5,4,laplace,100,raw,1,notears,0.0846,2.242702024091159e-09,3.096237166291043,2.6165891788791074,1,3,1.0,0.8571428571428571,1,7,6,0.9166666666666666,
sf,5,4,laplace,100,raw,1,sort,0.0001,0.0,3.537272695972899,,2,2,0.75,0.8571428571428571,1,7,8,0.9166666666666666,
sf,5,4,laplace,100,raw,1,pc,0.0024,,,,7,,1.0,0.0,0,7,8,0.9166666666666666,
sf,5,4,laplace,100,raw,1,ges,0.0041,,,,5,,1.0,0.2857142857142857,0,7,10,0.9166666666666666,
sf,5,4,laplace,1000,raw,1,poly_prox,0.1583,8.94863923041422e-06,3.201120254868072,0.10443005114068758,2,2,0.8571428571428571,0.8571428571428571,1,7,7,0.9166666666666666,
sf,5,4,laplace,1000,raw,1,poly_lbfgs,0.1156,2.829455428756171e-09,3.1990831428843136,3.321345744562278,0,0,1.0,1.0,1,7,7,0.9166666666666666,
sf,5,4,laplace,1000,raw,1,notears,0.0887,2.4654154273662243e-09,3.199008735481358,3.251232965623122,0,0,1.0,1.0,1,7,7,0.9166666666666666,
sf,5,4,laplace,1000,raw,1,sort,0.0002,0.0,3.6126093924949365,,2,2,0.75,0.8571428571428571,1,7,8,0.9166666666666666,
sf,5,4,laplace,1000,raw,1,pc,0.0021,,,,6,,0.2,0.14285714285714285,0,7,7,0.9166666666666666,
sf,5,4,laplace,1000,raw,1,ges,0.0049,,,,8,,1.0,0.0,0,7,14,0.9166666666666666,
sf,10,4,laplace,100,raw,1,poly_prox,0.2167,4.947094089895816e-06,10.419672739141362,5.6191474591894695,7,33,0.8571428571428571,0.7058823529411765,1,17,14,0.8,
sf,10,4,laplace,100,raw,1,poly_lbfgs,0.177,4.34620874698184e-09,9.28045445968589,29.015705382611255,5,33,0.8235294117647058,0.8235294117647058,1,17,17,0.8,
sf,10,4,laplace,100,raw,1,notears,0.1468,3.915081592253955e-09,9.329072253868405,26.984343019110895,6,41,0.8125,0.7647058823529411,1,17,16,0.8,
sf,10,4,laplace,100,raw,1,sort,0.0002,0.0,10.930877978647354,,19,33,0.42857142857142855,0.5294117647058824,1,17,21,0.8,
sf,10,4,laplace,100,raw,1,pc,0.0118,,,,17,,0.4,0.11764705882352941,0,17,11,0.8,
sf,10,4,laplace,100,raw,1,ges,0.033,,,,19,,0.1875,0.17647058823529413,0,17,18,0.8,
sf,10,4,laplace,1000,raw,1,poly_prox,0.2378,3.7256194933085083e-06,9.285980917770377,2.6561981987019054,8,41,0.8461538461538461,0.6470588235294118,1,17,13,0.8266666666666667,
sf,10,4,laplace,1000,raw,1,poly_lbfgs,0.1762,3.3564336873568803e-09,8.245071343606602,23.269057971466047,5,42,0.8666666666666667,0.7647058823529411,1,17,15,0.8266666666666667,
sf,10,4,laplace,1000,raw,1,notears,0.1486,2.9068232265672123e-09,8.262304010368617,21.23995078361117,5,42,0.8666666666666667,0.7647058823529411,1,17,15,0.8266666666666667,
sf,10,4,laplace,1000,raw,1,sort,0.0005,0.0,9.709407203621666,,17,28,0.45,0.5294117647058824,1,17,20,0.8266666666666667,
sf,10,4,laplace,1000,raw,1,pc,0.0185,,,,12,,1.0,0.35294117647058826,0,17,16,0.8266666666666667,
sf,10,4,laplace,1000,raw,1,ges,0.0558,,,,15,,0.3,0.35294117647058826,0,17,22,0.8266666666666667,
sf,20,4,laplace,100,raw,1,poly_prox,0.3975,1.2101431826018635e-05,22.3186821796809,87.71061795429578,19,186,0.8148148148148148,0.5945945945945946,1,37,27,0.9625850340136054,
sf,20,4,laplace,100,raw,1,poly_lbfgs,0.3196,2.6718109601284254e-08,21.307068862333907,25736.310506380425,18,164,0.7575757575757576,0.6756756756756757,1,37,33,0.9625850340136054,
sf,20,4,laplace,100,raw,1,notears,0.2626,2.974564239366373e-08,22.835737204321024,10332.24650011743,17,151,0.7647058823529411,0.7027027027027027,1,37,34,0.9625850340136054,
sf,20,4,laplace,100,raw,1,sort,0.0005,0.0,17.63551298285768,,32,94,0.5084745762711864,0.8108108108108109,1,37,59,0.9625850340136054,
sf,20,4,laplace,100,raw,1,pc,0.0845,,,,35,,0.4444444444444444,0.10810810810810811,0,37,21,0.9625850340136054,
sf,20,4,laplace,100,raw,1,ges,0.4972,,,,26,189,0.5348837209302325,0.6216216216216216,1,37,43,0.9625850340136054,
sf,20,4,laplace,1000,raw,1,poly_prox,0.3993,1.1274911940016522e-05,21.252152813879803,81.6779914823186,17,168,0.8518518518518519,0.6216216216216216,1,37,27,0.9625850340136054,
sf,20,4,laplace,1000,raw,1,poly_lbfgs,0.3457,1.0375708523022795e-08,21.669598609442602,4500.776133345615,13,162,0.96,0.6486486486486487,1,37,25,0.9625850340136054,
sf,20,4,laplace,1000,raw,1,notears,0.2636,9.403173351074656e-09,22.377344504927077,727.9367317847484,14,177,0.9230769230769231,0.6486486486486487,1,37,26,0.9625850340136054,
sf,20,4,laplace,1000,raw,1,sort,0.0015,0.0,16.58133833114875,,14,82,0.75,0.8108108108108109,1,37,40,0.9625850340136054,
sf,20,4,laplace,1000,raw,1,pc,0.1939,,,,31,,0.4117647058823529,0.1891891891891892,0,37,23,0.9625850340136054,
sf,20,4,laplace,1000,raw,1,ges,0.5255,,,,41,,0.3508771929824561,0.5405405405405406,0,37,59,0.9625850340136054,
sf,5,4,laplace,100,raw,2,poly_prox,0.1592,8.187945898627848e-06,4.395017941295254,1.51740427405223,2,5,1.0,0.7142857142857143,1,7,5,1.0,
sf,5,4,laplace,100,raw,2,poly_lbfgs,0.0847,2.8261735177111304e-09,3.5399287213828394,4.445913296578409,0,0,1.0,1.0,1,7,7,1.0,
sf,5,4,laplace,100,raw,2,notears,0.083,2.5756268229315538e-09,3.540061588690109,4.47834311533829,0,0,1.0,1.0,1,7,7,1.0,
sf,5,4,laplace,100,raw,2,sort,0.0001,0.0,3.6355700674725844,,1,0,0.875,1.0,1,7,8,1.0,
sf,5,4,laplace,100,raw,2,pc,0.0029,,,,7,,1.0,0.0,0,7,8,1.0,
sf,5,4,laplace,100,raw,2,ges,0.0048,,,,8,,1.0,0.0,0,7,14,1.0,
sf,5,4,laplace,1000,raw,2,poly_prox,0.1596,1.2427640565358006e-05,3.4664865290105613,0.2956841851217143,1,2,1.0,0.8571428571428571,1,7,6,1.0,
sf,5,4,laplace,1000,raw,2,poly_lbfgs,0.1088,2.879881059048299e-09,3.350863849164488,4.110305617608985,0,0,1.0,1.0,1,7,7,1.0,
sf,5,4,laplace,1000,raw,2,notears,0.0978,2.570223145426098e-09,3.3511097424420466,4.123534364724001,0,0,1.0,1.0,1,7,7,1.0,
sf,5,4,laplace,1000,raw,2,sort,0.0002,0.0,3.4213197962526256,,0,0,1.0,1.0,1,7,7,1.0,
sf,5,4,laplace,1000,raw,2,pc,0.0024,,,,7,,1.0,0.0,0,7,12,1.0,
sf,5,4,laplace,1000,raw,2,ges,0.0055,,,,8,,0.3333333333333333,0.14285714285714285,0,7,13,1.0,
sf,10,4,laplace,100,raw,2,poly_prox,0.2175,1.2383403029868839e-05,35.34204538949636,82.31994592680974,17,64,0.46153846153846156,0.35294117647058826,1,17,13,0.96875,
sf,10,4,laplace,100,raw,2,poly_lbfgs,0.1732,1.0326405221398108e-07,67.43356426495592,110962.91188953318,15,56,0.6,0.35294117647058826,1,17,10,0.96875,
sf,10,4,laplace,100,raw,2,notears,0.148,7.931125800553218e-08,50.30774204610972,14806.022263469835,14,56,0.6666666666666666,0.35294117647058826,1,17,9,0.96875,
sf,10,4,laplace,100,raw,2,sort,0.0002,0.0,7.504857145924063,,7,10,0.6956521739130435,0.9411764705882353,1,17,23,0.96875,
sf,10,4,laplace,100,raw,2,pc,0.0145,,,,15,,1.0,0.11764705882352941,0,17,14,0.96875,
sf,10,4,laplace,100,raw,2,ges,0.0359,,,,12,,0.5714285714285714,0.47058823529411764,0,17,20,0.96875,
sf,10,4,laplace,1000,raw,2,poly_prox,0.2166,8.956750205052631e-06,33.06491621276709,60.60486638394141,16,64,0.5,0.35294117647058826,1,17,12,0.96875,
sf,10,4,laplace,1000,raw,2,poly_lbfgs,0.1778,8.011840603749598e-09,14.410654062220665,215.00006122982376,8,40,0.8461538461538461,0.6470588235294118,1,17,13,0.96875,
sf,10,4,laplace,1000,raw,2,notears,0.1455,4.28876134606071e-09,10.68127921156631,122.58631566973341,7,39,0.8571428571428571,0.7058823529411765,1,17,14,0.96875,
sf,10,4,laplace,1000,raw,2,sort,0.0004,0.0,7.54899323026448,,3,12,0.8421052631578947,0.9411764705882353,1,17,19,0.96875,
sf,10,4,laplace,1000,raw,2,pc,0.0189,,,,10,,0.7,0.4117647058823529,0,17,16,0.96875,
sf,10,4,laplace,1000,raw,2,ges,0.0405,,,,8,,0.8181818181818182,0.5294117647058824,0,17,19,0.96875,
sf,20,4,laplace,100,raw,2,poly_prox,0.4009,3.2980623934285835e-05,15.311385566979716,32.9788646802259,17,236,0.9545454545454546,0.5675675675675675,1,37,22,0.9758064516129032,
sf,20,4,laplace,100,raw,2,poly_lbfgs,0.3071,5.0431505109018714e-08,15.920658144696242,31608.845336487473,15,235,1.0,0.5945945945945946,1,37,22,0.9758064516129032,
sf,20,4,laplace,100,raw,2,notears,0.2634,1.836403740185233e-08,15.930074325136331,4879.782845944792,15,235,1.0,0.5945945945945946,1,37,22,0.9758064516129032,
sf,20,4,laplace,100,raw,2,sort,0.0005,0.0,15.825022373528565,,30,83,0.5357142857142857,0.8108108108108109,1,37,56,0.9758064516129032,
sf,20,4,laplace,100,raw,2,pc,0.0768,,,,35,,0.38461538461538464,0.13513513513513514,0,37,23,0.9758064516129032,
sf,20,4,laplace,100,raw,2,ges,0.4307,,,,32,183,0.4375,0.5675675675675675,1,37,48,0.9758064516129032,
sf,20,4,laplace,1000,raw,2,poly_prox,0.4004,3.0397500435287316e-05,16.304395522917588,35.045379815480786,16,236,1.0,0.5675675675675675,1,37,21,0.967741935483871,
sf,20,4,laplace,1000,raw,2,poly_lbfgs,0.3117,7.921173730216371e-08,16.54034721240951,105530.565472175,12,196,1.0,0.6756756756756757,1,37,25,0.967741935483871,
sf,20,4,laplace,1000,raw,2,notears,0.2647,2.556294731448361e-08,16.20474601328123,8673.331794427198,12,196,1.0,0.6756756756756757,1,37,25,0.967741935483871,
sf,20,4,laplace,1000,raw,2,sort,0.0015,0.0,16.892090230763614,,19,114,0.675,0.7297297297297297,1,37,40,0.967741935483871,
sf,20,4,laplace,1000,raw,2,pc,0.1754,,,,33,,0.5,0.1891891891891892,0,37,24,0.967741935483871,
sf,20,4,laplace,1000,raw,2,ges,0.4916,,,,31,,0.42857142857142855,0.5675675675675675,0,37,53,0.967741935483871,
sf,5,4,laplace,100,standardized,0,poly_prox,0.1544,2.784738489981524e-06,1.1483650434420007,3.145753177395612,6,18,0.25,0.14285714285714285,1,7,4,0.5,
sf,5,4,laplace,100,standardized,0,poly_lbfgs,0.1231,4.2625408231876286e-09,1.1029132553793375,0.758148491407983,6,19,0.2,0.14285714285714285,1,7,5,0.5,
sf,5,4,laplace,100,standardized,0,notears,0.0944,3.1613680562259105e-09,1.099716091973144,0.9085807778380451,6,19,0.2,0.14285714285714285,1,7,5,0.5,
sf,5,4,laplace,100,standardized,0,sort,0.0001,0.0,1.1852936752190588,,3,7,0.8,0.5714285714285714,1,7,5,0.5,
sf,5,4,laplace,100,standardized,0,pc,0.0023,,,,7,,0.0,0.0,0,7,8,0.5,
sf,5,4,laplace,100,standardized,0,ges,0.0042,,,,8,,0.0,0.0,0,7,9,0.5,
sf,5,4,laplace,1000,standardized,0,poly_prox,0.1538,2.6922547426874333e-06,1.099858963330703,3.0585880383635056,6,18,0.25,0.14285714285714285,1,7,4,0.5,
sf,5,4,laplace,1000,standardized,0,poly_lbfgs,0.1027,6.0750922067246966e-09,1.0439191026751002,0.4282554316474312,6,19,0.25,0.14285714285714285,1,7,4,0.5,
sf,5,4,laplace,1000,standardized,0,notears,0.0953,2.2994344206495043e-09,1.0338342722366978,1.3365471903680903,6,19,0.25,0.14285714285714285,1,7,4,0.5,
sf,5,4,laplace,1000,standardized,0,sort,0.0002,0.0,1.1404670439494398,,5,14,0.5,0.2857142857142857,1,7,4,0.5,
sf,5,4,laplace,1000,standardized,0,pc,0.0022,,,,3,12,0.6666666666666666,0.5714285714285714,1,7,6,0.5,
sf,5,4,laplace,1000,standardized,0,ges,0.0041,,,,7,,0.0,0.0,0,7,10,0.5,
sf,10,4,laplace,100,standardized,0,poly_prox,0.2176,6.729599191799244e-06,2.1975270597377197,1.760070644433777,15,73,0.5,0.29411764705882354,1,17,10,0.5,
sf,10,4,laplace,100,standardized,0,poly_lbfgs,0.1648,3.2724755614685776e-09,2.2477374979817766,5.734521856885315,19,81,0.3,0.17647058823529413,1,17,10,0.5,
sf,10,4,laplace,100,standardized,0,notears,0.1396,4.352154192588387e-09,2.0901691695861135,1.9055053071242,19,81,0.3,0.17647058823529413,1,17,10,0.5,
sf,10,4,laplace,100,standardized,0,sort,0.0002,0.0,2.679919039801519,,19,67,0.23529411764705882,0.23529411764705882,1,17,17,0.5,
sf,10,4,laplace,100,standardized,0,pc,0.0124,,,,13,,0.6666666666666666,0.23529411764705882,0,17,10,0.5,
sf,10,4,laplace,100,standardized,0,ges,0.0363,,,,13,,0.5625,0.5294117647058824,0,17,20,0.5,
sf,10,4,laplace,1000,standardized,0,poly_prox,0.2172,3.7011100504194586e-06,2.245773394373394,5.088408486047382,17,76,0.2727272727272727,0.17647058823529413,1,17,11,0.5,
sf,10,4,laplace,1000,standardized,0,poly_lbfgs,0.1814,1.256702756846855e-09,2.1281831237103295,1.7470505688683733,18,82,0.3,0.17647058823529413,1,17,10,0.5,
sf,10,4,laplace,1000,standardized,0,notears,0.1421,3.6433611683150957e-09,2.125423594267751,1.1680229058445344,17,80,0.36363636363636365,0.23529411764705882,1,17,11,0.5,
sf,10,4,laplace,1000,standardized,0,sort,0.0005,0.0,2.751977602325825,,20,78,0.25,0.23529411764705882,1,17,16,0.5,
sf,10,4,laplace,1000,standardized,0,pc,0.0263,,,,10,,0.7,0.4117647058823529,0,17,12,0.5,
sf,10,4,laplace,1000,standardized,0,ges,0.0531,,,,16,,0.38095238095238093,0.47058823529411764,0,17,25,0.5,
sf,20,4,laplace,100,standardized,0,poly_prox,0.3978,1.2582441605238216e-05,2.73041379864854,0.3611669727618845,35,348,0.34782608695652173,0.21621621621621623,1,37,23,0.5,
sf,20,4,laplace,100,standardized,0,poly_lbfgs,0.3074,2.675811567088629e-08,2.9285036344488473,6262.850151720205,39,351,0.2631578947368421,0.13513513513513514,1,37,19,0.5,
sf,20,4,laplace,100,standardized,0,notears,0.2513,2.766537221532417e-08,2.9428554401421625,2545.459521980264,41,366,0.2,0.10810810810810811,1,37,20,0.5,
sf,20,4,laplace,100,standardized,0,sort,0.0005,0.0,6.44323376637411,,64,296,0.17543859649122806,0.2702702702702703,1,37,57,0.5,
sf,20,4,laplace,100,standardized,0,pc,0.0927,,,,38,,0.16666666666666666,0.02702702702702703,0,37,22,0.5,
sf,20,4,laplace,100,standardized,0,ges,0.2761,,,,31,232,0.4444444444444444,0.5405405405405406,1,37,45,0.5,
sf,20,4,laplace,1000,standardized,0,poly_prox,0.3987,5.165441826901413e-06,2.8022642025832942,0.8305758765765644,28,331,0.5,0.32432432432432434,1,37,24,0.5,
sf,20,4,laplace,1000,standardized,0,poly_lbfgs,0.3212,1.2656109117785129e-08,3.2758342336361284,800.5157705709821,35,369,0.375,0.16216216216216217,1,37,16,0.5,
sf,20,4,laplace,1000,standardized,0,notears,0.2515,1.9495491443421997e-08,3.004336634375472,3735.296112507768,34,368,0.3888888888888889,0.1891891891891892,1,37,18,0.5,
sf,20,4,laplace,1000,standardized,0,sort,0.0015,0.0,4.712972311221916,,37,320,0.3939393939393939,0.35135135135135137,1,37,33,0.5,
sf,20,4,laplace,1000,standardized,0,pc,0.181,,,,33,,0.5,0.21621621621621623,0,37,32,0.5,
sf,20,4,laplace,1000,standardized,0,ges,0.844,,,,24,,0.625,0.5405405405405406,0,37,56,0.5,
sf,5,4,laplace,100,standardized,1,poly_prox,0.1586,1.8352767850041443e-06,1.4561903379441656,1.889389211840093,5,18,0.6666666666666666,0.2857142857142857,1,7,3,0.5,
sf,5,4,laplace,100,standardized,1,poly_lbfgs,0.1231,3.0368590592538216e-09,1.2045078503836657,0.9051707793414026,5,18,0.5,0.2857142857142857,1,7,4,0.5,
sf,5,4,laplace,100,standardized,1,notears,0.0849,2.302568802292626e-09,1.202590357705782,0.8788499226651277,5,18,0.5,0.2857142857142857,1,7,4,0.5,
sf,5,4,laplace,100,standardized,1,sort,0.0001,0.0,1.2994160599584714,,4,8,0.8,0.5714285714285714,1,7,5,0.5,
sf,5,4,laplace,100,standardized,1,pc,0.0023,,,,7,,1.0,0.0,0,7,8,0.5,
sf,5,4,laplace,100,standardized,1,ges,0.004,,,,5,,1.0,0.2857142857142857,0,7,10,0.5,
sf,5,4,laplace,1000,standardized,1,poly_prox,0.1584,1.3702357082519478e-06,1.389958288696313,1.4258019253484389,5,18,0.6666666666666666,0.2857142857142857,1,7,3,0.5,
sf,5,4,laplace,1000,standardized,1,poly_lbfgs,0.1041,3.0156637636411205e-09,1.1597372538264565,0.8404290678926737,6,18,0.3333333333333333,0.2857142857142857,1,7,6,0.5,
sf,5,4,laplace,1000,standardized,1,notears,0.0782,2.265688081592998e-09,1.1583491957833552,0.6956526062009657,3,9,1.0,0.5714285714285714,1,7,4,0.5,
sf,5,4,laplace,1000,standardized,1,sort,0.0002,0.0,1.22343803935919,,4,17,0.6,0.42857142857142855,1,7,5,0.5,
sf,5,4,laplace,1000,standardized,1,pc,0.0021,,,,6,,0.2,0.14285714285714285,0,7,7,0.5,
sf,5,4,laplace,1000,standardized,1,ges,0.005,,,,8,,1.0,0.0,0,7,14,0.5,
sf,10,4,laplace,100,standardized,1,poly_prox,0.2173,7.385894470025115e-06,1.6492218882453393,1.1273816353072157,18,,0.3333333333333333,0.23529411764705882,0,17,12,0.5,
sf,10,4,laplace,100,standardized,1,poly_lbfgs,0.1805,2.737114642724727e-08,1.9851356339260997,2537.853253106017,17,,0.4166666666666667,0.29411764705882354,0,17,12,0.5,
sf,10,4,laplace,100,standardized,1,notears,0.145,3.261410874699777e-08,2.086354037076579,3500.825265504745,16,,0.45454545454545453,0.29411764705882354,0,17,11,0.5,
sf,10,4,laplace,100,standardized,1,sort,0.0002,0.0,4.017899645329532,,24,65,0.22727272727272727,0.29411764705882354,1,17,22,0.5,
sf,10,4,laplace,100,standardized,1,pc,0.0124,,,,17,,0.4,0.11764705882352941,0,17,11,0.5,
sf,10,4,laplace,100,standardized,1,ges,0.034,,,,19,,0.1875,0.17647058823529413,0,17,18,0.5,
sf,10,4,laplace,1000,standardized,1,poly_prox,0.2185,7.342381464205967e-06,1.744610677816807,1.130776533359477,17,,0.36363636363636365,0.23529411764705882,0,17,11,0.5,
sf,10,4,laplace,1000,standardized,1,poly_lbfgs,0.1835,1.7211963894337018e-08,2.1075095782428432,832.1802940408521,20,,0.25,0.17647058823529413,0,17,12,0.5,
sf,10,4,laplace,1000,standardized,1,notears,0.1471,2.759768946702934e-08,2.198799790131609,2331.476121356613,20,,0.25,0.17647058823529413,0,17,12,0.5,
sf,10,4,laplace,1000,standardized,1,sort,0.0004,0.0,3.892763461769063,,12,51,0.4444444444444444,0.47058823529411764,1,17,18,0.5,
sf,10,4,laplace,1000,standardized,1,pc,0.0185,,,,12,,1.0,0.35294117647058826,0,17,16,0.5,
sf,10,4,laplace,1000,standardized,1,ges,0.0555,,,,15,,0.3,0.35294117647058826,0,17,22,0.5,
sf,20,4,laplace,100,standardized,1,poly_prox,0.3985,6.0253028920780325e-06,2.8895980279316724,1.0029884477065252,35,370,0.38095238095238093,0.21621621621621623,1,37,21,0.5,
sf,20,4,laplace,100,standardized,1,poly_lbfgs,0.3064,4.434300591392706e-08,3.204397090766581,8968.788978041963,37,370,0.36363636363636365,0.21621621621621623,1,37,22,0.5,
sf,20,4,laplace,100,standardized,1,notears,0.2611,1.1091266571838787e-08,3.106870686112249,905.4262328733515,37,368,0.391304347826087,0.24324324324324326,1,37,23,0.5,
sf,20,4,laplace,100,standardized,1,sort,0.0005,0.0,6.920295573720345,,53,276,0.2807017543859649,0.43243243243243246,1,37,57,0.5,
sf,20,4,laplace,100,standardized,1,pc,0.0823,,,,35,,0.4444444444444444,0.10810810810810811,0,37,21,0.5,
sf,20,4,laplace,100,standardized,1,ges,0.4989,,,,26,189,0.5348837209302325,0.6216216216216216,1,37,43,0.5,
sf,20,4,laplace,1000,standardized,1,poly_prox,0.3997,6.619137390721993e-06,3.002043549488838,1.4598585310811658,37,368,0.3181818181818182,0.1891891891891892,1,37,22,0.5,
sf,20,4,laplace,1000,standardized,1,poly_lbfgs,0.3185,3.520115369318472e-08,3.3511356142044915,8639.52036363387,38,372,0.3157894736842105,0.16216216216216217,1,37,19,0.5,
sf,20,4,laplace,1000,standardized,1,notears,0.2604,3.096253919920855e-08,3.3616599795979685,4574.588806685522,37,371,0.35,0.1891891891891892,1,37,20,0.5,
sf,20,4,laplace,1000,standardized,1,sort,0.0015,0.0,6.24780297783342,,46,331,0.23404255319148937,0.2972972972972973,1,37,47,0.5,
sf,20,4,laplace,1000,standardized,1,pc,0.1942,,,,31,,0.4117647058823529,0.1891891891891892,0,37,23,0.5,
sf,20,4,laplace,1000,standardized,1,ges,0.527,,,,41,,0.3508771929824561,0.5405405405405406,0,37,59,0.5,
sf,5,4,laplace,100,standardized,2,poly_prox,0.1659,3.625014449856409e-06,1.1213666888799103,0.6672177354599325,6,19,0.25,0.14285714285714285,1,7,4,0.5,
sf,5,4,laplace,100,standardized,2,poly_lbfgs,0.1423,4.426797531262845e-09,1.0790248100196407,1.845395168748435,6,19,0.25,0.14285714285714285,1,7,4,0.5,
sf,5,4,laplace,100,standardized,2,notears,0.115,9.5943804012677e-09,1.0780260444468288,0.8807526788853632,6,19,0.25,0.14285714285714285,1,7,4,0.5,
sf,5,4,laplace,100,standardized,2,sort,0.0001,0.0,1.2774623264879428,,9,18,0.0,0.0,1,7,6,0.5,
sf,5,4,laplace,100,standardized,2,pc,0.0029,,,,7,,1.0,0.0,0,7,8,0.5,
sf,5,4,laplace,100,standardized,2,ges,0.0047,,,,8,,1.0,0.0,0,7,14,0.5,
sf,5,4,laplace,1000,standardized,2,poly_prox,0.1567,4.798213955458869e-06,1.1187196458347475,0.995170106772524,6,19,0.25,0.14285714285714285,1,7,4,0.5,
sf,5,4,laplace,1000,standardized,2,poly_lbfgs,0.1457,2.704629115860176e-09,1.0870725791725786,1.6402620712272313,6,19,0.25,0.14285714285714285,1,7,4,0.5,
sf,5,4,laplace,1000,standardized,2,notears,0.0985,9.666596412216677e-09,1.0769404328822343,0.9058534929097274,6,19,0.25,0.14285714285714285,1,7,4,0.5,
sf,5,4,laplace,1000,standardized,2,sort,0.0002,0.0,1.2440786085567117,,7,18,0.16666666666666666,0.14285714285714285,1,7,6,0.5,
sf,5,4,laplace,1000,standardized,2,pc,0.0024,,,,7,,1.0,0.0,0,7,12,0.5,
sf,5,4,laplace,1000,standardized,2,ges,0.0057,,,,8,,0.3333333333333333,0.14285714285714285,0,7,13,0.5,
sf,10,4,laplace,100,standardized,2,poly_prox,0.2162,4.938579458890774e-06,1.0634996173606455,0.5884000072454041,16,,0.4,0.23529411764705882,0,17,10,0.5,
sf,10,4,laplace,100,standardized,2,poly_lbfgs,0.1799,2.7617681870850168e-08,1.241310844419219,9673.958614774363,19,,0.3,0.17647058823529413,0,17,10,0.5,
sf,10,4,laplace,100,standardized,2,notears,0.156,4.022260746694428e-08,1.2745699699000501,5559.6558256370345,22,,0.18181818181818182,0.11764705882352941,0,17,11,0.5,
sf,10,4,laplace,100,standardized,2,sort,0.0002,0.0,2.670562544604526,,24,76,0.17391304347826086,0.23529411764705882,1,17,23,0.5,
sf,10,4,laplace,100,standardized,2,pc,0.0143,,,,15,,1.0,0.11764705882352941,0,17,14,0.5,
sf,10,4,laplace,100,standardized,2,ges,0.0361,,,,12,,0.5714285714285714,0.47058823529411764,0,17,20,0.5,
sf,10,4,laplace,1000,standardized,2,poly_prox,0.2174,6.518944360233325e-06,1.1347187322303742,1.2182784343042272,19,,0.23076923076923078,0.17647058823529413,0,17,13,0.5,
sf,10,4,laplace,1000,standardized,2,poly_lbfgs,0.1932,3.306120423002479e-08,1.3357737036252804,1987.0905751021662,20,,0.2727272727272727,0.17647058823529413,0,17,11,0.5,
sf,10,4,laplace,1000,standardized,2,notears,0.1369,2.9209626717374704e-08,1.387318640893854,4973.139207047346,18,,0.3,0.17647058823529413,0,17,10,0.5,
sf,10,4,laplace,1000,standardized,2,sort,0.0004,0.0,1.8491406555199592,,22,85,0.125,0.11764705882352941,1,17,16,0.5,
sf,10,4,laplace,1000,standardized,2,pc,0.0189,,,,10,,0.7,0.4117647058823529,0,17,16,0.5,
sf,10,4,laplace,1000,standardized,2,ges,0.0407,,,,8,,0.8181818181818182,0.5294117647058824,0,17,19,0.5,
sf,20,4,laplace,100,standardized,2,poly_prox,0.4008,7.129581634864899e-06,3.983576935360724,1.470497347012889,29,,0.4782608695652174,0.2972972972972973,0,37,23,0.5,
sf,20,4,laplace,100,standardized,2,poly_lbfgs,0.3054,6.680730529071208e-08,4.364843544004429,43172.117758665874,28,349,0.55,0.2972972972972973,1,37,20,0.5,
sf,20,4,laplace,100,standardized,2,notears,0.2615,2.0247988175015053e-08,4.146195314276602,3891.6293683130684,30,,0.5,0.2972972972972973,0,37,22,0.5,
sf,20,4,laplace,100,standardized,2,sort,0.0005,0.0,5.979786710524392,,37,259,0.38461538461538464,0.40540540540540543,1,37,39,0.5,
sf,20,4,laplace,100,standardized,2,pc,0.0769,,,,35,,0.38461538461538464,0.13513513513513514,0,37,23,0.5,
sf,20,4,laplace,100,standardized,2,ges,0.4115,,,,32,183,0.4375,0.5675675675675675,1,37,48,0.5,
sf,20,4,laplace,1000,standardized,2,poly_prox,0.3979,6.321234660653319e-06,4.04471507906614,1.3395449688839811,31,,0.44,0.2972972972972973,0,37,25,0.5,
sf,20,4,laplace,1000,standardized,2,poly_lbfgs,0.3067,3.9459183556908034e-08,4.309726243046166,20495.720944770623,30,332,0.47619047619047616,0.2702702702702703,1,37,21,0.5,
sf,20,4,laplace,1000,standardized,2,notears,0.2621,3.297131101476225e-08,4.287456173625554,4066.847512368481,32,,0.42857142857142855,0.24324324324324326,0,37,21,0.5,
sf,20,4,laplace,1000,standardized,2,sort,0.0015,0.0,5.513862174431062,,37,244,0.42857142857142855,0.40540540540540543,1,37,35,0.5,
sf,20,4,laplace,1000,standardized,2,pc,0.1751,,,,33,,0.5,0.1891891891891892,0,37,24,0.5,
sf,20,4,laplace,1000,standardized,2,ges,0.4924,,,,31,,0.42857142857142855,0.5675675675675675,0,37,53,0.5,
